anio,pais,codigo_pais,region,income_group,pct_personas_internet,suscripciones_celular,poblacion_total
2000,Afganistán,AFG,Asia meridional,Países de ingreso bajo,,0.0,19542982.0
2000,Albania,ALB,Europa y Asia central (excluido altos ingresos),Ingreso mediano alto,0.11,29791.0,3089027.0
2000,Alemania,DEU,,Ingreso alto,30.22,48202000.0,82211508.0
2000,Andorra,AND,,Ingreso alto,10.54,23543.0,66097.0
2000,Angola,AGO,África al sur del Sahara (excluido altos ingresos),Países de ingreso mediano bajo,0.11,25806.0,16394062.0
2000,Antigua y Barbuda,ATG,,Ingreso alto,6.48,22000.0,75055.0
2000,Arabia Saudita,SAU,,Ingreso alto,2.21,1375881.0,21547390.0
2000,Argelia,DZA,Oriente Medio y Norte de África (excluido altos ingresos),Países de ingreso mediano bajo,0.49,86000.0,30774621.0
2000,Argentina,ARG,América Latina y el Caribe (excluido altos ingresos),Ingreso mediano alto,7.04,6487950.0,37070774.0
2000,Armenia,ARM,Europa y Asia central (excluido altos ingresos),Ingreso mediano alto,1.3,17486.0,3168523.0
2000,Aruba,ABW,,Ingreso alto,15.44,15000.0,89101.0
2000,Australia,AUS,,Ingreso alto,46.76,8562000.0,19028802.0
2000,Austria,AUT,,Ingreso alto,33.73,6117000.0,8011566.0
2000,Azerbaiyán,AZE,Europa y Asia central (excluido altos ingresos),Ingreso mediano alto,0.15,420400.0,8048600.0
2000,Bahamas,BHS,,Ingreso alto,8.0,31524.0,325014.0
2000,Bahrein,BHR,,Ingreso alto,6.15,205727.0,711442.0
2000,Bangladesh,BGD,Asia meridional,Países de ingreso mediano bajo,0.07,279000.0,129193327.0
2000,Barbados,BRB,,Ingreso alto,3.97,28467.0,264657.0
2000,Belarús,BLR,Europa y Asia central (excluido altos ingresos),Ingreso mediano alto,1.86,49353.0,9979610.0
2000,Belice,BLZ,América Latina y el Caribe (excluido altos ingresos),Ingreso mediano alto,5.96,16812.0,240406.0
2000,Benin,BEN,África al sur del Sahara (excluido altos ingresos),Países de ingreso mediano bajo,0.23,55476.0,6998023.0
2000,Bermudas,BMU,,Ingreso alto,42.95,13000.0,61833.0
2000,Bhután,BTN,Asia meridional,Países de ingreso mediano bajo,0.4,0.0,587207.0
2000,Bolivia,BOL,América Latina y el Caribe (excluido altos ingresos),Países de ingreso mediano bajo,1.44,582620.0,8592656.0
2000,Bosnia y Herzegovina,BIH,Europa y Asia central (excluido altos ingresos),Ingreso mediano alto,1.08,93386.0,4179350.0
2000,Botswana,BWA,África al sur del Sahara (excluido altos ingresos),Ingreso mediano alto,2.9,222190.0,1726985.0
2000,Brasil,BRA,América Latina y el Caribe (excluido altos ingresos),Ingreso mediano alto,2.87,23188171.0,175873720.0
2000,Brunei Darussalam,BRN,,Ingreso alto,9.0,95000.0,333926.0
2000,Bulgaria,BGR,Europa y Asia central (excluido altos ingresos),Ingreso mediano alto,5.37,738000.0,8170172.0
2000,Burkina Faso,BFA,África al sur del Sahara (excluido altos ingresos),Países de ingreso bajo,0.08,25245.0,11882888.0
2000,Burundi,BDI,África al sur del Sahara (excluido altos ingresos),Países de ingreso bajo,0.08,16320.0,6307659.0
2000,Bélgica,BEL,,Ingreso alto,29.43,5629000.0,10251250.0
2000,Cabo Verde,CPV,África al sur del Sahara (excluido altos ingresos),Países de ingreso mediano bajo,1.82,19729.0,458251.0
2000,Camboya,KHM,Asia oriental y el Pacífico (excluido altos ingresos),Países de ingreso mediano bajo,0.05,130547.0,12118841.0
2000,Camerún,CMR,África al sur del Sahara (excluido altos ingresos),Países de ingreso mediano bajo,0.25,103279.0,15091594.0
2000,Canadá,CAN,,Ingreso alto,51.3,8727000.0,30685730.0
2000,Chad,TCD,África al sur del Sahara (excluido altos ingresos),Países de ingreso bajo,0.04,5500.0,8259137.0
2000,Chile,CHL,,Ingreso alto,16.6,3401525.0,15351799.0
2000,China,CHN,Asia oriental y el Pacífico (excluido altos ingresos),Ingreso mediano alto,1.78,85260000.0,1262645000.0
2000,Chipre,CYP,,Ingreso alto,15.26,218324.0,948237.0
2000,Colombia,COL,América Latina y el Caribe (excluido altos ingresos),Ingreso mediano alto,2.21,2256801.0,39215135.0
2000,Comoras,COM,África al sur del Sahara (excluido altos ingresos),Países de ingreso mediano bajo,0.27,0.0,536758.0
2000,"Congo, República Democrática del",COD,África al sur del Sahara (excluido altos ingresos),Países de ingreso bajo,0.01,15000.0,48616317.0
2000,"Congo, República del",COG,África al sur del Sahara (excluido altos ingresos),Países de ingreso mediano bajo,0.03,70000.0,3134030.0
2000,"Corea, República Popular Democrática de",PRK,Asia oriental y el Pacífico (excluido altos ingresos),Países de ingreso bajo,0.0,0.0,23367059.0
2000,"Corea, República de",KOR,,Ingreso alto,44.7,26816398.0,47008111.0
2000,Costa Rica,CRI,América Latina y el Caribe (excluido altos ingresos),Ingreso mediano alto,5.8,211614.0,3979193.0
2000,Croacia,HRV,,Ingreso alto,6.64,1033000.0,4468302.0
2000,Cuba,CUB,América Latina y el Caribe (excluido altos ingresos),Ingreso mediano alto,0.54,6536.0,11105791.0
2000,Curacao,CUW,,Ingreso alto,,,133860.0
2000,Côte d'Ivoire,CIV,África al sur del Sahara (excluido altos ingresos),Países de ingreso mediano bajo,0.23,472952.0,16799670.0
2000,Dinamarca,DNK,,Ingreso alto,39.17,3363552.0,5339616.0
2000,Djibouti,DJI,Oriente Medio y Norte de África (excluido altos ingresos),Países de ingreso mediano bajo,0.19,230.0,742033.0
2000,Dominica,DMA,América Latina y el Caribe (excluido altos ingresos),Ingreso mediano alto,8.81,1200.0,68346.0
2000,Ecuador,ECU,América Latina y el Caribe (excluido altos ingresos),Ingreso mediano alto,1.46,482213.0,12626507.0
2000,"Egipto, República Árabe de",EGY,Oriente Medio y Norte de África (excluido altos ingresos),Países de ingreso mediano bajo,0.64,1359900.0,71371371.0
2000,El Salvador,SLV,América Latina y el Caribe (excluido altos ingresos),Países de ingreso mediano bajo,1.18,743628.0,5958482.0
2000,Emiratos Árabes Unidos,ARE,,Ingreso alto,23.63,1428115.0,3275333.0
2000,Eritrea,ERI,África al sur del Sahara (excluido altos ingresos),Países de ingreso bajo,0.14,0.0,2392880.0
2000,Eslovenia,SVN,,Ingreso alto,15.11,1215601.0,1988925.0
2000,España,ESP,,Ingreso alto,13.62,24265059.0,40567864.0
2000,Estados Unidos,USA,,Ingreso alto,43.08,109478031.0,282162411.0
2000,Estonia,EST,,Ingreso alto,28.58,557000.0,1396985.0
2000,Eswatini,SWZ,África al sur del Sahara (excluido altos ingresos),Países de ingreso mediano bajo,0.93,33000.0,1030496.0
2000,Etiopía,ETH,África al sur del Sahara (excluido altos ingresos),Países de ingreso bajo,0.02,17757.0,67031867.0
2000,Federación de Rusia,RUS,Europa y Asia central (excluido altos ingresos),Ingreso mediano alto,1.98,3263200.0,146596869.0
2000,Fiji,FJI,Asia oriental y el Pacífico (excluido altos ingresos),Ingreso mediano alto,1.5,55057.0,832509.0
2000,Filipinas,PHL,Asia oriental y el Pacífico (excluido altos ingresos),Países de ingreso mediano bajo,1.98,6454359.0,77958223.0
2000,Finlandia,FIN,,Ingreso alto,37.25,3728625.0,5176209.0
2000,Francia,FRA,,Ingreso alto,14.31,29052360.0,60921384.0
2000,Gabón,GAB,África al sur del Sahara (excluido altos ingresos),Ingreso mediano alto,1.22,120000.0,1272935.0
2000,Gambia,GMB,África al sur del Sahara (excluido altos ingresos),Países de ingreso bajo,0.92,5600.0,1437539.0
2000,Georgia,GEO,Europa y Asia central (excluido altos ingresos),Ingreso mediano alto,0.48,194741.0,4077131.0
2000,Ghana,GHA,África al sur del Sahara (excluido altos ingresos),Países de ingreso mediano bajo,0.15,130045.0,19665502.0
2000,Gibraltar,GIB,,Ingreso alto,19.13,5558.0,27741.0
2000,Granada,GRD,América Latina y el Caribe (excluido altos ingresos),Ingreso mediano alto,4.06,4300.0,107432.0
2000,Grecia,GRC,,Ingreso alto,9.14,5932403.0,10805808.0
2000,Groenlandia,GRL,,Ingreso alto,31.75,15114.0,56200.0
2000,Guam,GUM,,Ingreso alto,16.11,27200.0,160188.0
2000,Guatemala,GTM,América Latina y el Caribe (excluido altos ingresos),Ingreso mediano alto,0.71,856831.0,11589761.0
2000,Guinea,GIN,África al sur del Sahara (excluido altos ingresos),Países de ingreso bajo,0.1,42112.0,8336967.0
2000,Guinea Ecuatorial,GNQ,África al sur del Sahara (excluido altos ingresos),Ingreso mediano alto,0.13,5000.0,684977.0
2000,Guinea-Bissau,GNB,África al sur del Sahara (excluido altos ingresos),Países de ingreso bajo,0.23,0.0,1230849.0
2000,Guyana,GUY,América Latina y el Caribe (excluido altos ingresos),Ingreso mediano alto,0.6,39830.0,759051.0
2000,Haití,HTI,América Latina y el Caribe (excluido altos ingresos),Países de ingreso mediano bajo,0.23,55000.0,8360225.0
2000,Honduras,HND,América Latina y el Caribe (excluido altos ingresos),Países de ingreso mediano bajo,1.2,155271.0,6656725.0
2000,"Hong Kong, Región Administrativa Especial",HKG,,Ingreso alto,27.83,5447346.0,6665000.0
2000,Hungría,HUN,,Ingreso alto,7.0,3076279.0,10210971.0
2000,India,IND,Asia meridional,Países de ingreso mediano bajo,0.53,3577095.0,1059633675.0
2000,Indonesia,IDN,Asia oriental y el Pacífico (excluido altos ingresos),Países de ingreso mediano bajo,0.93,3669327.0,214072421.0
2000,Iraq,IRQ,Oriente Medio y Norte de África (excluido altos ingresos),Ingreso mediano alto,,0.0,24628858.0
2000,Irlanda,IRL,,Ingreso alto,17.85,2461000.0,3805174.0
2000,"Irán, República Islámica del",IRN,Oriente Medio y Norte de África (excluido altos ingresos),Países de ingreso mediano bajo,0.93,962595.0,65544383.0
2000,Isla de Man,IMN,,Ingreso alto,,,75562.0
2000,Isla de San Martín (parte francesa),MAF,,Ingreso alto,,,29610.0
2000,Islandia,ISL,,Ingreso alto,44.47,214896.0,281205.0
2000,Islas Caimán,CYM,,Ingreso alto,,10700.0,39658.0
2000,Islas Feroe,FRO,,Ingreso alto,32.92,16971.0,45660.0
2000,Islas Marshall,MHL,Asia oriental y el Pacífico (excluido altos ingresos),Ingreso mediano alto,1.53,447.0,54224.0
2000,Islas Salomón,SLB,Asia oriental y el Pacífico (excluido altos ingresos),Países de ingreso mediano bajo,0.48,1151.0,429978.0
2000,Islas Turcas y Caicos,TCA,,Ingreso alto,,0.0,18744.0
2000,Islas Vírgenes (EE.UU.),VIR,,Ingreso alto,13.82,35000.0,108642.0
2000,Islas Vírgenes Británicas,VGB,,Ingreso alto,,,20104.0
2000,Islas del Canal,CHI,,Ingreso alto,,,145306.0
2000,Israel,ISR,,Ingreso alto,20.87,4400000.0,6289000.0
2000,Italia,ITA,,Ingreso alto,23.11,42246000.0,56942108.0
2000,Jamaica,JAM,América Latina y el Caribe (excluido altos ingresos),Ingreso mediano alto,3.12,366952.0,2612205.0
2000,Japón,JPN,,Ingreso alto,29.99,66784374.0,126843000.0
2000,Jordania,JOR,Oriente Medio y Norte de África (excluido altos ingresos),Ingreso mediano alto,2.62,388949.0,5056174.0
2000,Kazajstán,KAZ,Europa y Asia central (excluido altos ingresos),Ingreso mediano alto,0.67,197300.0,14883626.0
2000,Kenya,KEN,África al sur del Sahara (excluido altos ingresos),Países de ingreso mediano bajo,0.32,127404.0,30851606.0
2000,Kirguistán,KGZ,Europa y Asia central (excluido altos ingresos),Países de ingreso mediano bajo,1.04,9000.0,4898400.0
2000,Kiribati,KIR,Asia oriental y el Pacífico (excluido altos ingresos),Países de ingreso mediano bajo,1.79,300.0,88826.0
2000,Kosovo,XKX,Europa y Asia central (excluido altos ingresos),Ingreso mediano alto,,,1700000.0
2000,Kuwait,KWT,,Ingreso alto,6.73,476000.0,1934901.0
2000,Lesotho,LSO,África al sur del Sahara (excluido altos ingresos),Países de ingreso mediano bajo,0.21,21600.0,1998630.0
2000,Letonia,LVA,,Ingreso alto,6.32,401272.0,2367550.0
2000,Liberia,LBR,África al sur del Sahara (excluido altos ingresos),Países de ingreso bajo,0.02,1500.0,2895224.0
2000,Libia,LBY,Oriente Medio y Norte de África (excluido altos ingresos),Ingreso mediano alto,0.19,40000.0,5154790.0
2000,Liechtenstein,LIE,,Ingreso alto,36.52,10000.0,33026.0
2000,Lituania,LTU,,Ingreso alto,6.43,524000.0,3499536.0
2000,Luxemburgo,LUX,,Ingreso alto,22.89,303274.0,436300.0
2000,Líbano,LBN,Oriente Medio y Norte de África (excluido altos ingresos),Países de ingreso mediano bajo,7.95,743000.0,4320642.0
2000,Macedonia del Norte,MKD,Europa y Asia central (excluido altos ingresos),Ingreso mediano alto,2.49,115748.0,2026350.0
2000,Madagascar,MDG,África al sur del Sahara (excluido altos ingresos),Países de ingreso bajo,0.2,63094.0,16216431.0
2000,Malasia,MYS,Asia oriental y el Pacífico (excluido altos ingresos),Ingreso mediano alto,21.38,5121748.0,22945150.0
2000,Malawi,MWI,África al sur del Sahara (excluido altos ingresos),Países de ingreso bajo,0.13,49000.0,11229387.0
2000,Maldivas,MDV,Asia meridional,Ingreso mediano alto,2.2,7638.0,282507.0
2000,Malta,MLT,,Ingreso alto,13.11,114444.0,390087.0
2000,Malí,MLI,África al sur del Sahara (excluido altos ingresos),Países de ingreso bajo,0.14,10398.0,11239101.0
2000,Mariana,MNP,,Ingreso alto,,3000.0,80338.0
2000,Marruecos,MAR,Oriente Medio y Norte de África (excluido altos ingresos),Países de ingreso mediano bajo,0.69,2342000.0,28554415.0
2000,Mauricio,MUS,África al sur del Sahara (excluido altos ingresos),Ingreso mediano alto,7.28,180000.0,1186873.0
2000,Mauritania,MRT,África al sur del Sahara (excluido altos ingresos),Países de ingreso mediano bajo,0.19,15300.0,2695003.0
2000,Micronesia (Estados Federados de),FSM,Asia oriental y el Pacífico (excluido altos ingresos),Países de ingreso mediano bajo,3.73,0.0,111709.0
2000,Mongolia,MNG,Asia oriental y el Pacífico (excluido altos ingresos),Países de ingreso mediano bajo,1.26,154600.0,2450979.0
2000,Montenegro,MNE,Europa y Asia central (excluido altos ingresos),Ingreso mediano alto,,,604950.0
2000,Mozambique,MOZ,África al sur del Sahara (excluido altos ingresos),Países de ingreso bajo,0.11,51065.0,17768505.0
2000,Myanmar,MMR,Asia oriental y el Pacífico (excluido altos ingresos),Países de ingreso mediano bajo,,13397.0,45538332.0
2000,México,MEX,América Latina y el Caribe (excluido altos ingresos),Ingreso mediano alto,5.08,14077880.0,97873442.0
2000,Mónaco,MCO,,Ingreso alto,42.18,13927.0,32465.0
2000,Namibia,NAM,África al sur del Sahara (excluido altos ingresos),Ingreso mediano alto,1.64,82000.0,1819141.0
2000,Nauru,NRU,,Ingreso alto,,1200.0,10377.0
2000,Nepal,NPL,Asia meridional,Países de ingreso mediano bajo,0.2,10226.0,24559500.0
2000,Nicaragua,NIC,América Latina y el Caribe (excluido altos ingresos),Países de ingreso mediano bajo,0.98,90294.0,5123222.0
2000,Nigeria,NGA,África al sur del Sahara (excluido altos ingresos),Países de ingreso mediano bajo,0.06,30000.0,122851984.0
2000,Noruega,NOR,,Ingreso alto,52.0,3224000.0,4490967.0
2000,Nueva Caledonia,NCL,,Ingreso alto,13.94,49948.0,213230.0
2000,Nueva Zelandia,NZL,,Ingreso alto,47.38,1542000.0,3857700.0
2000,Níger,NER,África al sur del Sahara (excluido altos ingresos),Países de ingreso bajo,0.04,2056.0,11622665.0
2000,Omán,OMN,,Ingreso alto,3.52,162000.0,2344253.0
2000,Pakistán,PAK,Asia meridional,Países de ingreso mediano bajo,,306493.0,154369924.0
2000,Palau,PLW,Asia oriental y el Pacífico (excluido altos ingresos),Ingreso mediano alto,,,19726.0
2000,Panamá,PAN,,Ingreso alto,6.55,410401.0,3001731.0
2000,Papua Nueva Guinea,PNG,Asia oriental y el Pacífico (excluido altos ingresos),Países de ingreso mediano bajo,0.84,8560.0,5508297.0
2000,Paraguay,PRY,América Latina y el Caribe (excluido altos ingresos),Ingreso mediano alto,0.75,820810.0,5123819.0
2000,Países Bajos,NLD,,Ingreso alto,43.98,10755000.0,15925513.0
2000,Perú,PER,América Latina y el Caribe (excluido altos ingresos),Ingreso mediano alto,3.08,1273857.0,26654439.0
2000,Polinesia Francesa,PYF,,Ingreso alto,6.36,39900.0,250927.0
2000,Polonia,POL,,Ingreso alto,7.29,6747000.0,38258629.0
2000,Portugal,PRT,,Ingreso alto,16.43,6664951.0,10289898.0
2000,Puerto Rico,PRI,,Ingreso alto,10.47,1318099.0,3810605.0
2000,Qatar,QAT,,Ingreso alto,4.86,120856.0,645937.0
2000,"Región Administrativa Especial de Macao, China",MAC,,Ingreso alto,13.61,141052.0,431896.0
2000,Reino Unido,GBR,,Ingreso alto,26.82,43452000.0,58892514.0
2000,República Centroafricana,CAF,África al sur del Sahara (excluido altos ingresos),Países de ingreso bajo,0.05,4967.0,3759170.0
2000,República Checa,CZE,,Ingreso alto,9.78,4346009.0,10255063.0
2000,República Democrática Popular Lao,LAO,Asia oriental y el Pacífico (excluido altos ingresos),Países de ingreso mediano bajo,0.11,12681.0,5430853.0
2000,República Dominicana,DOM,América Latina y el Caribe (excluido altos ingresos),Ingreso mediano alto,3.7,705431.0,8540791.0
2000,República Eslovaca,SVK,,Ingreso alto,9.43,1243736.0,5388720.0
2000,República de Moldova,MDA,Europa y Asia central (excluido altos ingresos),Ingreso mediano alto,1.28,139000.0,2924668.0
2000,República Árabe Siria,SYR,Oriente Medio y Norte de África (excluido altos ingresos),Países de ingreso bajo,0.18,30000.0,16307654.0
2000,Ribera Occidental y Gaza,PSE,Oriente Medio y Norte de África (excluido altos ingresos),Países de ingreso mediano bajo,1.11,7076.0,2922153.0
2000,Rumania,ROU,,Ingreso alto,3.61,2499000.0,22442971.0
2000,Rwanda,RWA,África al sur del Sahara (excluido altos ingresos),Países de ingreso bajo,0.06,39000.0,8109989.0
2000,Saint Kitts y Nevis,KNA,,Ingreso alto,5.86,1200.0,45461.0
2000,Samoa,WSM,Asia oriental y el Pacífico (excluido altos ingresos),Países de ingreso mediano bajo,0.57,2500.0,184008.0
2000,Samoa Americana,ASM,Asia oriental y el Pacífico (excluido altos ingresos),Ingreso mediano alto,,1992.0,58230.0
2000,San Marino,SMR,,Ingreso alto,48.8,14503.0,26823.0
2000,San Vicente y las Granadinas,VCT,América Latina y el Caribe (excluido altos ingresos),Ingreso mediano alto,3.25,2361.0,113813.0
2000,Santa Lucía,LCA,América Latina y el Caribe (excluido altos ingresos),Ingreso mediano alto,5.09,2500.0,159500.0
2000,Santo Tomé y Príncipe,STP,África al sur del Sahara (excluido altos ingresos),Países de ingreso mediano bajo,4.64,0.0,143714.0
2000,Senegal,SEN,África al sur del Sahara (excluido altos ingresos),Países de ingreso mediano bajo,0.4,250251.0,9704287.0
2000,Serbia,SRB,Europa y Asia central (excluido altos ingresos),Ingreso mediano alto,,,7516346.0
2000,Seychelles,SYC,,Ingreso alto,7.4,25961.0,81131.0
2000,Sierra Leona,SLE,África al sur del Sahara (excluido altos ingresos),Países de ingreso bajo,0.12,11940.0,4584067.0
2000,Singapur,SGP,,Ingreso alto,36.0,2747400.0,4027887.0
2000,Sint Maarten (Dutch part),SXM,,Ingreso alto,,,30519.0
2000,Somalia,SOM,África al sur del Sahara (excluido altos ingresos),Países de ingreso bajo,0.02,80000.0,8721465.0
2000,Sri Lanka,LKA,Asia meridional,Países de ingreso mediano bajo,0.65,430202.0,18777606.0
2000,Sudáfrica,ZAF,África al sur del Sahara (excluido altos ingresos),Ingreso mediano alto,5.35,8339000.0,46813266.0
2000,Sudán,SDN,África al sur del Sahara (excluido altos ingresos),Países de ingreso bajo,0.03,23000.0,26298773.0
2000,Sudán del Sur,SSD,África al sur del Sahara (excluido altos ingresos),Países de ingreso bajo,,,6114440.0
2000,Suecia,SWE,,Ingreso alto,45.69,6372300.0,8872109.0
2000,Suiza,CHE,,Ingreso alto,47.1,4638519.0,7184250.0
2000,Suriname,SUR,América Latina y el Caribe (excluido altos ingresos),Ingreso mediano alto,2.51,41048.0,478998.0
2000,Tailandia,THA,Asia oriental y el Pacífico (excluido altos ingresos),Ingreso mediano alto,3.69,3056000.0,63066603.0
2000,Tanzanía,TZA,África al sur del Sahara (excluido altos ingresos),Países de ingreso mediano bajo,0.12,110518.0,34463704.0
2000,Tayikistán,TJK,Europa y Asia central (excluido altos ingresos),Países de ingreso mediano bajo,0.05,1160.0,6272998.0
2000,Timor-Leste,TLS,Asia oriental y el Pacífico (excluido altos ingresos),Países de ingreso mediano bajo,,,878360.0
2000,Togo,TGO,África al sur del Sahara (excluido altos ingresos),Países de ingreso bajo,0.8,50000.0,5008035.0
2000,Tonga,TON,Asia oriental y el Pacífico (excluido altos ingresos),Ingreso mediano alto,2.43,180.0,102603.0
2000,Trinidad y Tobago,TTO,,Ingreso alto,7.72,161860.0,1332203.0
2000,Turkmenistán,TKM,Europa y Asia central (excluido altos ingresos),Ingreso mediano alto,0.13,7500.0,4569132.0
2000,Turquía,TUR,Europa y Asia central (excluido altos ingresos),Ingreso mediano alto,3.76,16133405.0,64113547.0
2000,Tuvalu,TUV,Asia oriental y el Pacífico (excluido altos ingresos),Ingreso mediano alto,5.24,0.0,9638.0
2000,Túnez,TUN,Oriente Medio y Norte de África (excluido altos ingresos),Países de ingreso mediano bajo,2.75,119165.0,9893316.0
2000,Ucrania,UKR,Europa y Asia central (excluido altos ingresos),Países de ingreso mediano bajo,0.72,818524.0,49176500.0
2000,Uganda,UGA,África al sur del Sahara (excluido altos ingresos),Países de ingreso bajo,0.16,126913.0,24020697.0
2000,Uruguay,URY,,Ingreso alto,10.54,410787.0,3292224.0
2000,Uzbekistán,UZB,Europa y Asia central (excluido altos ingresos),Países de ingreso mediano bajo,0.48,53128.0,24650400.0
2000,Vanuatu,VUT,Asia oriental y el Pacífico (excluido altos ingresos),Países de ingreso mediano bajo,2.11,365.0,192074.0
2000,Venezuela,VEN,,No clasificado,3.36,5447172.0,24427729.0
2000,Viet Nam,VNM,Asia oriental y el Pacífico (excluido altos ingresos),Países de ingreso mediano bajo,0.25,788559.0,79001142.0
2000,"Yemen, Rep. del",YEM,Oriente Medio y Norte de África (excluido altos ingresos),Países de ingreso bajo,0.08,32042.0,18628700.0
2000,Zambia,ZMB,África al sur del Sahara (excluido altos ingresos),Países de ingreso bajo,0.19,98853.0,9891136.0
2000,Zimbabwe,ZWE,África al sur del Sahara (excluido altos ingresos),Países de ingreso mediano bajo,0.4,266441.0,11834676.0
2001,Afganistán,AFG,Asia meridional,Países de ingreso bajo,0.0,0.0,19688632.0
2001,Albania,ALB,Europa y Asia central (excluido altos ingresos),Ingreso mediano alto,0.33,392650.0,3060173.0
2001,Alemania,DEU,,Ingreso alto,31.65,56126000.0,82349925.0
2001,Andorra,AND,,Ingreso alto,,29429.0,67820.0
2001,Angola,AGO,África al sur del Sahara (excluido altos ingresos),Países de ingreso mediano bajo,0.14,75000.0,16941587.0
2001,Antigua y Barbuda,ATG,,Ingreso alto,8.9,25000.0,76215.0
2001,Arabia Saudita,SAU,,Ingreso alto,4.68,2528640.0,22085929.0
2001,Argelia,DZA,Oriente Medio y Norte de África (excluido altos ingresos),Países de ingreso mediano bajo,0.65,100000.0,31200985.0
2001,Argentina,ARG,América Latina y el Caribe (excluido altos ingresos),Ingreso mediano alto,9.78,6741791.0,37480493.0
2001,Armenia,ARM,Europa y Asia central (excluido altos ingresos),Ingreso mediano alto,1.63,25504.0,3133133.0
2001,Aruba,ABW,,Ingreso alto,17.1,53000.0,90691.0
2001,Australia,AUS,,Ingreso alto,52.69,11132000.0,19274701.0
2001,Austria,AUT,,Ingreso alto,39.19,6541000.0,8042293.0
2001,Azerbaiyán,AZE,Europa y Asia central (excluido altos ingresos),Ingreso mediano alto,0.31,730000.0,8111200.0
2001,Bahamas,BHS,,Ingreso alto,11.8,60555.0,329626.0
2001,Bahrein,BHR,,Ingreso alto,15.04,299587.0,730257.0
2001,Bangladesh,BGD,Asia meridional,Países de ingreso mediano bajo,0.13,520000.0,131670484.0
2001,Barbados,BRB,,Ingreso alto,11.94,53111.0,265377.0
2001,Belarús,BLR,Europa y Asia central (excluido altos ingresos),Ingreso mediano alto,4.3,138329.0,9928549.0
2001,Belice,BLZ,América Latina y el Caribe (excluido altos ingresos),Ingreso mediano alto,,39155.0,248100.0
2001,Benin,BEN,África al sur del Sahara (excluido altos ingresos),Países de ingreso mediano bajo,0.36,125000.0,7212041.0
2001,Bermudas,BMU,,Ingreso alto,47.51,13333.0,62504.0
2001,Bhután,BTN,Asia meridional,Países de ingreso mediano bajo,0.86,0.0,603234.0
2001,Bolivia,BOL,América Latina y el Caribe (excluido altos ingresos),Países de ingreso mediano bajo,2.12,779917.0,8746084.0
2001,Bosnia y Herzegovina,BIH,Europa y Asia central (excluido altos ingresos),Ingreso mediano alto,1.2,444711.0,4194932.0
2001,Botswana,BWA,África al sur del Sahara (excluido altos ingresos),Ingreso mediano alto,3.43,332264.0,1761930.0
2001,Brasil,BRA,América Latina y el Caribe (excluido altos ingresos),Ingreso mediano alto,4.53,28745769.0,178211881.0
2001,Brunei Darussalam,BRN,,Ingreso alto,12.92,143004.0,340748.0
2001,Bulgaria,BGR,Europa y Asia central (excluido altos ingresos),Ingreso mediano alto,7.61,1550000.0,8009142.0
2001,Burkina Faso,BFA,África al sur del Sahara (excluido altos ingresos),Países de ingreso bajo,0.16,76186.0,12249764.0
2001,Burundi,BDI,África al sur del Sahara (excluido altos ingresos),Países de ingreso bajo,0.11,33416.0,6465729.0
2001,Bélgica,BEL,,Ingreso alto,31.29,7697000.0,10286570.0
2001,Cabo Verde,CPV,África al sur del Sahara (excluido altos ingresos),Países de ingreso mediano bajo,2.69,31507.0,465958.0
2001,Camboya,KHM,Asia oriental y el Pacífico (excluido altos ingresos),Países de ingreso mediano bajo,0.08,223458.0,12338192.0
2001,Camerún,CMR,África al sur del Sahara (excluido altos ingresos),Países de ingreso mediano bajo,0.28,417295.0,15493253.0
2001,Canadá,CAN,,Ingreso alto,60.2,10649000.0,31020902.0
2001,Chad,TCD,África al sur del Sahara (excluido altos ingresos),Países de ingreso bajo,0.05,22000.0,8538804.0
2001,Chile,CHL,,Ingreso alto,19.1,5100783.0,15523978.0
2001,China,CHN,Asia oriental y el Pacífico (excluido altos ingresos),Ingreso mediano alto,2.64,144820000.0,1271850000.0
2001,Chipre,CYP,,Ingreso alto,18.82,314355.0,964830.0
2001,Colombia,COL,América Latina y el Caribe (excluido altos ingresos),Ingreso mediano alto,2.85,3265261.0,39837875.0
2001,Comoras,COM,África al sur del Sahara (excluido altos ingresos),Países de ingreso mediano bajo,0.44,0.0,547741.0
2001,"Congo, República Democrática del",COD,África al sur del Sahara (excluido altos ingresos),Países de ingreso bajo,0.01,150000.0,50106657.0
2001,"Congo, República del",COG,África al sur del Sahara (excluido altos ingresos),Países de ingreso mediano bajo,0.03,150000.0,3254101.0
2001,"Corea, República Popular Democrática de",PRK,Asia oriental y el Pacífico (excluido altos ingresos),Países de ingreso bajo,0.0,0.0,23512522.0
2001,"Corea, República de",KOR,,Ingreso alto,56.6,29045596.0,47370164.0
2001,Costa Rica,CRI,América Latina y el Caribe (excluido altos ingresos),Ingreso mediano alto,9.56,326944.0,4053222.0
2001,Croacia,HRV,,Ingreso alto,11.56,1755000.0,4299642.0
2001,Cuba,CUB,América Latina y el Caribe (excluido altos ingresos),Ingreso mediano alto,1.08,8579.0,11139127.0
2001,Curacao,CUW,,Ingreso alto,,,129047.0
2001,Côte d'Ivoire,CIV,África al sur del Sahara (excluido altos ingresos),Países de ingreso mediano bajo,0.4,728545.0,17245468.0
2001,Dinamarca,DNK,,Ingreso alto,42.96,3960165.0,5358783.0
2001,Djibouti,DJI,Oriente Medio y Norte de África (excluido altos ingresos),Países de ingreso mediano bajo,0.34,3000.0,765490.0
2001,Dominica,DMA,América Latina y el Caribe (excluido altos ingresos),Ingreso mediano alto,13.25,7710.0,68153.0
2001,Ecuador,ECU,América Latina y el Caribe (excluido altos ingresos),Ingreso mediano alto,2.67,859152.0,12845521.0
2001,"Egipto, República Árabe de",EGY,Oriente Medio y Norte de África (excluido altos ingresos),Países de ingreso mediano bajo,0.84,2793800.0,72854261.0
2001,El Salvador,SLV,América Latina y el Caribe (excluido altos ingresos),Países de ingreso mediano bajo,1.5,857782.0,5988095.0
2001,Emiratos Árabes Unidos,ARE,,Ingreso alto,26.27,1909303.0,3454198.0
2001,Eritrea,ERI,África al sur del Sahara (excluido altos ingresos),Países de ingreso bajo,0.16,0.0,2461927.0
2001,Eslovenia,SVN,,Ingreso alto,30.18,1470085.0,1992060.0
2001,España,ESP,,Ingreso alto,18.15,29655729.0,40850412.0
2001,Estados Unidos,USA,,Ingreso alto,49.08,128500000.0,284968955.0
2001,Estonia,EST,,Ingreso alto,31.53,651200.0,1388115.0
2001,Eswatini,SWZ,África al sur del Sahara (excluido altos ingresos),Países de ingreso mediano bajo,1.28,55000.0,1041396.0
2001,Etiopía,ETH,África al sur del Sahara (excluido altos ingresos),Países de ingreso bajo,0.04,27500.0,69018932.0
2001,Federación de Rusia,RUS,Europa y Asia central (excluido altos ingresos),Ingreso mediano alto,2.94,7750499.0,145976482.0
2001,Fiji,FJI,Asia oriental y el Pacífico (excluido altos ingresos),Ingreso mediano alto,1.86,80933.0,841320.0
2001,Filipinas,PHL,Asia oriental y el Pacífico (excluido altos ingresos),Países de ingreso mediano bajo,2.52,12159163.0,79626086.0
2001,Finlandia,FIN,,Ingreso alto,43.11,4175587.0,5188008.0
2001,Francia,FRA,,Ingreso alto,26.33,36997400.0,61367388.0
2001,Gabón,GAB,África al sur del Sahara (excluido altos ingresos),Ingreso mediano alto,1.35,150000.0,1306590.0
2001,Gambia,GMB,África al sur del Sahara (excluido altos ingresos),Países de ingreso bajo,1.34,55085.0,1479449.0
2001,Georgia,GEO,Europa y Asia central (excluido altos ingresos),Ingreso mediano alto,0.99,301327.0,4014373.0
2001,Ghana,GHA,África al sur del Sahara (excluido altos ingresos),Países de ingreso mediano bajo,0.2,243797.0,20195577.0
2001,Gibraltar,GIB,,Ingreso alto,21.17,9797.0,27721.0
2001,Granada,GRD,América Latina y el Caribe (excluido altos ingresos),Ingreso mediano alto,5.13,6414.0,107936.0
2001,Grecia,GRC,,Ingreso alto,10.94,7963742.0,10862132.0
2001,Groenlandia,GRL,,Ingreso alto,35.46,15882.0,56350.0
2001,Guam,GUM,,Ingreso alto,25.38,32600.0,161524.0
2001,Guatemala,GTM,América Latina y el Caribe (excluido altos ingresos),Ingreso mediano alto,1.74,1146441.0,11871565.0
2001,Guinea,GIN,África al sur del Sahara (excluido altos ingresos),Países de ingreso bajo,0.18,55670.0,8445717.0
2001,Guinea Ecuatorial,GNQ,África al sur del Sahara (excluido altos ingresos),Ingreso mediano alto,0.17,15000.0,719270.0
2001,Guinea-Bissau,GNB,África al sur del Sahara (excluido altos ingresos),Países de ingreso bajo,0.3,0.0,1257380.0
2001,Guyana,GUY,América Latina y el Caribe (excluido altos ingresos),Ingreso mediano alto,1.0,75320.0,759809.0
2001,Haití,HTI,América Latina y el Caribe (excluido altos ingresos),Países de ingreso mediano bajo,0.34,91500.0,8511728.0
2001,Honduras,HND,América Latina y el Caribe (excluido altos ingresos),Países de ingreso mediano bajo,1.42,237629.0,6837861.0
2001,"Hong Kong, Región Administrativa Especial",HKG,,Ingreso alto,38.67,5776360.0,6714300.0
2001,Hungría,HUN,,Ingreso alto,14.53,4967430.0,10187576.0
2001,India,IND,Asia meridional,Países de ingreso mediano bajo,0.66,6540000.0,1078970907.0
2001,Indonesia,IDN,Asia oriental y el Pacífico (excluido altos ingresos),Países de ingreso mediano bajo,2.02,6520947.0,217112437.0
2001,Iraq,IRQ,Oriente Medio y Norte de África (excluido altos ingresos),Ingreso mediano alto,0.1,0.0,25425663.0
2001,Irlanda,IRL,,Ingreso alto,23.14,2970000.0,3866243.0
2001,"Irán, República Islámica del",IRN,Oriente Medio y Norte de África (excluido altos ingresos),Países de ingreso mediano bajo,1.48,2087353.0,66674851.0
2001,Isla de Man,IMN,,Ingreso alto,,,76398.0
2001,Isla de San Martín (parte francesa),MAF,,Ingreso alto,,,30387.0
2001,Islandia,ISL,,Ingreso alto,49.39,248131.0,284968.0
2001,Islas Caimán,CYM,,Ingreso alto,,17000.0,41054.0
2001,Islas Feroe,FRO,,Ingreso alto,43.25,24487.0,46245.0
2001,Islas Marshall,MHL,Asia oriental y el Pacífico (excluido altos ingresos),Ingreso mediano alto,1.71,489.0,54413.0
2001,Islas Salomón,SLB,Asia oriental y el Pacífico (excluido altos ingresos),Países de ingreso mediano bajo,0.47,967.0,440395.0
2001,Islas Turcas y Caicos,TCA,,Ingreso alto,,0.0,19578.0
2001,Islas Vírgenes (EE.UU.),VIR,,Ingreso alto,18.38,41000.0,108549.0
2001,Islas Vírgenes Británicas,VGB,,Ingreso alto,,,20657.0
2001,Islas del Canal,CHI,,Ingreso alto,,,146044.0
2001,Israel,ISR,,Ingreso alto,17.38,5500621.0,6439000.0
2001,Italia,ITA,,Ingreso alto,27.22,51246000.0,56974100.0
2001,Jamaica,JAM,América Latina y el Caribe (excluido altos ingresos),Ingreso mediano alto,3.86,597826.0,2625405.0
2001,Japón,JPN,,Ingreso alto,38.53,74819158.0,127149000.0
2001,Jordania,JOR,Oriente Medio y Norte de África (excluido altos ingresos),Ingreso mediano alto,4.71,865627.0,5163310.0
2001,Kazajstán,KAZ,Europa y Asia central (excluido altos ingresos),Ingreso mediano alto,1.01,582000.0,14858335.0
2001,Kenya,KEN,África al sur del Sahara (excluido altos ingresos),Países de ingreso mediano bajo,0.62,600000.0,31800343.0
2001,Kirguistán,KGZ,Europa y Asia central (excluido altos ingresos),Países de ingreso mediano bajo,3.0,27000.0,4945100.0
2001,Kiribati,KIR,Asia oriental y el Pacífico (excluido altos ingresos),Países de ingreso mediano bajo,2.34,395.0,90531.0
2001,Kosovo,XKX,Europa y Asia central (excluido altos ingresos),Ingreso mediano alto,,,1701154.0
2001,Kuwait,KWT,,Ingreso alto,8.55,877920.0,1991674.0
2001,Lesotho,LSO,África al sur del Sahara (excluido altos ingresos),Países de ingreso mediano bajo,0.26,57000.0,1999473.0
2001,Letonia,LVA,,Ingreso alto,7.22,656835.0,2337170.0
2001,Liberia,LBR,África al sur del Sahara (excluido altos ingresos),Países de ingreso bajo,0.03,2000.0,2981648.0
2001,Libia,LBY,Oriente Medio y Norte de África (excluido altos ingresos),Ingreso mediano alto,0.37,50000.0,5275916.0
2001,Liechtenstein,LIE,,Ingreso alto,45.12,11000.0,33376.0
2001,Lituania,LTU,,Ingreso alto,7.18,1017999.0,3470818.0
2001,Luxemburgo,LUX,,Ingreso alto,36.16,409064.0,441525.0
2001,Líbano,LBN,Oriente Medio y Norte de África (excluido altos ingresos),Países de ingreso mediano bajo,6.78,766754.0,4389200.0
2001,Macedonia del Norte,MKD,Europa y Asia central (excluido altos ingresos),Ingreso mediano alto,3.47,223275.0,2034882.0
2001,Madagascar,MDG,África al sur del Sahara (excluido altos ingresos),Países de ingreso bajo,0.22,147500.0,16709665.0
2001,Malasia,MYS,Asia oriental y el Pacífico (excluido altos ingresos),Ingreso mediano alto,26.7,7385000.0,23542517.0
2001,Malawi,MWI,África al sur del Sahara (excluido altos ingresos),Países de ingreso bajo,0.16,55730.0,11498818.0
2001,Maldivas,MDV,Asia meridional,Ingreso mediano alto,3.62,18894.0,287324.0
2001,Malta,MLT,,Ingreso alto,17.88,239416.0,393028.0
2001,Malí,MLI,África al sur del Sahara (excluido altos ingresos),Países de ingreso bajo,0.19,23997.0,11583824.0
2001,Mariana,MNP,,Ingreso alto,,13200.0,79479.0
2001,Marruecos,MAR,Oriente Medio y Norte de África (excluido altos ingresos),Países de ingreso mediano bajo,1.37,4771739.0,28930097.0
2001,Mauricio,MUS,África al sur del Sahara (excluido altos ingresos),Ingreso mediano alto,8.78,272416.0,1196287.0
2001,Mauritania,MRT,África al sur del Sahara (excluido altos ingresos),Países de ingreso mediano bajo,0.26,110463.0,2761823.0
2001,Micronesia (Estados Federados de),FSM,Asia oriental y el Pacífico (excluido altos ingresos),Países de ingreso mediano bajo,4.66,0.0,111948.0
2001,Mongolia,MNG,Asia oriental y el Pacífico (excluido altos ingresos),Países de ingreso mediano bajo,1.65,195000.0,2472601.0
2001,Montenegro,MNE,Europa y Asia central (excluido altos ingresos),Ingreso mediano alto,,,607389.0
2001,Mozambique,MOZ,África al sur del Sahara (excluido altos ingresos),Países de ingreso bajo,0.16,152652.0,18220716.0
2001,Myanmar,MMR,Asia oriental y el Pacífico (excluido altos ingresos),Países de ingreso mediano bajo,0.0,22671.0,46014826.0
2001,México,MEX,América Latina y el Caribe (excluido altos ingresos),Ingreso mediano alto,7.04,21757559.0,99394288.0
2001,Mónaco,MCO,,Ingreso alto,46.65,14302.0,32444.0
2001,Namibia,NAM,África al sur del Sahara (excluido altos ingresos),Ingreso mediano alto,2.42,106600.0,1856402.0
2001,Nauru,NRU,,Ingreso alto,2.99,1500.0,10363.0
2001,Nepal,NPL,Asia meridional,Países de ingreso mediano bajo,0.24,17286.0,24956071.0
2001,Nicaragua,NIC,América Latina y el Caribe (excluido altos ingresos),Países de ingreso mediano bajo,1.45,164509.0,5192764.0
2001,Nigeria,NGA,África al sur del Sahara (excluido altos ingresos),Países de ingreso mediano bajo,0.09,266461.0,126152678.0
2001,Noruega,NOR,,Ingreso alto,64.0,3593000.0,4513751.0
2001,Nueva Caledonia,NCL,,Ingreso alto,18.24,67917.0,217324.0
2001,Nueva Zelandia,NZL,,Ingreso alto,53.24,2288000.0,3880500.0
2001,Níger,NER,África al sur del Sahara (excluido altos ingresos),Países de ingreso bajo,0.11,2126.0,12031430.0
2001,Omán,OMN,,Ingreso alto,5.89,323000.0,2374653.0
2001,Pakistán,PAK,Asia meridional,Países de ingreso mediano bajo,1.32,742606.0,159217727.0
2001,Palau,PLW,Asia oriental y el Pacífico (excluido altos ingresos),Ingreso mediano alto,,,19828.0
2001,Panamá,PAN,,Ingreso alto,7.27,475141.0,3061024.0
2001,Papua Nueva Guinea,PNG,Asia oriental y el Pacífico (excluido altos ingresos),Países de ingreso mediano bajo,0.9,10700.0,5698489.0
2001,Paraguay,PRY,América Latina y el Caribe (excluido altos ingresos),Ingreso mediano alto,1.1,1150000.0,5211541.0
2001,Países Bajos,NLD,,Ingreso alto,49.37,12200000.0,16046180.0
2001,Perú,PER,América Latina y el Caribe (excluido altos ingresos),Ingreso mediano alto,7.58,1793284.0,27014909.0
2001,Polinesia Francesa,PYF,,Ingreso alto,6.25,67300.0,255049.0
2001,Polonia,POL,,Ingreso alto,9.9,10004661.0,38248076.0
2001,Portugal,PRT,,Ingreso alto,18.09,7977537.0,10362722.0
2001,Puerto Rico,PRI,,Ingreso alto,15.63,1628161.0,3818774.0
2001,Qatar,QAT,,Ingreso alto,6.17,177929.0,678831.0
2001,"Región Administrativa Especial de Macao, China",MAC,,Ingreso alto,22.52,194475.0,439122.0
2001,Reino Unido,GBR,,Ingreso alto,33.48,46283000.0,59119673.0
2001,República Centroafricana,CAF,África al sur del Sahara (excluido altos ingresos),Países de ingreso bajo,0.08,11000.0,3844773.0
2001,República Checa,CZE,,Ingreso alto,14.7,6947151.0,10216605.0
2001,República Democrática Popular Lao,LAO,Asia oriental y el Pacífico (excluido altos ingresos),Países de ingreso mediano bajo,0.18,29545.0,5519707.0
2001,República Dominicana,DOM,América Latina y el Caribe (excluido altos ingresos),Ingreso mediano alto,4.43,1270082.0,8669040.0
2001,República Eslovaca,SVK,,Ingreso alto,12.53,2147331.0,5378867.0
2001,República de Moldova,MDA,Europa y Asia central (excluido altos ingresos),Ingreso mediano alto,1.49,225000.0,2918135.0
2001,República Árabe Siria,SYR,Oriente Medio y Norte de África (excluido altos ingresos),Países de ingreso bajo,0.35,200000.0,16727948.0
2001,Ribera Occidental y Gaza,PSE,Oriente Medio y Norte de África (excluido altos ingresos),Países de ingreso mediano bajo,1.84,175941.0,2997784.0
2001,Rumania,ROU,,Ingreso alto,4.54,3845116.0,22131970.0
2001,Rwanda,RWA,África al sur del Sahara (excluido altos ingresos),Países de ingreso bajo,0.24,65000.0,8223941.0
2001,Saint Kitts y Nevis,KNA,,Ingreso alto,7.71,2100.0,45986.0
2001,Samoa,WSM,Asia oriental y el Pacífico (excluido altos ingresos),Países de ingreso mediano bajo,1.69,2500.0,185530.0
2001,Samoa Americana,ASM,Asia oriental y el Pacífico (excluido altos ingresos),Ingreso mediano alto,,2156.0,58324.0
2001,San Marino,SMR,,Ingreso alto,50.34,15854.0,27335.0
2001,San Vicente y las Granadinas,VCT,América Latina y el Caribe (excluido altos ingresos),Ingreso mediano alto,5.09,7492.0,113641.0
2001,Santa Lucía,LCA,América Latina y el Caribe (excluido altos ingresos),Ingreso mediano alto,8.18,2700.0,160594.0
2001,Santo Tomé y Príncipe,STP,África al sur del Sahara (excluido altos ingresos),Países de ingreso mediano bajo,6.31,0.0,146258.0
2001,Senegal,SEN,África al sur del Sahara (excluido altos ingresos),Países de ingreso mediano bajo,0.98,301811.0,9938027.0
2001,Serbia,SRB,Europa y Asia central (excluido altos ingresos),Ingreso mediano alto,,,7503433.0
2001,Seychelles,SYC,,Ingreso alto,11.02,36683.0,81202.0
2001,Sierra Leona,SLE,África al sur del Sahara (excluido altos ingresos),Países de ingreso bajo,0.16,26895.0,4857096.0
2001,Singapur,SGP,,Ingreso alto,41.67,2991600.0,4138012.0
2001,Sint Maarten (Dutch part),SXM,,Ingreso alto,,,30600.0
2001,Somalia,SOM,África al sur del Sahara (excluido altos ingresos),Países de ingreso bajo,0.08,85000.0,9070747.0
2001,Sri Lanka,LKA,Asia meridional,Países de ingreso mediano bajo,0.79,667662.0,18911727.0
2001,Sudáfrica,ZAF,África al sur del Sahara (excluido altos ingresos),Ingreso mediano alto,6.35,10787000.0,47229714.0
2001,Sudán,SDN,África al sur del Sahara (excluido altos ingresos),Países de ingreso bajo,0.14,103846.0,26947253.0
2001,Sudán del Sur,SSD,África al sur del Sahara (excluido altos ingresos),Países de ingreso bajo,,,6394431.0
2001,Suecia,SWE,,Ingreso alto,51.77,7178000.0,8895960.0
2001,Suiza,CHE,,Ingreso alto,55.1,5275791.0,7229854.0
2001,Suriname,SUR,América Latina y el Caribe (excluido altos ingresos),Ingreso mediano alto,3.06,87000.0,487394.0
2001,Tailandia,THA,Asia oriental y el Pacífico (excluido altos ingresos),Ingreso mediano alto,5.56,7550000.0,63649892.0
2001,Tanzanía,TZA,África al sur del Sahara (excluido altos ingresos),Países de ingreso mediano bajo,0.17,275560.0,35414469.0
2001,Tayikistán,TJK,Europa y Asia central (excluido altos ingresos),Países de ingreso mediano bajo,0.05,1630.0,6408810.0
2001,Timor-Leste,TLS,Asia oriental y el Pacífico (excluido altos ingresos),Países de ingreso mediano bajo,,,893001.0
2001,Togo,TGO,África al sur del Sahara (excluido altos ingresos),Países de ingreso bajo,0.9,95000.0,5145426.0
2001,Tonga,TON,Asia oriental y el Pacífico (excluido altos ingresos),Ingreso mediano alto,2.83,236.0,103210.0
2001,Trinidad y Tobago,TTO,,Ingreso alto,15.38,256106.0,1338567.0
2001,Turkmenistán,TKM,Europa y Asia central (excluido altos ingresos),Ingreso mediano alto,0.18,8173.0,4635094.0
2001,Turquía,TUR,Europa y Asia central (excluido altos ingresos),Ingreso mediano alto,5.19,19572897.0,65072018.0
2001,Tuvalu,TUV,Asia oriental y el Pacífico (excluido altos ingresos),Ingreso mediano alto,5.7,0.0,9621.0
2001,Túnez,TUN,Oriente Medio y Norte de África (excluido altos ingresos),Países de ingreso mediano bajo,4.3,389208.0,9995123.0
2001,Ucrania,UKR,Europa y Asia central (excluido altos ingresos),Países de ingreso mediano bajo,1.24,2224600.0,48662400.0
2001,Uganda,UGA,África al sur del Sahara (excluido altos ingresos),Países de ingreso bajo,0.24,283520.0,24763325.0
2001,Uruguay,URY,,Ingreso alto,11.12,519991.0,3300939.0
2001,Uzbekistán,UZB,Europa y Asia central (excluido altos ingresos),Países de ingreso mediano bajo,0.6,128012.0,24964450.0
2001,Vanuatu,VUT,Asia oriental y el Pacífico (excluido altos ingresos),Países de ingreso mediano bajo,2.83,350.0,197034.0
2001,Venezuela,VEN,,No clasificado,4.64,6472584.0,24880203.0
2001,Viet Nam,VNM,Asia oriental y el Pacífico (excluido altos ingresos),Países de ingreso mediano bajo,1.27,1251195.0,79817777.0
2001,"Yemen, Rep. del",YEM,Oriente Medio y Norte de África (excluido altos ingresos),Países de ingreso bajo,0.09,147837.0,19143457.0
2001,Zambia,ZMB,África al sur del Sahara (excluido altos ingresos),Países de ingreso bajo,0.23,121200.0,10191964.0
2001,Zimbabwe,ZWE,África al sur del Sahara (excluido altos ingresos),Países de ingreso mediano bajo,0.8,314002.0,11910978.0
2002,Afganistán,AFG,Asia meridional,Países de ingreso bajo,0.0,25000.0,21000256.0
2002,Albania,ALB,Europa y Asia central (excluido altos ingresos),Ingreso mediano alto,0.39,851000.0,3051010.0
2002,Alemania,DEU,,Ingreso alto,48.82,59128000.0,82488495.0
2002,Andorra,AND,,Ingreso alto,11.26,32790.0,70849.0
2002,Angola,AGO,África al sur del Sahara (excluido altos ingresos),Países de ingreso mediano bajo,0.27,140000.0,17516139.0
2002,Antigua y Barbuda,ATG,,Ingreso alto,12.5,38205.0,77195.0
2002,Arabia Saudita,SAU,,Ingreso alto,6.38,5007965.0,22623415.0
2002,Argelia,DZA,Oriente Medio y Norte de África (excluido altos ingresos),Países de ingreso mediano bajo,1.59,450244.0,31624696.0
2002,Argentina,ARG,América Latina y el Caribe (excluido altos ingresos),Ingreso mediano alto,10.88,6566740.0,37885028.0
2002,Armenia,ARM,Europa y Asia central (excluido altos ingresos),Ingreso mediano alto,1.96,71349.0,3105037.0
2002,Aruba,ABW,,Ingreso alto,18.8,61800.0,91781.0
2002,Australia,AUS,,Ingreso alto,,12670000.0,19495210.0
2002,Austria,AUT,,Ingreso alto,36.56,6736000.0,8081957.0
2002,Azerbaiyán,AZE,Europa y Asia central (excluido altos ingresos),Ingreso mediano alto,5.0,794200.0,8171950.0
2002,Bahamas,BHS,,Ingreso alto,18.0,121759.0,334002.0
2002,Bahrein,BHR,,Ingreso alto,18.05,388990.0,748324.0
2002,Bangladesh,BGD,Asia meridional,Países de ingreso mediano bajo,0.14,1075000.0,134139826.0
2002,Barbados,BRB,,Ingreso alto,27.84,97193.0,266455.0
2002,Belarús,BLR,Europa y Asia central (excluido altos ingresos),Ingreso mediano alto,8.95,462630.0,9865548.0
2002,Belice,BLZ,América Latina y el Caribe (excluido altos ingresos),Ingreso mediano alto,5.68,51729.0,255987.0
2002,Benin,BEN,África al sur del Sahara (excluido altos ingresos),Países de ingreso mediano bajo,0.7,218770.0,7431783.0
2002,Bermudas,BMU,,Ingreso alto,52.03,30000.0,62912.0
2002,Bhután,BTN,Asia meridional,Países de ingreso mediano bajo,1.68,0.0,619048.0
2002,Bolivia,BOL,América Latina y el Caribe (excluido altos ingresos),Países de ingreso mediano bajo,3.12,1023333.0,8900583.0
2002,Bosnia y Herzegovina,BIH,Europa y Asia central (excluido altos ingresos),Ingreso mediano alto,2.65,748780.0,4198410.0
2002,Botswana,BWA,África al sur del Sahara (excluido altos ingresos),Ingreso mediano alto,3.39,332264.0,1795130.0
2002,Brasil,BRA,América Latina y el Caribe (excluido altos ingresos),Ingreso mediano alto,9.15,34880964.0,180476685.0
2002,Brunei Darussalam,BRN,,Ingreso alto,15.33,153647.0,347463.0
2002,Bulgaria,BGR,Europa y Asia central (excluido altos ingresos),Ingreso mediano alto,9.08,2597548.0,7837161.0
2002,Burkina Faso,BFA,África al sur del Sahara (excluido altos ingresos),Países de ingreso bajo,0.2,111013.0,12632269.0
2002,Burundi,BDI,África al sur del Sahara (excluido altos ingresos),Países de ingreso bajo,0.12,52000.0,6648938.0
2002,Bélgica,BEL,,Ingreso alto,46.33,8101777.0,10332785.0
2002,Cabo Verde,CPV,África al sur del Sahara (excluido altos ingresos),Países de ingreso mediano bajo,3.52,42949.0,473231.0
2002,Camboya,KHM,Asia oriental y el Pacífico (excluido altos ingresos),Países de ingreso mediano bajo,0.23,380000.0,12561779.0
2002,Camerún,CMR,África al sur del Sahara (excluido altos ingresos),Países de ingreso mediano bajo,0.36,701507.0,15914033.0
2002,Canadá,CAN,,Ingreso alto,61.59,11872000.0,31360079.0
2002,Chad,TCD,África al sur del Sahara (excluido altos ingresos),Países de ingreso bajo,0.17,34200.0,8838369.0
2002,Chile,CHL,,Ingreso alto,22.1,6244310.0,15693790.0
2002,China,CHN,Asia oriental y el Pacífico (excluido altos ingresos),Ingreso mediano alto,4.6,206005000.0,1280400000.0
2002,Chipre,CYP,,Ingreso alto,28.32,417933.0,982194.0
2002,Colombia,COL,América Latina y el Caribe (excluido altos ingresos),Ingreso mediano alto,4.6,4596594.0,40454050.0
2002,Comoras,COM,África al sur del Sahara (excluido altos ingresos),Países de ingreso mediano bajo,0.55,0.0,559047.0
2002,"Congo, República Democrática del",COD,África al sur del Sahara (excluido altos ingresos),Países de ingreso bajo,0.09,560000.0,51662071.0
2002,"Congo, República del",COG,África al sur del Sahara (excluido altos ingresos),Países de ingreso mediano bajo,0.16,221800.0,3331158.0
2002,"Corea, República Popular Democrática de",PRK,Asia oriental y el Pacífico (excluido altos ingresos),Países de ingreso bajo,0.0,0.0,23638411.0
2002,"Corea, República de",KOR,,Ingreso alto,59.4,32342493.0,47644736.0
2002,Costa Rica,CRI,América Latina y el Caribe (excluido altos ingresos),Ingreso mediano alto,19.89,502478.0,4122623.0
2002,Croacia,HRV,,Ingreso alto,17.76,2312600.0,4302174.0
2002,Cuba,CUB,América Latina y el Caribe (excluido altos ingresos),Ingreso mediano alto,3.77,17851.0,11170051.0
2002,Curacao,CUW,,Ingreso alto,,,129205.0
2002,Côte d'Ivoire,CIV,África al sur del Sahara (excluido altos ingresos),Países de ingreso mediano bajo,0.5,1027058.0,17683897.0
2002,Dinamarca,DNK,,Ingreso alto,64.25,4477752.0,5375931.0
2002,Djibouti,DJI,Oriente Medio y Norte de África (excluido altos ingresos),Países de ingreso mediano bajo,0.49,15000.0,789129.0
2002,Dominica,DMA,América Latina y el Caribe (excluido altos ingresos),Ingreso mediano alto,18.42,12173.0,68262.0
2002,Ecuador,ECU,América Latina y el Caribe (excluido altos ingresos),Ingreso mediano alto,4.26,1560861.0,13070609.0
2002,"Egipto, República Árabe de",EGY,Oriente Medio y Norte de África (excluido altos ingresos),Países de ingreso mediano bajo,2.72,4494700.0,74393759.0
2002,El Salvador,SLV,América Latina y el Caribe (excluido altos ingresos),Países de ingreso mediano bajo,1.9,888818.0,6011275.0
2002,Emiratos Árabes Unidos,ARE,,Ingreso alto,28.32,2428071.0,3633655.0
2002,Eritrea,ERI,África al sur del Sahara (excluido altos ingresos),Países de ingreso bajo,0.23,0.0,2547424.0
2002,Eslovenia,SVN,,Ingreso alto,27.84,1667234.0,1994530.0
2002,España,ESP,,Ingreso alto,20.39,33530997.0,41431558.0
2002,Estados Unidos,USA,,Ingreso alto,58.79,141800000.0,287625193.0
2002,Estonia,EST,,Ingreso alto,41.52,881000.0,1379350.0
2002,Eswatini,SWZ,África al sur del Sahara (excluido altos ingresos),Países de ingreso mediano bajo,1.82,68000.0,1050809.0
2002,Etiopía,ETH,África al sur del Sahara (excluido altos ingresos),Países de ingreso bajo,0.07,50369.0,71073215.0
2002,Federación de Rusia,RUS,Europa y Asia central (excluido altos ingresos),Ingreso mediano alto,4.13,17608756.0,145306497.0
2002,Fiji,FJI,Asia oriental y el Pacífico (excluido altos ingresos),Ingreso mediano alto,6.15,89900.0,849891.0
2002,Filipinas,PHL,Asia oriental y el Pacífico (excluido altos ingresos),Países de ingreso mediano bajo,4.33,15383001.0,81285572.0
2002,Finlandia,FIN,,Ingreso alto,62.43,4516772.0,5200598.0
2002,Francia,FRA,,Ingreso alto,30.18,38585300.0,61816234.0
2002,Gabón,GAB,África al sur del Sahara (excluido altos ingresos),Ingreso mediano alto,1.94,279289.0,1341696.0
2002,Gambia,GMB,África al sur del Sahara (excluido altos ingresos),Países de ingreso bajo,1.8,100000.0,1522223.0
2002,Georgia,GEO,Europa y Asia central (excluido altos ingresos),Ingreso mediano alto,1.59,503619.0,3978515.0
2002,Ghana,GHA,África al sur del Sahara (excluido altos ingresos),Países de ingreso mediano bajo,0.83,386775.0,20758326.0
2002,Gibraltar,GIB,,Ingreso alto,23.67,12167.0,27892.0
2002,Granada,GRD,América Latina y el Caribe (excluido altos ingresos),Ingreso mediano alto,14.76,7553.0,108231.0
2002,Grecia,GRC,,Ingreso alto,14.67,9314260.0,10902022.0
2002,Groenlandia,GRL,,Ingreso alto,44.15,19924.0,56609.0
2002,Guam,GUM,,Ingreso alto,31.19,70500.0,162563.0
2002,Guatemala,GTM,América Latina y el Caribe (excluido altos ingresos),Ingreso mediano alto,3.39,1577085.0,12147518.0
2002,Guinea,GIN,África al sur del Sahara (excluido altos ingresos),Países de ingreso bajo,0.4,90772.0,8577790.0
2002,Guinea Ecuatorial,GNQ,África al sur del Sahara (excluido altos ingresos),Ingreso mediano alto,0.32,32000.0,754115.0
2002,Guinea-Bissau,GNB,África al sur del Sahara (excluido altos ingresos),Países de ingreso bajo,1.02,0.0,1285678.0
2002,Guyana,GUY,América Latina y el Caribe (excluido altos ingresos),Ingreso mediano alto,1.5,79400.0,760323.0
2002,Haití,HTI,América Latina y el Caribe (excluido altos ingresos),Países de ingreso mediano bajo,0.89,140000.0,8661546.0
2002,Honduras,HND,América Latina y el Caribe (excluido altos ingresos),Países de ingreso mediano bajo,2.6,326508.0,7019908.0
2002,"Hong Kong, Región Administrativa Especial",HKG,,Ingreso alto,43.08,6395725.0,6744100.0
2002,Hungría,HUN,,Ingreso alto,16.67,6886111.0,10158608.0
2002,India,IND,Asia meridional,Países de ingreso mediano bajo,1.54,13000000.0,1098313039.0
2002,Indonesia,IDN,Asia oriental y el Pacífico (excluido altos ingresos),Países de ingreso mediano bajo,2.13,11700000.0,220115092.0
2002,Iraq,IRQ,Oriente Medio y Norte de África (excluido altos ingresos),Ingreso mediano alto,0.5,20000.0,26255343.0
2002,Irlanda,IRL,,Ingreso alto,25.85,3000000.0,3931947.0
2002,"Irán, República Islámica del",IRN,Oriente Medio y Norte de África (excluido altos ingresos),Países de ingreso mediano bajo,4.63,2279143.0,67327117.0
2002,Isla de Man,IMN,,Ingreso alto,,,77183.0
2002,Isla de San Martín (parte francesa),MAF,,Ingreso alto,,,31160.0
2002,Islandia,ISL,,Ingreso alto,79.12,260438.0,287523.0
2002,Islas Caimán,CYM,,Ingreso alto,,19000.0,42456.0
2002,Islas Feroe,FRO,,Ingreso alto,53.3,34737.0,46813.0
2002,Islas Marshall,MHL,Asia oriental y el Pacífico (excluido altos ingresos),Ingreso mediano alto,2.34,552.0,54496.0
2002,Islas Salomón,SLB,Asia oriental y el Pacífico (excluido altos ingresos),Países de ingreso mediano bajo,0.5,999.0,450760.0
2002,Islas Turcas y Caicos,TCA,,Ingreso alto,,9052.0,20598.0
2002,Islas Vírgenes (EE.UU.),VIR,,Ingreso alto,27.49,45150.0,108509.0
2002,Islas Vírgenes Británicas,VGB,,Ingreso alto,18.89,8000.0,21288.0
2002,Islas del Canal,CHI,,Ingreso alto,,,147167.0
2002,Israel,ISR,,Ingreso alto,17.76,6300008.0,6570000.0
2002,Italia,ITA,,Ingreso alto,28.04,54200000.0,57059007.0
2002,Jamaica,JAM,América Latina y el Caribe (excluido altos ingresos),Ingreso mediano alto,6.1,1244976.0,2638244.0
2002,Japón,JPN,,Ingreso alto,46.59,81118324.0,127445000.0
2002,Jordania,JOR,Oriente Medio y Norte de África (excluido altos ingresos),Ingreso mediano alto,6.03,1219597.0,5275532.0
2002,Kazajstán,KAZ,Europa y Asia central (excluido altos ingresos),Ingreso mediano alto,1.67,1027000.0,14858948.0
2002,Kenya,KEN,África al sur del Sahara (excluido altos ingresos),Países de ingreso mediano bajo,1.21,1187122.0,32779823.0
2002,Kirguistán,KGZ,Europa y Asia central (excluido altos ingresos),Países de ingreso mediano bajo,3.0,53084.0,4990700.0
2002,Kiribati,KIR,Asia oriental y el Pacífico (excluido altos ingresos),Países de ingreso mediano bajo,2.5,495.0,92400.0
2002,Kosovo,XKX,Europa y Asia central (excluido altos ingresos),Ingreso mediano alto,,,1702310.0
2002,Kuwait,KWT,,Ingreso alto,10.25,1227000.0,2047364.0
2002,Lesotho,LSO,África al sur del Sahara (excluido altos ingresos),Países de ingreso mediano bajo,1.08,137953.0,1997534.0
2002,Letonia,LVA,,Ingreso alto,21.94,917196.0,2310173.0
2002,Liberia,LBR,África al sur del Sahara (excluido altos ingresos),Países de ingreso bajo,0.03,5000.0,3060599.0
2002,Libia,LBY,Oriente Medio y Norte de África (excluido altos ingresos),Ingreso mediano alto,2.24,70000.0,5405326.0
2002,Liechtenstein,LIE,,Ingreso alto,59.47,11402.0,33693.0
2002,Lituania,LTU,,Ingreso alto,17.69,1645568.0,3443067.0
2002,Luxemburgo,LUX,,Ingreso alto,39.84,473000.0,446175.0
2002,Líbano,LBN,Oriente Medio y Norte de África (excluido altos ingresos),Países de ingreso mediano bajo,7.0,775104.0,4446666.0
2002,Macedonia del Norte,MKD,Europa y Asia central (excluido altos ingresos),Ingreso mediano alto,17.33,365346.0,2020157.0
2002,Madagascar,MDG,África al sur del Sahara (excluido altos ingresos),Países de ingreso bajo,0.34,163010.0,17211934.0
2002,Malasia,MYS,Asia oriental y el Pacífico (excluido altos ingresos),Ingreso mediano alto,32.34,9053000.0,24142445.0
2002,Malawi,MWI,África al sur del Sahara (excluido altos ingresos),Países de ingreso bajo,0.22,86047.0,11784498.0
2002,Maldivas,MDV,Asia meridional,Ingreso mediano alto,5.35,41899.0,292284.0
2002,Malta,MLT,,Ingreso alto,28.92,276859.0,395969.0
2002,Malí,MLI,África al sur del Sahara (excluido altos ingresos),Países de ingreso bajo,0.23,45974.0,11952660.0
2002,Mariana,MNP,,Ingreso alto,,17137.0,77162.0
2002,Marruecos,MAR,Oriente Medio y Norte de África (excluido altos ingresos),Países de ingreso mediano bajo,2.37,6198670.0,29301817.0
2002,Mauricio,MUS,África al sur del Sahara (excluido altos ingresos),Ingreso mediano alto,10.25,347532.0,1204621.0
2002,Mauritania,MRT,África al sur del Sahara (excluido altos ingresos),Países de ingreso mediano bajo,0.36,247238.0,2821703.0
2002,Micronesia (Estados Federados de),FSM,Asia oriental y el Pacífico (excluido altos ingresos),Países de ingreso mediano bajo,5.57,100.0,111992.0
2002,Mongolia,MNG,Asia oriental y el Pacífico (excluido altos ingresos),Países de ingreso mediano bajo,2.04,216000.0,2494617.0
2002,Montenegro,MNE,Europa y Asia central (excluido altos ingresos),Ingreso mediano alto,,,609828.0
2002,Mozambique,MOZ,África al sur del Sahara (excluido altos ingresos),Países de ingreso bajo,0.26,254759.0,18694946.0
2002,Myanmar,MMR,Asia oriental y el Pacífico (excluido altos ingresos),Países de ingreso mediano bajo,0.0,47982.0,46480230.0
2002,México,MEX,América Latina y el Caribe (excluido altos ingresos),Ingreso mediano alto,11.9,25928266.0,100917081.0
2002,Mónaco,MCO,,Ingreso alto,48.05,14874.0,32386.0
2002,Namibia,NAM,África al sur del Sahara (excluido altos ingresos),Ingreso mediano alto,2.63,150000.0,1888525.0
2002,Nauru,NRU,,Ingreso alto,,,10351.0
2002,Nepal,NPL,Asia meridional,Países de ingreso mediano bajo,0.31,21881.0,25332178.0
2002,Nicaragua,NIC,América Latina y el Caribe (excluido altos ingresos),Países de ingreso mediano bajo,1.71,237248.0,5259006.0
2002,Nigeria,NGA,África al sur del Sahara (excluido altos ingresos),Países de ingreso mediano bajo,0.32,1569050.0,129583026.0
2002,Noruega,NOR,,Ingreso alto,72.84,3790000.0,4538159.0
2002,Nueva Caledonia,NCL,,Ingreso alto,22.39,80000.0,221490.0
2002,Nueva Zelandia,NZL,,Ingreso alto,59.08,2449000.0,3948500.0
2002,Níger,NER,África al sur del Sahara (excluido altos ingresos),Países de ingreso bajo,0.13,57541.0,12456517.0
2002,Omán,OMN,,Ingreso alto,6.87,463000.0,2403659.0
2002,Pakistán,PAK,Asia meridional,Países de ingreso mediano bajo,2.58,1698536.0,163262807.0
2002,Palau,PLW,Asia oriental y el Pacífico (excluido altos ingresos),Ingreso mediano alto,20.24,2458.0,19851.0
2002,Panamá,PAN,,Ingreso alto,8.52,525845.0,3120990.0
2002,Papua Nueva Guinea,PNG,Asia oriental y el Pacífico (excluido altos ingresos),Países de ingreso mediano bajo,1.32,15000.0,5892596.0
2002,Paraguay,PRY,América Latina y el Caribe (excluido altos ingresos),Ingreso mediano alto,1.79,1667018.0,5286512.0
2002,Países Bajos,NLD,,Ingreso alto,61.29,12100000.0,16148929.0
2002,Perú,PER,América Latina y el Caribe (excluido altos ingresos),Ingreso mediano alto,8.97,2306943.0,27334503.0
2002,Polinesia Francesa,PYF,,Ingreso alto,8.2,52250.0,259137.0
2002,Polonia,POL,,Ingreso alto,21.15,13898471.0,38230364.0
2002,Portugal,PRT,,Ingreso alto,19.37,8670000.0,10419631.0
2002,Puerto Rico,PRI,,Ingreso alto,17.55,1646932.0,3823701.0
2002,Qatar,QAT,,Ingreso alto,10.23,266703.0,713186.0
2002,"Región Administrativa Especial de Macao, China",MAC,,Ingreso alto,25.17,276138.0,449665.0
2002,Reino Unido,GBR,,Ingreso alto,56.48,49228000.0,59370479.0
2002,República Centroafricana,CAF,África al sur del Sahara (excluido altos ingresos),Países de ingreso bajo,0.13,12600.0,3930648.0
2002,República Checa,CZE,,Ingreso alto,23.93,8610177.0,10196916.0
2002,República Democrática Popular Lao,LAO,Asia oriental y el Pacífico (excluido altos ingresos),Países de ingreso mediano bajo,0.27,55160.0,5606101.0
2002,República Dominicana,DOM,América Latina y el Caribe (excluido altos ingresos),Ingreso mediano alto,6.82,1700609.0,8795101.0
2002,República Eslovaca,SVK,,Ingreso alto,40.14,2923383.0,5376912.0
2002,República de Moldova,MDA,Europa y Asia central (excluido altos ingresos),Ingreso mediano alto,3.79,338225.0,2911385.0
2002,República Árabe Siria,SYR,Oriente Medio y Norte de África (excluido altos ingresos),Países de ingreso bajo,2.09,400000.0,17164021.0
2002,Ribera Occidental y Gaza,PSE,Oriente Medio y Norte de África (excluido altos ingresos),Países de ingreso mediano bajo,3.1,251602.0,3075373.0
2002,Rumania,ROU,,Ingreso alto,6.58,5110591.0,21730496.0
2002,Rwanda,RWA,África al sur del Sahara (excluido altos ingresos),Países de ingreso bajo,0.29,82391.0,8372306.0
2002,Saint Kitts y Nevis,KNA,,Ingreso alto,21.15,5000.0,46264.0
2002,Samoa,WSM,Asia oriental y el Pacífico (excluido altos ingresos),Países de ingreso mediano bajo,2.24,2700.0,186630.0
2002,Samoa Americana,ASM,Asia oriental y el Pacífico (excluido altos ingresos),Ingreso mediano alto,,2036.0,58177.0
2002,San Marino,SMR,,Ingreso alto,50.83,16759.0,27969.0
2002,San Vicente y las Granadinas,VCT,América Latina y el Caribe (excluido altos ingresos),Ingreso mediano alto,5.55,9982.0,113450.0
2002,Santa Lucía,LCA,América Latina y el Caribe (excluido altos ingresos),Ingreso mediano alto,14.64,14313.0,161799.0
2002,Santo Tomé y Príncipe,STP,África al sur del Sahara (excluido altos ingresos),Países de ingreso mediano bajo,7.58,1980.0,149841.0
2002,Senegal,SEN,África al sur del Sahara (excluido altos ingresos),Países de ingreso mediano bajo,1.01,553449.0,10180950.0
2002,Serbia,SRB,Europa y Asia central (excluido altos ingresos),Ingreso mediano alto,,,7496522.0
2002,Seychelles,SYC,,Ingreso alto,14.3,44731.0,83723.0
2002,Sierra Leona,SLE,África al sur del Sahara (excluido altos ingresos),Países de ingreso bajo,0.18,67000.0,5140113.0
2002,Singapur,SGP,,Ingreso alto,47.0,3313000.0,4175950.0
2002,Sint Maarten (Dutch part),SXM,,Ingreso alto,,,30777.0
2002,Somalia,SOM,África al sur del Sahara (excluido altos ingresos),Países de ingreso bajo,0.12,100000.0,9411103.0
2002,Sri Lanka,LKA,Asia meridional,Países de ingreso mediano bajo,1.05,931403.0,19062476.0
2002,Sudáfrica,ZAF,África al sur del Sahara (excluido altos ingresos),Ingreso mediano alto,6.71,13702000.0,47661514.0
2002,Sudán,SDN,África al sur del Sahara (excluido altos ingresos),Países de ingreso bajo,0.44,190778.0,27570318.0
2002,Sudán del Sur,SSD,África al sur del Sahara (excluido altos ingresos),Países de ingreso bajo,,,6686100.0
2002,Suecia,SWE,,Ingreso alto,70.57,7949000.0,8924958.0
2002,Suiza,CHE,,Ingreso alto,61.4,5736303.0,7284753.0
2002,Suriname,SUR,América Latina y el Caribe (excluido altos ingresos),Ingreso mediano alto,4.16,108363.0,495666.0
2002,Tailandia,THA,Asia oriental y el Pacífico (excluido altos ingresos),Ingreso mediano alto,7.53,17449890.0,64222580.0
2002,Tanzanía,TZA,África al sur del Sahara (excluido altos ingresos),Países de ingreso mediano bajo,0.22,606859.0,36353531.0
2002,Tayikistán,TJK,Europa y Asia central (excluido altos ingresos),Países de ingreso mediano bajo,0.06,13200.0,6541755.0
2002,Timor-Leste,TLS,Asia oriental y el Pacífico (excluido altos ingresos),Países de ingreso mediano bajo,0.0,,909639.0
2002,Togo,TGO,África al sur del Sahara (excluido altos ingresos),Países de ingreso bajo,1.0,165138.0,5281538.0
2002,Tonga,TON,Asia oriental y el Pacífico (excluido altos ingresos),Ingreso mediano alto,2.91,3354.0,103804.0
2002,Trinidad y Tobago,TTO,,Ingreso alto,22.0,262772.0,1345964.0
2002,Turkmenistán,TKM,Europa y Asia central (excluido altos ingresos),Ingreso mediano alto,0.3,8173.0,4698968.0
2002,Turquía,TUR,Europa y Asia central (excluido altos ingresos),Ingreso mediano alto,11.38,23323118.0,65988663.0
2002,Tuvalu,TUV,Asia oriental y el Pacífico (excluido altos ingresos),Ingreso mediano alto,6.3,0.0,9609.0
2002,Túnez,TUN,Oriente Medio y Norte de África (excluido altos ingresos),Países de ingreso mediano bajo,5.25,574334.0,10094561.0
2002,Ucrania,UKR,Europa y Asia central (excluido altos ingresos),Países de ingreso mediano bajo,1.87,3692700.0,48202470.0
2002,Uganda,UGA,África al sur del Sahara (excluido altos ingresos),Países de ingreso bajo,0.38,393310.0,25545090.0
2002,Uruguay,URY,,Ingreso alto,11.42,513528.0,3306441.0
2002,Uzbekistán,UZB,Europa y Asia central (excluido altos ingresos),Países de ingreso mediano bajo,1.08,186900.0,25271850.0
2002,Vanuatu,VUT,Asia oriental y el Pacífico (excluido altos ingresos),Países de ingreso mediano bajo,3.51,4900.0,202125.0
2002,Venezuela,VEN,,No clasificado,4.91,6541894.0,25330929.0
2002,Viet Nam,VNM,Asia oriental y el Pacífico (excluido altos ingresos),Países de ingreso mediano bajo,1.85,1902388.0,80642308.0
2002,"Yemen, Rep. del",YEM,Oriente Medio y Norte de África (excluido altos ingresos),Países de ingreso bajo,0.52,486667.0,19660653.0
2002,Zambia,ZMB,África al sur del Sahara (excluido altos ingresos),Países de ingreso bajo,0.48,139092.0,10508294.0
2002,Zimbabwe,ZWE,África al sur del Sahara (excluido altos ingresos),Países de ingreso mediano bajo,1.1,338779.0,11984644.0
2003,Afganistán,AFG,Asia meridional,Países de ingreso bajo,0.09,200000.0,22645130.0
2003,Albania,ALB,Europa y Asia central (excluido altos ingresos),Ingreso mediano alto,0.97,1100000.0,3039616.0
2003,Alemania,DEU,,Ingreso alto,55.9,64800000.0,82534176.0
2003,Andorra,AND,,Ingreso alto,13.55,51893.0,73907.0
2003,Angola,AGO,África al sur del Sahara (excluido altos ingresos),Países de ingreso mediano bajo,0.37,350000.0,18124342.0
2003,Antigua y Barbuda,ATG,,Ingreso alto,17.23,46100.0,78075.0
2003,Arabia Saudita,SAU,,Ingreso alto,8.0,7238224.0,23150847.0
2003,Argelia,DZA,Oriente Medio y Norte de África (excluido altos ingresos),Países de ingreso mediano bajo,2.2,1446927.0,32055883.0
2003,Argentina,ARG,América Latina y el Caribe (excluido altos ingresos),Ingreso mediano alto,11.91,7842233.0,38278164.0
2003,Armenia,ARM,Europa y Asia central (excluido altos ingresos),Ingreso mediano alto,4.58,114379.0,3084102.0
2003,Aruba,ABW,,Ingreso alto,20.8,69952.0,92701.0
2003,Australia,AUS,,Ingreso alto,,14347000.0,19720737.0
2003,Austria,AUT,,Ingreso alto,42.7,7274000.0,8121423.0
2003,Azerbaiyán,AZE,Europa y Asia central (excluido altos ingresos),Ingreso mediano alto,,1057100.0,8234100.0
2003,Bahamas,BHS,,Ingreso alto,20.0,122228.0,338490.0
2003,Bahrein,BHR,,Ingreso alto,21.55,443109.0,778256.0
2003,Bangladesh,BGD,Asia meridional,Países de ingreso mediano bajo,0.16,1365000.0,136503206.0
2003,Barbados,BRB,,Ingreso alto,39.69,140000.0,267499.0
2003,Belarús,BLR,Europa y Asia central (excluido altos ingresos),Ingreso mediano alto,,1118000.0,9796749.0
2003,Belice,BLZ,América Latina y el Caribe (excluido altos ingresos),Ingreso mediano alto,,60403.0,263998.0
2003,Benin,BEN,África al sur del Sahara (excluido altos ingresos),Países de ingreso mediano bajo,0.95,236175.0,7659208.0
2003,Bermudas,BMU,,Ingreso alto,56.52,40000.0,63325.0
2003,Bhután,BTN,Asia meridional,Países de ingreso mediano bajo,2.44,2255.0,634627.0
2003,Bolivia,BOL,América Latina y el Caribe (excluido altos ingresos),Países de ingreso mediano bajo,3.51,1278844.0,9057378.0
2003,Bosnia y Herzegovina,BIH,Europa y Asia central (excluido altos ingresos),Ingreso mediano alto,3.97,1074790.0,4183757.0
2003,Botswana,BWA,África al sur del Sahara (excluido altos ingresos),Ingreso mediano alto,3.35,444978.0,1826863.0
2003,Brasil,BRA,América Latina y el Caribe (excluido altos ingresos),Ingreso mediano alto,13.21,46373266.0,182629278.0
2003,Brunei Darussalam,BRN,,Ingreso alto,19.6,177365.0,354045.0
2003,Bulgaria,BGR,Europa y Asia central (excluido altos ingresos),Ingreso mediano alto,12.04,3500869.0,7775327.0
2003,Burkina Faso,BFA,África al sur del Sahara (excluido altos ingresos),Países de ingreso bajo,0.37,238094.0,13030591.0
2003,Burundi,BDI,África al sur del Sahara (excluido altos ingresos),Países de ingreso bajo,0.2,64000.0,6860846.0
2003,Bélgica,BEL,,Ingreso alto,49.97,8605834.0,10376133.0
2003,Cabo Verde,CPV,África al sur del Sahara (excluido altos ingresos),Países de ingreso mediano bajo,4.32,53342.0,480089.0
2003,Camboya,KHM,Asia oriental y el Pacífico (excluido altos ingresos),Países de ingreso mediano bajo,0.26,498388.0,12787710.0
2003,Camerún,CMR,África al sur del Sahara (excluido altos ingresos),Países de ingreso mediano bajo,0.59,1077000.0,16354326.0
2003,Canadá,CAN,,Ingreso alto,64.2,13291000.0,31644028.0
2003,Chad,TCD,África al sur del Sahara (excluido altos ingresos),Países de ingreso bajo,0.32,65000.0,9196366.0
2003,Chile,CHL,,Ingreso alto,25.47,7268281.0,15859112.0
2003,China,CHN,Asia oriental y el Pacífico (excluido altos ingresos),Ingreso mediano alto,6.2,269953000.0,1288400000.0
2003,Chipre,CYP,,Ingreso alto,30.09,551752.0,1000350.0
2003,Colombia,COL,América Latina y el Caribe (excluido altos ingresos),Ingreso mediano alto,7.39,6186206.0,41057687.0
2003,Comoras,COM,África al sur del Sahara (excluido altos ingresos),Países de ingreso mediano bajo,0.85,2000.0,570130.0
2003,"Congo, República Democrática del",COD,África al sur del Sahara (excluido altos ingresos),Países de ingreso bajo,0.13,1246225.0,53205639.0
2003,"Congo, República del",COG,África al sur del Sahara (excluido altos ingresos),Países de ingreso mediano bajo,0.46,330000.0,3424653.0
2003,"Corea, República Popular Democrática de",PRK,Asia oriental y el Pacífico (excluido altos ingresos),Países de ingreso bajo,0.0,0.0,23781707.0
2003,"Corea, República de",KOR,,Ingreso alto,65.5,33591758.0,47892330.0
2003,Costa Rica,CRI,América Latina y el Caribe (excluido altos ingresos),Ingreso mediano alto,20.33,778299.0,4188610.0
2003,Croacia,HRV,,Ingreso alto,22.75,2537300.0,4303399.0
2003,Cuba,CUB,América Latina y el Caribe (excluido altos ingresos),Ingreso mediano alto,5.24,35356.0,11199217.0
2003,Curacao,CUW,,Ingreso alto,,,131897.0
2003,Côte d'Ivoire,CIV,África al sur del Sahara (excluido altos ingresos),Países de ingreso mediano bajo,0.76,1280696.0,18116451.0
2003,Dinamarca,DNK,,Ingreso alto,76.26,4767100.0,5390574.0
2003,Djibouti,DJI,Oriente Medio y Norte de África (excluido altos ingresos),Países de ingreso mediano bajo,0.63,23000.0,806411.0
2003,Dominica,DMA,América Latina y el Caribe (excluido altos ingresos),Ingreso mediano alto,23.62,23786.0,68442.0
2003,Ecuador,ECU,América Latina y el Caribe (excluido altos ingresos),Ingreso mediano alto,4.46,2398161.0,13301184.0
2003,"Egipto, República Árabe de",EGY,Oriente Medio y Norte de África (excluido altos ingresos),Países de ingreso mediano bajo,4.04,5797530.0,75963322.0
2003,El Salvador,SLV,América Latina y el Caribe (excluido altos ingresos),Países de ingreso mediano bajo,2.5,1149790.0,6026849.0
2003,Emiratos Árabes Unidos,ARE,,Ingreso alto,29.48,2972331.0,3813443.0
2003,Eritrea,ERI,África al sur del Sahara (excluido altos ingresos),Países de ingreso bajo,,0.0,2653390.0
2003,Eslovenia,SVN,,Ingreso alto,31.85,1739146.0,1995733.0
2003,España,ESP,,Ingreso alto,39.93,37219839.0,42187645.0
2003,Estados Unidos,USA,,Ingreso alto,61.7,160637000.0,290107933.0
2003,Estonia,EST,,Ingreso alto,45.32,1050241.0,1370720.0
2003,Eswatini,SWZ,África al sur del Sahara (excluido altos ingresos),Países de ingreso mediano bajo,2.44,85000.0,1058797.0
2003,Etiopía,ETH,África al sur del Sahara (excluido altos ingresos),Países de ingreso bajo,0.11,51324.0,73168838.0
2003,Federación de Rusia,RUS,Europa y Asia central (excluido altos ingresos),Ingreso mediano alto,8.3,36135135.0,144648618.0
2003,Fiji,FJI,Asia oriental y el Pacífico (excluido altos ingresos),Ingreso mediano alto,6.73,109882.0,858306.0
2003,Filipinas,PHL,Asia oriental y el Pacífico (excluido altos ingresos),Países de ingreso mediano bajo,4.86,22509560.0,82942837.0
2003,Finlandia,FIN,,Ingreso alto,69.22,4747126.0,5213014.0
2003,Francia,FRA,,Ingreso alto,36.14,41702000.0,62256970.0
2003,Gabón,GAB,África al sur del Sahara (excluido altos ingresos),Ingreso mediano alto,2.66,300000.0,1378398.0
2003,Gambia,GMB,África al sur del Sahara (excluido altos ingresos),Países de ingreso bajo,2.44,149300.0,1566257.0
2003,Georgia,GEO,Europa y Asia central (excluido altos ingresos),Ingreso mediano alto,2.56,711224.0,3951736.0
2003,Ghana,GHA,África al sur del Sahara (excluido altos ingresos),Países de ingreso mediano bajo,1.19,795529.0,21329514.0
2003,Gibraltar,GIB,,Ingreso alto,28.33,15900.0,28301.0
2003,Granada,GRD,América Latina y el Caribe (excluido altos ingresos),Ingreso mediano alto,18.65,42293.0,108740.0
2003,Grecia,GRC,,Ingreso alto,17.8,8936202.0,10928070.0
2003,Groenlandia,GRL,,Ingreso alto,54.53,29749.0,56765.0
2003,Guam,GUM,,Ingreso alto,33.72,79800.0,163385.0
2003,Guatemala,GTM,América Latina y el Caribe (excluido altos ingresos),Ingreso mediano alto,4.55,2034776.0,12415334.0
2003,Guinea,GIN,África al sur del Sahara (excluido altos ingresos),Países de ingreso bajo,0.45,111500.0,8772254.0
2003,Guinea Ecuatorial,GNQ,África al sur del Sahara (excluido altos ingresos),Ingreso mediano alto,0.52,41500.0,789681.0
2003,Guinea-Bissau,GNB,África al sur del Sahara (excluido altos ingresos),Países de ingreso bajo,1.35,1275.0,1315653.0
2003,Guyana,GUY,América Latina y el Caribe (excluido altos ingresos),Ingreso mediano alto,2.4,137955.0,760562.0
2003,Haití,HTI,América Latina y el Caribe (excluido altos ingresos),Países de ingreso mediano bajo,1.65,320000.0,8812245.0
2003,Honduras,HND,América Latina y el Caribe (excluido altos ingresos),Países de ingreso mediano bajo,4.8,379362.0,7201881.0
2003,"Hong Kong, Región Administrativa Especial",HKG,,Ingreso alto,52.2,7349202.0,6730800.0
2003,Hungría,HUN,,Ingreso alto,21.63,7944586.0,10129552.0
2003,India,IND,Asia meridional,Países de ingreso mediano bajo,1.69,33690000.0,1117415123.0
2003,Indonesia,IDN,Asia oriental y el Pacífico (excluido altos ingresos),Países de ingreso mediano bajo,2.39,18495251.0,223080121.0
2003,Iraq,IRQ,Oriente Medio y Norte de África (excluido altos ingresos),Ingreso mediano alto,0.6,80000.0,27068823.0
2003,Irlanda,IRL,,Ingreso alto,34.31,3500000.0,3996521.0
2003,"Irán, República Islámica del",IRN,Oriente Medio y Norte de África (excluido altos ingresos),Países de ingreso mediano bajo,6.93,3449876.0,67954699.0
2003,Isla de Man,IMN,,Ingreso alto,,,77939.0
2003,Isla de San Martín (parte francesa),MAF,,Ingreso alto,,,31929.0
2003,Islandia,ISL,,Ingreso alto,83.14,279670.0,289521.0
2003,Islas Caimán,CYM,,Ingreso alto,,21040.0,43862.0
2003,Islas Feroe,FRO,,Ingreso alto,58.91,38026.0,47392.0
2003,Islas Marshall,MHL,Asia oriental y el Pacífico (excluido altos ingresos),Ingreso mediano alto,2.57,598.0,54493.0
2003,Islas Salomón,SLB,Asia oriental y el Pacífico (excluido altos ingresos),Países de ingreso mediano bajo,0.56,1060.0,461216.0
2003,Islas Turcas y Caicos,TCA,,Ingreso alto,,19361.0,21739.0
2003,Islas Vírgenes (EE.UU.),VIR,,Ingreso alto,27.43,49300.0,108505.0
2003,Islas Vírgenes Británicas,VGB,,Ingreso alto,,,21982.0
2003,Islas del Canal,CHI,,Ingreso alto,,,148341.0
2003,Israel,ISR,,Ingreso alto,19.59,6618367.0,6689700.0
2003,Italia,ITA,,Ingreso alto,29.04,56770000.0,57313203.0
2003,Jamaica,JAM,América Latina y el Caribe (excluido altos ingresos),Ingreso mediano alto,7.8,1576360.0,2651027.0
2003,Japón,JPN,,Ingreso alto,48.44,86655000.0,127718000.0
2003,Jordania,JOR,Oriente Medio y Norte de África (excluido altos ingresos),Ingreso mediano alto,8.47,1325313.0,5396117.0
2003,Kazajstán,KAZ,Europa y Asia central (excluido altos ingresos),Ingreso mediano alto,2.0,1330730.0,14909019.0
2003,Kenya,KEN,África al sur del Sahara (excluido altos ingresos),Países de ingreso mediano bajo,2.94,1590785.0,33767122.0
2003,Kirguistán,KGZ,Europa y Asia central (excluido altos ingresos),Países de ingreso mediano bajo,3.91,138279.0,5043300.0
2003,Kiribati,KIR,Asia oriental y el Pacífico (excluido altos ingresos),Países de ingreso mediano bajo,3.0,526.0,94302.0
2003,Kosovo,XKX,Europa y Asia central (excluido altos ingresos),Ingreso mediano alto,,,1703466.0
2003,Kuwait,KWT,,Ingreso alto,22.4,1420000.0,2101506.0
2003,Lesotho,LSO,África al sur del Sahara (excluido altos ingresos),Países de ingreso mediano bajo,1.53,125950.0,1993030.0
2003,Letonia,LVA,,Ingreso alto,26.98,1219550.0,2287955.0
2003,Liberia,LBR,África al sur del Sahara (excluido altos ingresos),Países de ingreso bajo,0.03,47250.0,3085173.0
2003,Libia,LBY,Oriente Medio y Norte de África (excluido altos ingresos),Ingreso mediano alto,2.81,127000.0,5542641.0
2003,Liechtenstein,LIE,,Ingreso alto,58.81,25000.0,34000.0
2003,Lituania,LTU,,Ingreso alto,25.91,2102207.0,3415213.0
2003,Luxemburgo,LUX,,Ingreso alto,54.55,539000.0,451630.0
2003,Líbano,LBN,Oriente Medio y Norte de África (excluido altos ingresos),Países de ingreso mediano bajo,8.0,795460.0,4504807.0
2003,Macedonia del Norte,MKD,Europa y Asia central (excluido altos ingresos),Ingreso mediano alto,19.07,776000.0,2026773.0
2003,Madagascar,MDG,África al sur del Sahara (excluido altos ingresos),Países de ingreso bajo,0.42,283666.0,17724310.0
2003,Malasia,MYS,Asia oriental y el Pacífico (excluido altos ingresos),Ingreso mediano alto,34.97,11124000.0,24739411.0
2003,Malawi,MWI,África al sur del Sahara (excluido altos ingresos),Países de ingreso bajo,0.28,135114.0,12087965.0
2003,Maldivas,MDV,Asia meridional,Ingreso mediano alto,5.98,66466.0,297226.0
2003,Malta,MLT,,Ingreso alto,31.64,289992.0,398582.0
2003,Malí,MLI,África al sur del Sahara (excluido altos ingresos),Países de ingreso bajo,0.31,247223.0,12342165.0
2003,Mariana,MNP,,Ingreso alto,,18619.0,74623.0
2003,Marruecos,MAR,Oriente Medio y Norte de África (excluido altos ingresos),Países de ingreso mediano bajo,3.35,7359870.0,29661270.0
2003,Mauricio,MUS,África al sur del Sahara (excluido altos ingresos),Ingreso mediano alto,12.19,462405.0,1213370.0
2003,Mauritania,MRT,África al sur del Sahara (excluido altos ingresos),Países de ingreso mediano bajo,0.42,350954.0,2883326.0
2003,Micronesia (Estados Federados de),FSM,Asia oriental y el Pacífico (excluido altos ingresos),Países de ingreso mediano bajo,9.23,5869.0,111805.0
2003,Mongolia,MNG,Asia oriental y el Pacífico (excluido altos ingresos),Países de ingreso mediano bajo,,319000.0,2516454.0
2003,Montenegro,MNE,Europa y Asia central (excluido altos ingresos),Ingreso mediano alto,,,612267.0
2003,Mozambique,MOZ,África al sur del Sahara (excluido altos ingresos),Países de ingreso bajo,0.42,435757.0,19186754.0
2003,Myanmar,MMR,Asia oriental y el Pacífico (excluido altos ingresos),Países de ingreso mediano bajo,0.02,66517.0,46924293.0
2003,México,MEX,América Latina y el Caribe (excluido altos ingresos),Ingreso mediano alto,12.9,30097700.0,102429341.0
2003,Mónaco,MCO,,Ingreso alto,49.49,15081.0,32316.0
2003,Namibia,NAM,África al sur del Sahara (excluido altos ingresos),Ingreso mediano alto,3.36,223671.0,1915425.0
2003,Nauru,NRU,,Ingreso alto,,,10344.0
2003,Nepal,NPL,Asia meridional,Países de ingreso mediano bajo,0.38,81867.0,25682908.0
2003,Nicaragua,NIC,América Latina y el Caribe (excluido altos ingresos),Países de ingreso mediano bajo,1.88,466706.0,5323062.0
2003,Nigeria,NGA,África al sur del Sahara (excluido altos ingresos),Países de ingreso mediano bajo,0.56,3149473.0,133119801.0
2003,Noruega,NOR,,Ingreso alto,78.13,4060829.0,4564855.0
2003,Nueva Caledonia,NCL,,Ingreso alto,26.41,97113.0,225296.0
2003,Nueva Zelandia,NZL,,Ingreso alto,60.96,2599000.0,4027200.0
2003,Níger,NER,África al sur del Sahara (excluido altos ingresos),Países de ingreso bajo,0.16,82365.0,12900790.0
2003,Omán,OMN,,Ingreso alto,7.26,594000.0,2431600.0
2003,Pakistán,PAK,Asia meridional,Países de ingreso mediano bajo,5.04,2404400.0,166876680.0
2003,Palau,PLW,Asia oriental y el Pacífico (excluido altos ingresos),Ingreso mediano alto,21.6,3924.0,19880.0
2003,Panamá,PAN,,Ingreso alto,9.99,692406.0,3181608.0
2003,Papua Nueva Guinea,PNG,Asia oriental y el Pacífico (excluido altos ingresos),Países de ingreso mediano bajo,1.37,17500.0,6090980.0
2003,Paraguay,PRY,América Latina y el Caribe (excluido altos ingresos),Ingreso mediano alto,2.11,1770345.0,5353254.0
2003,Países Bajos,NLD,,Ingreso alto,64.35,13200000.0,16225302.0
2003,Perú,PER,América Latina y el Caribe (excluido altos ingresos),Ingreso mediano alto,11.6,2930343.0,27623341.0
2003,Polinesia Francesa,PYF,,Ingreso alto,14.12,60100.0,263173.0
2003,Polonia,POL,,Ingreso alto,24.87,17401222.0,38204570.0
2003,Portugal,PRT,,Ingreso alto,29.67,10002705.0,10458821.0
2003,Puerto Rico,PRI,,Ingreso alto,19.71,1709062.0,3826095.0
2003,Qatar,QAT,,Ingreso alto,19.24,376535.0,748525.0
2003,"Región Administrativa Especial de Macao, China",MAC,,Ingreso alto,25.74,364031.0,462533.0
2003,Reino Unido,GBR,,Ingreso alto,64.82,54256221.0,59647577.0
2003,República Centroafricana,CAF,África al sur del Sahara (excluido altos ingresos),Países de ingreso bajo,0.15,40000.0,4026841.0
2003,República Checa,CZE,,Ingreso alto,34.3,9708683.0,10193998.0
2003,República Democrática Popular Lao,LAO,Asia oriental y el Pacífico (excluido altos ingresos),Países de ingreso mediano bajo,0.33,112275.0,5689065.0
2003,República Dominicana,DOM,América Latina y el Caribe (excluido altos ingresos),Ingreso mediano alto,7.9,2091914.0,8919852.0
2003,República Eslovaca,SVK,,Ingreso alto,43.04,3678774.0,5373374.0
2003,República de Moldova,MDA,Europa y Asia central (excluido altos ingresos),Ingreso mediano alto,7.41,475942.0,2903198.0
2003,República Árabe Siria,SYR,Oriente Medio y Norte de África (excluido altos ingresos),Países de ingreso bajo,3.4,1185000.0,17611356.0
2003,Ribera Occidental y Gaza,PSE,Oriente Medio y Norte de África (excluido altos ingresos),Países de ingreso mediano bajo,4.13,264091.0,3154969.0
2003,Rumania,ROU,,Ingreso alto,8.9,7039898.0,21574326.0
2003,Rwanda,RWA,África al sur del Sahara (excluido altos ingresos),Países de ingreso bajo,0.36,130720.0,8567992.0
2003,Saint Kitts y Nevis,KNA,,Ingreso alto,22.97,22000.0,46431.0
2003,Samoa,WSM,Asia oriental y el Pacífico (excluido altos ingresos),Países de ingreso mediano bajo,2.8,10500.0,187440.0
2003,Samoa Americana,ASM,Asia oriental y el Pacífico (excluido altos ingresos),Ingreso mediano alto,,2100.0,57941.0
2003,San Marino,SMR,,Ingreso alto,50.0,16900.0,28601.0
2003,San Vicente y las Granadinas,VCT,América Latina y el Caribe (excluido altos ingresos),Ingreso mediano alto,6.46,62911.0,113108.0
2003,Santa Lucía,LCA,América Latina y el Caribe (excluido altos ingresos),Ingreso mediano alto,20.98,99000.0,163047.0
2003,Santo Tomé y Príncipe,STP,África al sur del Sahara (excluido altos ingresos),Países de ingreso mediano bajo,10.16,4819.0,153762.0
2003,Senegal,SEN,África al sur del Sahara (excluido altos ingresos),Países de ingreso mediano bajo,2.1,782423.0,10434504.0
2003,Serbia,SRB,Europa y Asia central (excluido altos ingresos),Ingreso mediano alto,,,7480591.0
2003,Seychelles,SYC,,Ingreso alto,14.59,49229.0,82781.0
2003,Sierra Leona,SLE,África al sur del Sahara (excluido altos ingresos),Países de ingreso bajo,0.19,113214.0,5350907.0
2003,Singapur,SGP,,Ingreso alto,53.84,3577000.0,4114826.0
2003,Sint Maarten (Dutch part),SXM,,Ingreso alto,,,31472.0
2003,Somalia,SOM,África al sur del Sahara (excluido altos ingresos),Países de ingreso bajo,0.38,200000.0,9758281.0
2003,Sri Lanka,LKA,Asia meridional,Países de ingreso mediano bajo,1.46,1393403.0,19224036.0
2003,Sudáfrica,ZAF,África al sur del Sahara (excluido altos ingresos),Ingreso mediano alto,7.01,16860000.0,48104048.0
2003,Sudán,SDN,África al sur del Sahara (excluido altos ingresos),Países de ingreso bajo,0.54,527233.0,28188977.0
2003,Sudán del Sur,SSD,África al sur del Sahara (excluido altos ingresos),Países de ingreso bajo,,,6992367.0
2003,Suecia,SWE,,Ingreso alto,79.13,8801000.0,8958229.0
2003,Suiza,CHE,,Ingreso alto,65.1,6189000.0,7339001.0
2003,Suriname,SUR,América Latina y el Caribe (excluido altos ingresos),Ingreso mediano alto,4.72,168522.0,503780.0
2003,Tailandia,THA,Asia oriental y el Pacífico (excluido altos ingresos),Ingreso mediano alto,9.3,21616910.0,64776956.0
2003,Tanzanía,TZA,África al sur del Sahara (excluido altos ingresos),Países de ingreso mediano bajo,0.68,1298000.0,37333918.0
2003,Tayikistán,TJK,Europa y Asia central (excluido altos ingresos),Países de ingreso mediano bajo,0.06,47617.0,6672492.0
2003,Timor-Leste,TLS,Asia oriental y el Pacífico (excluido altos ingresos),Países de ingreso mediano bajo,0.0,20058.0,926721.0
2003,Togo,TGO,África al sur del Sahara (excluido altos ingresos),Países de ingreso bajo,1.2,243613.0,5421001.0
2003,Tonga,TON,Asia oriental y el Pacífico (excluido altos ingresos),Ingreso mediano alto,2.99,11200.0,104410.0
2003,Trinidad y Tobago,TTO,,Ingreso alto,25.97,336352.0,1353548.0
2003,Turkmenistán,TKM,Europa y Asia central (excluido altos ingresos),Ingreso mediano alto,0.43,9187.0,4758988.0
2003,Turquía,TUR,Europa y Asia central (excluido altos ingresos),Ingreso mediano alto,12.33,27887535.0,66867327.0
2003,Tuvalu,TUV,Asia oriental y el Pacífico (excluido altos ingresos),Ingreso mediano alto,6.9,0.0,9668.0
2003,Túnez,TUN,Oriente Medio y Norte de África (excluido altos ingresos),Países de ingreso mediano bajo,6.49,1917530.0,10193798.0
2003,Ucrania,UKR,Europa y Asia central (excluido altos ingresos),Países de ingreso mediano bajo,3.15,6498423.0,47812949.0
2003,Uganda,UGA,África al sur del Sahara (excluido altos ingresos),Países de ingreso bajo,0.46,776169.0,26354736.0
2003,Uruguay,URY,,Ingreso alto,15.94,497530.0,3310202.0
2003,Uzbekistán,UZB,Europa y Asia central (excluido altos ingresos),Países de ingreso mediano bajo,1.91,320815.0,25567650.0
2003,Vanuatu,VUT,Asia oriental y el Pacífico (excluido altos ingresos),Países de ingreso mediano bajo,3.9,7800.0,207258.0
2003,Venezuela,VEN,,No clasificado,7.5,7015121.0,25782029.0
2003,Viet Nam,VNM,Asia oriental y el Pacífico (excluido altos ingresos),Países de ingreso mediano bajo,3.78,2742000.0,81475825.0
2003,"Yemen, Rep. del",YEM,Oriente Medio y Norte de África (excluido altos ingresos),Países de ingreso bajo,0.6,675162.0,20188799.0
2003,Zambia,ZMB,África al sur del Sahara (excluido altos ingresos),Países de ingreso bajo,0.98,241000.0,10837973.0
2003,Zimbabwe,ZWE,África al sur del Sahara (excluido altos ingresos),Países de ingreso mediano bajo,1.8,363651.0,12075828.0
2004,Afganistán,AFG,Asia meridional,Países de ingreso bajo,0.11,600000.0,23553551.0
2004,Albania,ALB,Europa y Asia central (excluido altos ingresos),Ingreso mediano alto,2.42,1259590.0,3026939.0
2004,Alemania,DEU,,Ingreso alto,64.73,71322000.0,82516260.0
2004,Andorra,AND,,Ingreso alto,26.84,58366.0,76933.0
2004,Angola,AGO,África al sur del Sahara (excluido altos ingresos),Países de ingreso mediano bajo,0.46,740000.0,18771125.0
2004,Antigua y Barbuda,ATG,,Ingreso alto,24.27,54000.0,78941.0
2004,Arabia Saudita,SAU,,Ingreso alto,10.23,9175764.0,23661808.0
2004,Argelia,DZA,Oriente Medio y Norte de África (excluido altos ingresos),Países de ingreso mediano bajo,4.63,4882414.0,32510186.0
2004,Argentina,ARG,América Latina y el Caribe (excluido altos ingresos),Ingreso mediano alto,16.04,13512383.0,38668796.0
2004,Armenia,ARM,Europa y Asia central (excluido altos ingresos),Ingreso mediano alto,4.9,203309.0,3065745.0
2004,Aruba,ABW,,Ingreso alto,23.0,98389.0,93540.0
2004,Australia,AUS,,Ingreso alto,,16480000.0,19932722.0
2004,Austria,AUT,,Ingreso alto,54.28,7992000.0,8171966.0
2004,Azerbaiyán,AZE,Europa y Asia central (excluido altos ingresos),Ingreso mediano alto,,1456523.0,8306500.0
2004,Bahamas,BHS,,Ingreso alto,22.0,186007.0,343089.0
2004,Bahrein,BHR,,Ingreso alto,21.46,649764.0,833451.0
2004,Bangladesh,BGD,Asia meridional,Países de ingreso mediano bajo,0.2,2781560.0,138789725.0
2004,Barbados,BRB,,Ingreso alto,49.8,200138.0,268505.0
2004,Belarús,BLR,Europa y Asia central (excluido altos ingresos),Ingreso mediano alto,,2239287.0,9730146.0
2004,Belice,BLZ,América Latina y el Caribe (excluido altos ingresos),Ingreso mediano alto,9.8,75000.0,272128.0
2004,Benin,BEN,África al sur del Sahara (excluido altos ingresos),Países de ingreso mediano bajo,1.18,459322.0,7894554.0
2004,Bermudas,BMU,,Ingreso alto,60.99,49000.0,63740.0
2004,Bhután,BTN,Asia meridional,Países de ingreso mediano bajo,3.16,19138.0,649991.0
2004,Bolivia,BOL,América Latina y el Caribe (excluido altos ingresos),Países de ingreso mediano bajo,4.44,1800789.0,9216279.0
2004,Bosnia y Herzegovina,BIH,Europa y Asia central (excluido altos ingresos),Ingreso mediano alto,15.47,1407441.0,4142860.0
2004,Botswana,BWA,África al sur del Sahara (excluido altos ingresos),Ingreso mediano alto,3.3,522840.0,1859085.0
2004,Brasil,BRA,América Latina y el Caribe (excluido altos ingresos),Ingreso mediano alto,19.07,65605000.0,184722043.0
2004,Brunei Darussalam,BRN,,Ingreso alto,29.72,202454.0,360461.0
2004,Bulgaria,BGR,Europa y Asia central (excluido altos ingresos),Ingreso mediano alto,18.13,4729731.0,7716860.0
2004,Burkina Faso,BFA,África al sur del Sahara (excluido altos ingresos),Países de ingreso bajo,0.4,395939.0,13445977.0
2004,Burundi,BDI,África al sur del Sahara (excluido altos ingresos),Países de ingreso bajo,0.35,100560.0,7120496.0
2004,Bélgica,BEL,,Ingreso alto,53.86,9131705.0,10421137.0
2004,Cabo Verde,CPV,África al sur del Sahara (excluido altos ingresos),Países de ingreso mediano bajo,5.32,65780.0,486583.0
2004,Camboya,KHM,Asia oriental y el Pacífico (excluido altos ingresos),Países de ingreso mediano bajo,0.3,861500.0,13016371.0
2004,Camerún,CMR,África al sur del Sahara (excluido altos ingresos),Países de ingreso mediano bajo,0.98,1530868.0,16809407.0
2004,Canadá,CAN,,Ingreso alto,65.96,15020000.0,31940655.0
2004,Chad,TCD,África al sur del Sahara (excluido altos ingresos),Países de ingreso bajo,0.36,123000.0,9613503.0
2004,Chile,CHL,,Ingreso alto,28.18,9261385.0,16017966.0
2004,China,CHN,Asia oriental y el Pacífico (excluido altos ingresos),Ingreso mediano alto,7.3,334824000.0,1296075000.0
2004,Chipre,CYP,,Ingreso alto,33.83,658234.0,1018684.0
2004,Colombia,COL,América Latina y el Caribe (excluido altos ingresos),Ingreso mediano alto,9.12,10400578.0,41648268.0
2004,Comoras,COM,África al sur del Sahara (excluido altos ingresos),Países de ingreso mediano bajo,1.33,8378.0,581154.0
2004,"Congo, República Democrática del",COD,África al sur del Sahara (excluido altos ingresos),Países de ingreso bajo,0.2,1990722.0,54815607.0
2004,"Congo, República del",COG,África al sur del Sahara (excluido altos ingresos),Países de ingreso mediano bajo,1.08,383653.0,3543012.0
2004,"Corea, República Popular Democrática de",PRK,Asia oriental y el Pacífico (excluido altos ingresos),Países de ingreso bajo,0.0,0.0,23948930.0
2004,"Corea, República de",KOR,,Ingreso alto,72.7,36586052.0,48082519.0
2004,Costa Rica,CRI,América Latina y el Caribe (excluido altos ingresos),Ingreso mediano alto,20.79,923084.0,4252800.0
2004,Croacia,HRV,,Ingreso alto,30.91,2835500.0,4304600.0
2004,Cuba,CUB,América Latina y el Caribe (excluido altos ingresos),Ingreso mediano alto,8.41,75797.0,11225294.0
2004,Curacao,CUW,,Ingreso alto,,,134192.0
2004,Côte d'Ivoire,CIV,África al sur del Sahara (excluido altos ingresos),Países de ingreso mediano bajo,0.85,1674332.0,18544903.0
2004,Dinamarca,DNK,,Ingreso alto,80.93,5166912.0,5404523.0
2004,Djibouti,DJI,Oriente Medio y Norte de África (excluido altos ingresos),Países de ingreso mediano bajo,0.78,34482.0,818373.0
2004,Dominica,DMA,América Latina y el Caribe (excluido altos ingresos),Ingreso mediano alto,30.32,41838.0,68574.0
2004,Ecuador,ECU,América Latina y el Caribe (excluido altos ingresos),Ingreso mediano alto,4.83,3544174.0,13534593.0
2004,"Egipto, República Árabe de",EGY,Oriente Medio y Norte de África (excluido altos ingresos),Países de ingreso mediano bajo,11.92,7643060.0,77522427.0
2004,El Salvador,SLV,América Latina y el Caribe (excluido altos ingresos),Países de ingreso mediano bajo,3.2,1832579.0,6035655.0
2004,Emiratos Árabes Unidos,ARE,,Ingreso alto,30.13,3683117.0,3993339.0
2004,Eritrea,ERI,África al sur del Sahara (excluido altos ingresos),Países de ingreso bajo,,20000.0,2763140.0
2004,Eslovenia,SVN,,Ingreso alto,40.81,1848637.0,1997012.0
2004,España,ESP,,Ingreso alto,44.01,38622582.0,42921895.0
2004,Estados Unidos,USA,,Ingreso alto,64.76,184819000.0,292805298.0
2004,Estonia,EST,,Ingreso alto,53.2,1255731.0,1362550.0
2004,Eswatini,SWZ,África al sur del Sahara (excluido altos ingresos),Países de ingreso mediano bajo,3.23,145000.0,1065764.0
2004,Etiopía,ETH,África al sur del Sahara (excluido altos ingresos),Países de ingreso bajo,0.16,155534.0,75301026.0
2004,Federación de Rusia,RUS,Europa y Asia central (excluido altos ingresos),Ingreso mediano alto,12.86,73722222.0,144067316.0
2004,Fiji,FJI,Asia oriental y el Pacífico (excluido altos ingresos),Ingreso mediano alto,7.41,142190.0,866694.0
2004,Filipinas,PHL,Asia oriental y el Pacífico (excluido altos ingresos),Países de ingreso mediano bajo,5.24,32935875.0,84607501.0
2004,Finlandia,FIN,,Ingreso alto,72.39,4988000.0,5228172.0
2004,Francia,FRA,,Ingreso alto,39.15,44544000.0,62716306.0
2004,Gabón,GAB,África al sur del Sahara (excluido altos ingresos),Ingreso mediano alto,2.98,489367.0,1417110.0
2004,Gambia,GMB,África al sur del Sahara (excluido altos ingresos),Países de ingreso bajo,3.31,175000.0,1612225.0
2004,Georgia,GEO,Europa y Asia central (excluido altos ingresos),Ingreso mediano alto,3.89,840645.0,3927340.0
2004,Ghana,GHA,África al sur del Sahara (excluido altos ingresos),Países de ingreso mediano bajo,1.72,1695000.0,21906444.0
2004,Gibraltar,GIB,,Ingreso alto,32.89,18392.0,28716.0
2004,Granada,GRD,América Latina y el Caribe (excluido altos ingresos),Ingreso mediano alto,19.57,43313.0,109516.0
2004,Grecia,GRC,,Ingreso alto,21.42,9324335.0,10955141.0
2004,Groenlandia,GRL,,Ingreso alto,56.1,39033.0,56911.0
2004,Guam,GUM,,Ingreso alto,36.16,98000.0,164004.0
2004,Guatemala,GTM,América Latina y el Caribe (excluido altos ingresos),Ingreso mediano alto,5.1,3168256.0,12682108.0
2004,Guinea,GIN,África al sur del Sahara (excluido altos ingresos),Países de ingreso bajo,0.51,154900.0,8961039.0
2004,Guinea Ecuatorial,GNQ,África al sur del Sahara (excluido altos ingresos),Ingreso mediano alto,0.84,61900.0,826355.0
2004,Guinea-Bissau,GNB,África al sur del Sahara (excluido altos ingresos),Países de ingreso bajo,1.81,39451.0,1347009.0
2004,Guyana,GUY,América Latina y el Caribe (excluido altos ingresos),Ingreso mediano alto,3.7,171656.0,760424.0
2004,Haití,HTI,América Latina y el Caribe (excluido altos ingresos),Países de ingreso mediano bajo,5.4,400000.0,8961489.0
2004,Honduras,HND,América Latina y el Caribe (excluido altos ingresos),Países de ingreso mediano bajo,5.6,707201.0,7383407.0
2004,"Hong Kong, Región Administrativa Especial",HKG,,Ingreso alto,56.4,8213959.0,6783500.0
2004,Hungría,HUN,,Ingreso alto,27.74,8727188.0,10107146.0
2004,India,IND,Asia meridional,Países de ingreso mediano bajo,1.98,52220000.0,1136264583.0
2004,Indonesia,IDN,Asia oriental y el Pacífico (excluido altos ingresos),Países de ingreso mediano bajo,2.6,30336607.0,225938595.0
2004,Iraq,IRQ,Oriente Medio y Norte de África (excluido altos ingresos),Ingreso mediano alto,0.9,574000.0,27858948.0
2004,Irlanda,IRL,,Ingreso alto,36.99,3860000.0,4070262.0
2004,"Irán, República Islámica del",IRN,Oriente Medio y Norte de África (excluido altos ingresos),Países de ingreso mediano bajo,7.49,5075678.0,69061674.0
2004,Isla de Man,IMN,,Ingreso alto,,,78677.0
2004,Isla de San Martín (parte francesa),MAF,,Ingreso alto,,,32697.0
2004,Islandia,ISL,,Ingreso alto,83.88,290068.0,292074.0
2004,Islas Caimán,CYM,,Ingreso alto,,33800.0,45286.0
2004,Islas Feroe,FRO,,Ingreso alto,66.53,41298.0,47989.0
2004,Islas Marshall,MHL,Asia oriental y el Pacífico (excluido altos ingresos),Ingreso mediano alto,3.6,644.0,54435.0
2004,Islas Salomón,SLB,Asia oriental y el Pacífico (excluido altos ingresos),Países de ingreso mediano bajo,0.65,3000.0,471785.0
2004,Islas Turcas y Caicos,TCA,,Ingreso alto,,25085.0,22869.0
2004,Islas Vírgenes (EE.UU.),VIR,,Ingreso alto,27.38,64200.0,108466.0
2004,Islas Vírgenes Británicas,VGB,,Ingreso alto,,,22715.0
2004,Islas del Canal,CHI,,Ingreso alto,,,149538.0
2004,Israel,ISR,,Ingreso alto,22.77,7221955.0,6809000.0
2004,Italia,ITA,,Ingreso alto,33.24,62750000.0,57685327.0
2004,Jamaica,JAM,América Latina y el Caribe (excluido altos ingresos),Ingreso mediano alto,10.0,1837552.0,2664024.0
2004,Japón,JPN,,Ingreso alto,62.39,91474000.0,127761000.0
2004,Jordania,JOR,Oriente Medio y Norte de África (excluido altos ingresos),Ingreso mediano alto,11.66,1624110.0,5532423.0
2004,Kazajstán,KAZ,Europa y Asia central (excluido altos ingresos),Ingreso mediano alto,2.65,2447000.0,15012984.0
2004,Kenya,KEN,África al sur del Sahara (excluido altos ingresos),Países de ingreso mediano bajo,3.02,2546157.0,34791836.0
2004,Kirguistán,KGZ,Europa y Asia central (excluido altos ingresos),Países de ingreso mediano bajo,5.09,263375.0,5104700.0
2004,Kiribati,KIR,Asia oriental y el Pacífico (excluido altos ingresos),Países de ingreso mediano bajo,3.5,615.0,96224.0
2004,Kosovo,XKX,Europa y Asia central (excluido altos ingresos),Ingreso mediano alto,,,1704622.0
2004,Kuwait,KWT,,Ingreso alto,22.93,1774567.0,2153481.0
2004,Lesotho,LSO,África al sur del Sahara (excluido altos ingresos),Países de ingreso mediano bajo,2.18,196213.0,1985384.0
2004,Letonia,LVA,,Ingreso alto,38.58,1536712.0,2263122.0
2004,Liberia,LBR,África al sur del Sahara (excluido altos ingresos),Países de ingreso bajo,0.03,94370.0,3122447.0
2004,Libia,LBY,Oriente Medio y Norte de África (excluido altos ingresos),Ingreso mediano alto,3.53,500000.0,5687563.0
2004,Liechtenstein,LIE,,Ingreso alto,64.01,25500.0,34300.0
2004,Lituania,LTU,,Ingreso alto,31.23,3051160.0,3377075.0
2004,Luxemburgo,LUX,,Ingreso alto,65.88,470000.0,458095.0
2004,Líbano,LBN,Oriente Medio y Norte de África (excluido altos ingresos),Países de ingreso mediano bajo,9.0,884445.0,4574797.0
2004,Macedonia del Norte,MKD,Europa y Asia central (excluido altos ingresos),Ingreso mediano alto,24.44,985600.0,2032544.0
2004,Madagascar,MDG,África al sur del Sahara (excluido altos ingresos),Países de ingreso bajo,0.53,333888.0,18250774.0
2004,Malasia,MYS,Asia oriental y el Pacífico (excluido altos ingresos),Ingreso mediano alto,42.25,14611000.0,25333247.0
2004,Malawi,MWI,África al sur del Sahara (excluido altos ingresos),Países de ingreso bajo,0.35,222135.0,12411342.0
2004,Maldivas,MDV,Asia meridional,Ingreso mediano alto,6.59,113246.0,302135.0
2004,Malta,MLT,,Ingreso alto,34.62,306067.0,401268.0
2004,Malí,MLI,África al sur del Sahara (excluido altos ingresos),Países de ingreso bajo,0.43,406861.0,12751995.0
2004,Mariana,MNP,,Ingreso alto,,20474.0,71898.0
2004,Marruecos,MAR,Oriente Medio y Norte de África (excluido altos ingresos),Países de ingreso mediano bajo,11.61,9336878.0,30033125.0
2004,Mauricio,MUS,África al sur del Sahara (excluido altos ingresos),Ingreso mediano alto,13.69,547745.0,1221003.0
2004,Mauritania,MRT,África al sur del Sahara (excluido altos ingresos),Países de ingreso mediano bajo,0.48,522400.0,2946575.0
2004,Micronesia (Estados Federados de),FSM,Asia oriental y el Pacífico (excluido altos ingresos),Países de ingreso mediano bajo,11.02,12782.0,111438.0
2004,Mongolia,MNG,Asia oriental y el Pacífico (excluido altos ingresos),Países de ingreso mediano bajo,,428695.0,2537949.0
2004,Montenegro,MNE,Europa y Asia central (excluido altos ingresos),Ingreso mediano alto,25.35,483766.0,613353.0
2004,Mozambique,MOZ,África al sur del Sahara (excluido altos ingresos),Países de ingreso bajo,0.68,708000.0,19694411.0
2004,Myanmar,MMR,Asia oriental y el Pacífico (excluido altos ingresos),Países de ingreso mediano bajo,0.02,92452.0,47338446.0
2004,México,MEX,América Latina y el Caribe (excluido altos ingresos),Ingreso mediano alto,14.1,38451135.0,103945813.0
2004,Mónaco,MCO,,Ingreso alto,52.49,15750.0,32236.0
2004,Namibia,NAM,África al sur del Sahara (excluido altos ingresos),Ingreso mediano alto,3.8,286095.0,1939406.0
2004,Nauru,NRU,,Ingreso alto,,,10335.0
2004,Nepal,NPL,Asia meridional,Países de ingreso mediano bajo,0.45,116778.0,26003965.0
2004,Nicaragua,NIC,América Latina y el Caribe (excluido altos ingresos),Países de ingreso mediano bajo,2.32,738624.0,5386223.0
2004,Nigeria,NGA,África al sur del Sahara (excluido altos ingresos),Países de ingreso mediano bajo,1.29,9147209.0,136756848.0
2004,Noruega,NOR,,Ingreso alto,77.69,4524750.0,4591910.0
2004,Nueva Caledonia,NCL,,Ingreso alto,30.3,116443.0,228750.0
2004,Nueva Zelandia,NZL,,Ingreso alto,61.85,3027000.0,4087500.0
2004,Níger,NER,África al sur del Sahara (excluido altos ingresos),Países de ingreso bajo,0.19,172421.0,13366885.0
2004,Omán,OMN,,Ingreso alto,6.76,806280.0,2468855.0
2004,Pakistán,PAK,Asia meridional,Países de ingreso mediano bajo,6.16,5022908.0,170648620.0
2004,Palau,PLW,Asia oriental y el Pacífico (excluido altos ingresos),Ingreso mediano alto,26.97,3924.0,19907.0
2004,Panamá,PAN,,Ingreso alto,11.14,1259948.0,3243311.0
2004,Papua Nueva Guinea,PNG,Asia oriental y el Pacífico (excluido altos ingresos),Países de ingreso mediano bajo,1.51,48311.0,6293166.0
2004,Paraguay,PRY,América Latina y el Caribe (excluido altos ingresos),Ingreso mediano alto,3.45,1749048.0,5416324.0
2004,Países Bajos,NLD,,Ingreso alto,68.52,14800000.0,16281779.0
2004,Perú,PER,América Latina y el Caribe (excluido altos ingresos),Ingreso mediano alto,14.1,4092558.0,27893911.0
2004,Polinesia Francesa,PYF,,Ingreso alto,17.88,96000.0,267132.0
2004,Polonia,POL,,Ingreso alto,32.53,23096065.0,38182222.0
2004,Portugal,PRT,,Ingreso alto,31.78,10571100.0,10483861.0
2004,Puerto Rico,PRI,,Ingreso alto,22.13,1847927.0,3826878.0
2004,Qatar,QAT,,Ingreso alto,20.7,490333.0,777943.0
2004,"Región Administrativa Especial de Macao, China",MAC,,Ingreso alto,31.48,432450.0,475529.0
2004,Reino Unido,GBR,,Ingreso alto,65.61,59687915.0,59987905.0
2004,República Centroafricana,CAF,África al sur del Sahara (excluido altos ingresos),Países de ingreso bajo,0.22,60000.0,4115138.0
2004,República Checa,CZE,,Ingreso alto,35.5,10782567.0,10197101.0
2004,República Democrática Popular Lao,LAO,Asia oriental y el Pacífico (excluido altos ingresos),Países de ingreso mediano bajo,0.36,204191.0,5768167.0
2004,República Dominicana,DOM,América Latina y el Caribe (excluido altos ingresos),Ingreso mediano alto,8.87,2534063.0,9043127.0
2004,República Eslovaca,SVK,,Ingreso alto,52.89,4275164.0,5372280.0
2004,República de Moldova,MDA,Europa y Asia central (excluido altos ingresos),Ingreso mediano alto,10.63,787000.0,2896023.0
2004,República Árabe Siria,SYR,Oriente Medio y Norte de África (excluido altos ingresos),Países de ingreso bajo,4.32,2346000.0,18084007.0
2004,Ribera Occidental y Gaza,PSE,Oriente Medio y Norte de África (excluido altos ingresos),Países de ingreso mediano bajo,4.4,436628.0,3236626.0
2004,Rumania,ROU,,Ingreso alto,15.0,10215388.0,21451748.0
2004,Rwanda,RWA,África al sur del Sahara (excluido altos ingresos),Países de ingreso bajo,0.43,137271.0,8791853.0
2004,Saint Kitts y Nevis,KNA,,Ingreso alto,24.74,29000.0,46580.0
2004,Samoa,WSM,Asia oriental y el Pacífico (excluido altos ingresos),Países de ingreso mediano bajo,3.08,16000.0,188073.0
2004,Samoa Americana,ASM,Asia oriental y el Pacífico (excluido altos ingresos),Ingreso mediano alto,,2250.0,57626.0
2004,San Marino,SMR,,Ingreso alto,50.57,17085.0,29093.0
2004,San Vicente y las Granadinas,VCT,América Latina y el Caribe (excluido altos ingresos),Ingreso mediano alto,7.37,72000.0,112608.0
2004,Santa Lucía,LCA,América Latina y el Caribe (excluido altos ingresos),Ingreso mediano alto,21.4,101000.0,164239.0
2004,Santo Tomé y Príncipe,STP,África al sur del Sahara (excluido altos ingresos),Países de ingreso mediano bajo,13.32,7745.0,157697.0
2004,Senegal,SEN,África al sur del Sahara (excluido altos ingresos),Países de ingreso mediano bajo,4.39,1121314.0,10698691.0
2004,Serbia,SRB,Europa y Asia central (excluido altos ingresos),Ingreso mediano alto,23.5,4729629.0,7463157.0
2004,Seychelles,SYC,,Ingreso alto,24.27,54369.0,82475.0
2004,Sierra Leona,SLE,África al sur del Sahara (excluido altos ingresos),Países de ingreso bajo,0.2,,5533329.0
2004,Singapur,SGP,,Ingreso alto,62.0,3990700.0,4166664.0
2004,Sint Maarten (Dutch part),SXM,,Ingreso alto,,,32488.0
2004,Somalia,SOM,África al sur del Sahara (excluido altos ingresos),Países de ingreso bajo,1.05,500000.0,10117354.0
2004,Sri Lanka,LKA,Asia meridional,Países de ingreso mediano bajo,1.45,2211158.0,19387153.0
2004,Sudáfrica,ZAF,África al sur del Sahara (excluido altos ingresos),Ingreso mediano alto,8.43,20839000.0,48556071.0
2004,Sudán,SDN,África al sur del Sahara (excluido altos ingresos),Países de ingreso bajo,0.79,1048558.0,28831550.0
2004,Sudán del Sur,SSD,África al sur del Sahara (excluido altos ingresos),Países de ingreso bajo,,,7317118.0
2004,Suecia,SWE,,Ingreso alto,83.89,8785000.0,8993531.0
2004,Suiza,CHE,,Ingreso alto,67.8,6274763.0,7389625.0
2004,Suriname,SUR,América Latina y el Caribe (excluido altos ingresos),Ingreso mediano alto,6.08,212819.0,510572.0
2004,Tailandia,THA,Asia oriental y el Pacífico (excluido altos ingresos),Ingreso mediano alto,10.68,26965548.0,65311166.0
2004,Tanzanía,TZA,África al sur del Sahara (excluido altos ingresos),Países de ingreso mediano bajo,0.88,1942000.0,38360879.0
2004,Tayikistán,TJK,Europa y Asia central (excluido altos ingresos),Países de ingreso mediano bajo,0.08,135000.0,6801204.0
2004,Timor-Leste,TLS,Asia oriental y el Pacífico (excluido altos ingresos),Países de ingreso mediano bajo,0.0,25722.0,945989.0
2004,Togo,TGO,África al sur del Sahara (excluido altos ingresos),Países de ingreso bajo,1.5,332565.0,5565218.0
2004,Tonga,TON,Asia oriental y el Pacífico (excluido altos ingresos),Ingreso mediano alto,3.95,16400.0,105036.0
2004,Trinidad y Tobago,TTO,,Ingreso alto,27.02,651189.0,1361172.0
2004,Turkmenistán,TKM,Europa y Asia central (excluido altos ingresos),Ingreso mediano alto,0.75,50100.0,4819792.0
2004,Turquía,TUR,Europa y Asia central (excluido altos ingresos),Ingreso mediano alto,14.58,34707549.0,67785075.0
2004,Tuvalu,TUV,Asia oriental y el Pacífico (excluido altos ingresos),Ingreso mediano alto,7.6,500.0,9791.0
2004,Túnez,TUN,Oriente Medio y Norte de África (excluido altos ingresos),Países de ingreso mediano bajo,8.53,3735695.0,10292225.0
2004,Ucrania,UKR,Europa y Asia central (excluido altos ingresos),Países de ingreso mediano bajo,3.49,13735000.0,47451626.0
2004,Uganda,UGA,África al sur del Sahara (excluido altos ingresos),Países de ingreso bajo,0.72,1165035.0,27146084.0
2004,Uruguay,URY,,Ingreso alto,17.06,599768.0,3313801.0
2004,Uzbekistán,UZB,Europa y Asia central (excluido altos ingresos),Países de ingreso mediano bajo,2.59,544100.0,25864350.0
2004,Vanuatu,VUT,Asia oriental y el Pacífico (excluido altos ingresos),Países de ingreso mediano bajo,4.75,10504.0,212422.0
2004,Venezuela,VEN,,No clasificado,8.4,8420980.0,26226927.0
2004,Viet Nam,VNM,Asia oriental y el Pacífico (excluido altos ingresos),Países de ingreso mediano bajo,7.64,4960000.0,82311227.0
2004,"Yemen, Rep. del",YEM,Oriente Medio y Norte de África (excluido altos ingresos),Países de ingreso bajo,0.88,1476000.0,20733406.0
2004,Zambia,ZMB,África al sur del Sahara (excluido altos ingresos),Países de ingreso bajo,1.1,464354.0,11188040.0
2004,Zimbabwe,ZWE,África al sur del Sahara (excluido altos ingresos),Países de ingreso mediano bajo,2.1,425745.0,12160881.0
2005,Afganistán,AFG,Asia meridional,Países de ingreso bajo,1.22,1200000.0,24411191.0
2005,Albania,ALB,Europa y Asia central (excluido altos ingresos),Ingreso mediano alto,6.04,1530244.0,3011487.0
2005,Alemania,DEU,,Ingreso alto,68.71,79271000.0,82469422.0
2005,Andorra,AND,,Ingreso alto,37.61,64560.0,79826.0
2005,Angola,AGO,África al sur del Sahara (excluido altos ingresos),Países de ingreso mediano bajo,1.14,1611118.0,19450959.0
2005,Antigua y Barbuda,ATG,,Ingreso alto,27.0,86000.0,79869.0
2005,Arabia Saudita,SAU,,Ingreso alto,12.71,14164184.0,24397644.0
2005,Argelia,DZA,Oriente Medio y Norte de África (excluido altos ingresos),Países de ingreso mediano bajo,5.84,13661355.0,32956690.0
2005,Argentina,ARG,América Latina y el Caribe (excluido altos ingresos),Ingreso mediano alto,17.72,22156426.0,39070501.0
2005,Armenia,ARM,Europa y Asia central (excluido altos ingresos),Ingreso mediano alto,5.25,318044.0,3047246.0
2005,Aruba,ABW,,Ingreso alto,25.4,103417.0,94483.0
2005,Australia,AUS,,Ingreso alto,63.0,18420000.0,20176844.0
2005,Austria,AUT,,Ingreso alto,58.0,8665000.0,8227829.0
2005,Azerbaiyán,AZE,Europa y Asia central (excluido altos ingresos),Ingreso mediano alto,8.03,2242000.0,8391850.0
2005,Bahamas,BHS,,Ingreso alto,25.0,227771.0,347804.0
2005,Bahrein,BHR,,Ingreso alto,21.3,767103.0,901921.0
2005,Bangladesh,BGD,Asia meridional,Países de ingreso mediano bajo,0.24,9000000.0,140912590.0
2005,Barbados,BRB,,Ingreso alto,52.5,206190.0,269477.0
2005,Belarús,BLR,Europa y Asia central (excluido altos ingresos),Ingreso mediano alto,,4099500.0,9663915.0
2005,Belice,BLZ,América Latina y el Caribe (excluido altos ingresos),Ingreso mediano alto,17.0,96000.0,280375.0
2005,Benin,BEN,África al sur del Sahara (excluido altos ingresos),Países de ingreso mediano bajo,1.27,596267.0,8149419.0
2005,Bermudas,BMU,,Ingreso alto,65.45,52720.0,64154.0
2005,Bhután,BTN,Asia meridional,Países de ingreso mediano bajo,3.85,36000.0,663323.0
2005,Bolivia,BOL,América Latina y el Caribe (excluido altos ingresos),Países de ingreso mediano bajo,5.23,2421402.0,9377388.0
2005,Bosnia y Herzegovina,BIH,Europa y Asia central (excluido altos ingresos),Ingreso mediano alto,21.33,1594367.0,4094297.0
2005,Botswana,BWA,África al sur del Sahara (excluido altos ingresos),Ingreso mediano alto,3.26,563782.0,1892807.0
2005,Brasil,BRA,América Latina y el Caribe (excluido altos ingresos),Ingreso mediano alto,21.02,86210336.0,186797334.0
2005,Brunei Darussalam,BRN,,Ingreso alto,36.47,232900.0,366717.0
2005,Bulgaria,BGR,Europa y Asia central (excluido altos ingresos),Ingreso mediano alto,19.97,6244922.0,7658972.0
2005,Burkina Faso,BFA,África al sur del Sahara (excluido altos ingresos),Países de ingreso bajo,0.47,633554.0,13876127.0
2005,Burundi,BDI,África al sur del Sahara (excluido altos ingresos),Países de ingreso bajo,0.54,153000.0,7388874.0
2005,Bélgica,BEL,,Ingreso alto,55.82,9604695.0,10478617.0
2005,Cabo Verde,CPV,África al sur del Sahara (excluido altos ingresos),Países de ingreso mediano bajo,6.07,81721.0,492827.0
2005,Camboya,KHM,Asia oriental y el Pacífico (excluido altos ingresos),Países de ingreso mediano bajo,0.32,1062000.0,13246583.0
2005,Camerún,CMR,África al sur del Sahara (excluido altos ingresos),Países de ingreso mediano bajo,1.4,2252508.0,17275171.0
2005,Canadá,CAN,,Ingreso alto,71.66,17016600.0,32243753.0
2005,Chad,TCD,África al sur del Sahara (excluido altos ingresos),Países de ingreso bajo,0.4,210000.0,10005012.0
2005,Chile,CHL,,Ingreso alto,31.18,10569572.0,16175311.0
2005,China,CHN,Asia oriental y el Pacífico (excluido altos ingresos),Ingreso mediano alto,8.52,393406000.0,1303720000.0
2005,Chipre,CYP,,Ingreso alto,32.81,782503.0,1037062.0
2005,Colombia,COL,América Latina y el Caribe (excluido altos ingresos),Ingreso mediano alto,11.01,21849993.0,42220940.0
2005,Comoras,COM,África al sur del Sahara (excluido altos ingresos),Países de ingreso mediano bajo,2.0,15523.0,592683.0
2005,"Congo, República Democrática del",COD,África al sur del Sahara (excluido altos ingresos),Países de ingreso bajo,0.24,2746094.0,56550247.0
2005,"Congo, República del",COG,África al sur del Sahara (excluido altos ingresos),Países de ingreso mediano bajo,1.46,558192.0,3672839.0
2005,"Corea, República Popular Democrática de",PRK,Asia oriental y el Pacífico (excluido altos ingresos),Países de ingreso bajo,0.0,0.0,24100982.0
2005,"Corea, República de",KOR,,Ingreso alto,73.5,38342323.0,48184561.0
2005,Costa Rica,CRI,América Latina y el Caribe (excluido altos ingresos),Ingreso mediano alto,22.07,1101305.0,4315887.0
2005,Croacia,HRV,,Ingreso alto,33.14,3649700.0,4310145.0
2005,Cuba,CUB,América Latina y el Caribe (excluido altos ingresos),Ingreso mediano alto,9.74,135534.0,11246114.0
2005,Curacao,CUW,,Ingreso alto,,,137658.0
2005,Côte d'Ivoire,CIV,África al sur del Sahara (excluido altos ingresos),Países de ingreso mediano bajo,1.04,2349439.0,18970215.0
2005,Dinamarca,DNK,,Ingreso alto,82.74,5449206.0,5419432.0
2005,Djibouti,DJI,Oriente Medio y Norte de África (excluido altos ingresos),Países de ingreso mediano bajo,0.95,44053.0,830861.0
2005,Dominica,DMA,América Latina y el Caribe (excluido altos ingresos),Ingreso mediano alto,38.54,52000.0,68674.0
2005,Ecuador,ECU,América Latina y el Caribe (excluido altos ingresos),Ingreso mediano alto,5.99,6246332.0,13770012.0
2005,"Egipto, República Árabe de",EGY,Oriente Medio y Norte de África (excluido altos ingresos),Países de ingreso mediano bajo,12.75,13629602.0,79075310.0
2005,El Salvador,SLV,América Latina y el Caribe (excluido altos ingresos),Países de ingreso mediano bajo,4.2,2411753.0,6037817.0
2005,Emiratos Árabes Unidos,ARE,,Ingreso alto,40.0,4534143.0,4280993.0
2005,Eritrea,ERI,África al sur del Sahara (excluido altos ingresos),Países de ingreso bajo,,40438.0,2831732.0
2005,Eslovenia,SVN,,Ingreso alto,46.81,1759232.0,2000474.0
2005,España,ESP,,Ingreso alto,47.88,42694115.0,43653155.0
2005,Estados Unidos,USA,,Ingreso alto,67.97,203700000.0,295516599.0
2005,Estonia,EST,,Ingreso alto,61.45,1445300.0,1354775.0
2005,Eswatini,SWZ,África al sur del Sahara (excluido altos ingresos),Países de ingreso mediano bajo,3.7,200000.0,1071886.0
2005,Etiopía,ETH,África al sur del Sahara (excluido altos ingresos),Países de ingreso bajo,0.22,410630.0,77469940.0
2005,Federación de Rusia,RUS,Europa y Asia central (excluido altos ingresos),Ingreso mediano alto,15.23,120000000.0,143518814.0
2005,Fiji,FJI,Asia oriental y el Pacífico (excluido altos ingresos),Ingreso mediano alto,8.45,205000.0,874923.0
2005,Filipinas,PHL,Asia oriental y el Pacífico (excluido altos ingresos),Países de ingreso mediano bajo,5.4,34778995.0,86261250.0
2005,Finlandia,FIN,,Ingreso alto,74.48,5270000.0,5246096.0
2005,Francia,FRA,,Ingreso alto,42.87,48088000.0,63188395.0
2005,Gabón,GAB,África al sur del Sahara (excluido altos ingresos),Ingreso mediano alto,4.89,736690.0,1458353.0
2005,Gambia,GMB,África al sur del Sahara (excluido altos ingresos),Países de ingreso bajo,3.8,247478.0,1660368.0
2005,Georgia,GEO,Europa y Asia central (excluido altos ingresos),Ingreso mediano alto,6.08,1174308.0,3902469.0
2005,Ghana,GHA,África al sur del Sahara (excluido altos ingresos),Países de ingreso mediano bajo,1.83,2874560.0,22496951.0
2005,Gibraltar,GIB,,Ingreso alto,39.07,20000.0,29155.0
2005,Granada,GRD,América Latina y el Caribe (excluido altos ingresos),Ingreso mediano alto,20.49,46858.0,110254.0
2005,Grecia,GRC,,Ingreso alto,24.0,10260396.0,10987314.0
2005,Groenlandia,GRL,,Ingreso alto,57.7,46480.0,56935.0
2005,Guam,GUM,,Ingreso alto,38.56,,164430.0
2005,Guatemala,GTM,América Latina y el Caribe (excluido altos ingresos),Ingreso mediano alto,5.7,4510067.0,12948292.0
2005,Guinea,GIN,África al sur del Sahara (excluido altos ingresos),Países de ingreso bajo,0.54,189000.0,9140114.0
2005,Guinea Ecuatorial,GNQ,África al sur del Sahara (excluido altos ingresos),Ingreso mediano alto,1.15,96900.0,864726.0
2005,Guinea-Bissau,GNB,África al sur del Sahara (excluido altos ingresos),Países de ingreso bajo,1.9,98825.0,1379713.0
2005,Guyana,GUY,América Latina y el Caribe (excluido altos ingresos),Ingreso mediano alto,5.7,281368.0,759709.0
2005,Haití,HTI,América Latina y el Caribe (excluido altos ingresos),Países de ingreso mediano bajo,6.38,500200.0,9111900.0
2005,Honduras,HND,América Latina y el Caribe (excluido altos ingresos),Países de ingreso mediano bajo,6.5,1281462.0,7564613.0
2005,"Hong Kong, Región Administrativa Especial",HKG,,Ingreso alto,56.9,8544255.0,6813200.0
2005,Hungría,HUN,,Ingreso alto,38.97,9320000.0,10087065.0
2005,India,IND,Asia meridional,Países de ingreso mediano bajo,2.39,90140000.0,1154638713.0
2005,Indonesia,IDN,Asia oriental y el Pacífico (excluido altos ingresos),Países de ingreso mediano bajo,3.6,46909972.0,228805144.0
2005,Iraq,IRQ,Oriente Medio y Norte de África (excluido altos ingresos),Ingreso mediano alto,0.9,1533000.0,28698684.0
2005,Irlanda,IRL,,Ingreso alto,41.61,4270000.0,4159914.0
2005,"Irán, República Islámica del",IRN,Oriente Medio y Norte de África (excluido altos ingresos),Países de ingreso mediano bajo,8.1,8510513.0,70182594.0
2005,Isla de Man,IMN,,Ingreso alto,,,79415.0
2005,Isla de San Martín (parte francesa),MAF,,Ingreso alto,,,33452.0
2005,Islandia,ISL,,Ingreso alto,87.0,283108.0,296734.0
2005,Islas Caimán,CYM,,Ingreso alto,38.03,80945.0,46727.0
2005,Islas Feroe,FRO,,Ingreso alto,67.9,42032.0,48291.0
2005,Islas Marshall,MHL,Asia oriental y el Pacífico (excluido altos ingresos),Ingreso mediano alto,3.88,660.0,54337.0
2005,Islas Salomón,SLB,Asia oriental y el Pacífico (excluido altos ingresos),Países de ingreso mediano bajo,0.84,6000.0,482486.0
2005,Islas Turcas y Caicos,TCA,,Ingreso alto,,,23995.0
2005,Islas Vírgenes (EE.UU.),VIR,,Ingreso alto,27.34,80300.0,108453.0
2005,Islas Vírgenes Británicas,VGB,,Ingreso alto,,,23497.0
2005,Islas del Canal,CHI,,Ingreso alto,,,150763.0
2005,Israel,ISR,,Ingreso alto,25.19,7757000.0,6930100.0
2005,Italia,ITA,,Ingreso alto,35.0,71500000.0,57969484.0
2005,Jamaica,JAM,América Latina y el Caribe (excluido altos ingresos),Ingreso mediano alto,12.8,1981464.0,2676863.0
2005,Japón,JPN,,Ingreso alto,66.92,96484000.0,127773000.0
2005,Jordania,JOR,Oriente Medio y Norte de África (excluido altos ingresos),Ingreso mediano alto,12.93,3137700.0,5678534.0
2005,Kazajstán,KAZ,Europa y Asia central (excluido altos ingresos),Ingreso mediano alto,2.96,5398000.0,15147029.0
2005,Kenya,KEN,África al sur del Sahara (excluido altos ingresos),Países de ingreso mediano bajo,3.1,4611970.0,35843010.0
2005,Kirguistán,KGZ,Europa y Asia central (excluido altos ingresos),Países de ingreso mediano bajo,10.53,541652.0,5162600.0
2005,Kiribati,KIR,Asia oriental y el Pacífico (excluido altos ingresos),Países de ingreso mediano bajo,4.0,650.0,98164.0
2005,Kosovo,XKX,Europa y Asia central (excluido altos ingresos),Ingreso mediano alto,,562000.0,1705780.0
2005,Kuwait,KWT,,Ingreso alto,25.93,1382084.0,2235403.0
2005,Lesotho,LSO,África al sur del Sahara (excluido altos ingresos),Países de ingreso mediano bajo,2.58,249786.0,1977424.0
2005,Letonia,LVA,,Ingreso alto,46.0,1871602.0,2238799.0
2005,Liberia,LBR,África al sur del Sahara (excluido altos ingresos),Países de ingreso bajo,,160000.0,3266318.0
2005,Libia,LBY,Oriente Medio y Norte de África (excluido altos ingresos),Ingreso mediano alto,3.92,2000000.0,5837986.0
2005,Liechtenstein,LIE,,Ingreso alto,63.37,27503.0,34603.0
2005,Lituania,LTU,,Ingreso alto,36.22,4353447.0,3322528.0
2005,Luxemburgo,LUX,,Ingreso alto,70.0,510000.0,465158.0
2005,Líbano,LBN,Oriente Medio y Norte de África (excluido altos ingresos),Países de ingreso mediano bajo,10.14,993557.0,4643044.0
2005,Macedonia del Norte,MKD,Europa y Asia central (excluido altos ingresos),Ingreso mediano alto,26.45,1131006.0,2036855.0
2005,Madagascar,MDG,África al sur del Sahara (excluido altos ingresos),Países de ingreso bajo,0.57,510269.0,18792171.0
2005,Malasia,MYS,Asia oriental y el Pacífico (excluido altos ingresos),Ingreso mediano alto,48.63,19545000.0,25923536.0
2005,Malawi,MWI,África al sur del Sahara (excluido altos ingresos),Países de ingreso bajo,0.38,421163.0,12755648.0
2005,Maldivas,MDV,Asia meridional,Ingreso mediano alto,6.87,203620.0,307018.0
2005,Malta,MLT,,Ingreso alto,41.24,323980.0,403834.0
2005,Malí,MLI,África al sur del Sahara (excluido altos ingresos),Países de ingreso bajo,0.51,761986.0,13180551.0
2005,Mariana,MNP,,Ingreso alto,,,69025.0
2005,Marruecos,MAR,Oriente Medio y Norte de África (excluido altos ingresos),Países de ingreso mediano bajo,15.08,12392805.0,30431902.0
2005,Mauricio,MUS,África al sur del Sahara (excluido altos ingresos),Ingreso mediano alto,15.17,656828.0,1228254.0
2005,Mauritania,MRT,África al sur del Sahara (excluido altos ingresos),Países de ingreso mediano bajo,0.67,745615.0,3012360.0
2005,Micronesia (Estados Federados de),FSM,Asia oriental y el Pacífico (excluido altos ingresos),Países de ingreso mediano bajo,11.88,14094.0,110940.0
2005,Mongolia,MNG,Asia oriental y el Pacífico (excluido altos ingresos),Países de ingreso mediano bajo,,557207.0,2559255.0
2005,Montenegro,MNE,Europa y Asia central (excluido altos ingresos),Ingreso mediano alto,27.1,543220.0,614261.0
2005,Mozambique,MOZ,África al sur del Sahara (excluido altos ingresos),Países de ingreso bajo,0.85,1503943.0,20211114.0
2005,Myanmar,MMR,Asia oriental y el Pacífico (excluido altos ingresos),Países de ingreso mediano bajo,0.07,128700.0,47724471.0
2005,México,MEX,América Latina y el Caribe (excluido altos ingresos),Ingreso mediano alto,17.21,47128746.0,105442402.0
2005,Mónaco,MCO,,Ingreso alto,55.46,17191.0,32141.0
2005,Namibia,NAM,África al sur del Sahara (excluido altos ingresos),Ingreso mediano alto,4.01,448857.0,1962865.0
2005,Nauru,NRU,,Ingreso alto,,,10318.0
2005,Nepal,NPL,Asia meridional,Países de ingreso mediano bajo,0.83,227316.0,26285110.0
2005,Nicaragua,NIC,América Latina y el Caribe (excluido altos ingresos),Países de ingreso mediano bajo,2.57,1119379.0,5454678.0
2005,Nigeria,NGA,África al sur del Sahara (excluido altos ingresos),Países de ingreso mediano bajo,3.55,18587000.0,140490722.0
2005,Noruega,NOR,,Ingreso alto,81.99,4754453.0,4623291.0
2005,Nueva Caledonia,NCL,,Ingreso alto,32.36,134265.0,232250.0
2005,Nueva Zelandia,NZL,,Ingreso alto,62.72,3530000.0,4133900.0
2005,Níger,NER,África al sur del Sahara (excluido altos ingresos),Países de ingreso bajo,0.22,323853.0,13855221.0
2005,Omán,OMN,,Ingreso alto,6.68,1333225.0,2515192.0
2005,Pakistán,PAK,Asia meridional,Países de ingreso mediano bajo,6.33,12771203.0,174372098.0
2005,Palau,PLW,Asia oriental y el Pacífico (excluido altos ingresos),Ingreso mediano alto,,6051.0,19831.0
2005,Panamá,PAN,,Ingreso alto,11.48,1748740.0,3305868.0
2005,Papua Nueva Guinea,PNG,Asia oriental y el Pacífico (excluido altos ingresos),Países de ingreso mediano bajo,1.72,75000.0,6498818.0
2005,Paraguay,PRY,América Latina y el Caribe (excluido altos ingresos),Ingreso mediano alto,7.91,1887000.0,5476878.0
2005,Países Bajos,NLD,,Ingreso alto,81.0,15834000.0,16319868.0
2005,Perú,PER,América Latina y el Caribe (excluido altos ingresos),Ingreso mediano alto,17.1,5583356.0,28147267.0
2005,Polinesia Francesa,PYF,,Ingreso alto,21.54,120000.0,271060.0
2005,Polonia,POL,,Ingreso alto,38.81,29166391.0,38165445.0
2005,Portugal,PRT,,Ingreso alto,34.99,11447313.0,10503330.0
2005,Puerto Rico,PRI,,Ingreso alto,23.4,1993465.0,3821362.0
2005,Qatar,QAT,,Ingreso alto,24.73,716763.0,848710.0
2005,"Región Administrativa Especial de Macao, China",MAC,,Ingreso alto,34.86,532758.0,488619.0
2005,Reino Unido,GBR,,Ingreso alto,70.0,65471665.0,60401206.0
2005,República Centroafricana,CAF,África al sur del Sahara (excluido altos ingresos),Países de ingreso bajo,0.27,100000.0,4208834.0
2005,República Checa,CZE,,Ingreso alto,35.27,11775878.0,10211216.0
2005,República Democrática Popular Lao,LAO,Asia oriental y el Pacífico (excluido altos ingresos),Países de ingreso mediano bajo,0.85,657528.0,5852970.0
2005,República Dominicana,DOM,América Latina y el Caribe (excluido altos ingresos),Ingreso mediano alto,11.48,3623289.0,9164768.0
2005,República Eslovaca,SVK,,Ingreso alto,55.19,4540374.0,5372807.0
2005,República de Moldova,MDA,Europa y Asia central (excluido altos ingresos),Ingreso mediano alto,14.63,1089800.0,2888985.0
2005,República Árabe Siria,SYR,Oriente Medio y Norte de África (excluido altos ingresos),Países de ingreso bajo,5.65,2950000.0,18583557.0
2005,Ribera Occidental y Gaza,PSE,Oriente Medio y Norte de África (excluido altos ingresos),Países de ingreso mediano bajo,16.01,567584.0,3320396.0
2005,Rumania,ROU,,Ingreso alto,21.5,13354138.0,21319685.0
2005,Rwanda,RWA,África al sur del Sahara (excluido altos ingresos),Países de ingreso bajo,0.56,222978.0,9026299.0
2005,Saint Kitts y Nevis,KNA,,Ingreso alto,34.0,51000.0,46725.0
2005,Samoa,WSM,Asia oriental y el Pacífico (excluido altos ingresos),Países de ingreso mediano bajo,3.35,24000.0,188626.0
2005,Samoa Americana,ASM,Asia oriental y el Pacífico (excluido altos ingresos),Ingreso mediano alto,,,57254.0
2005,San Marino,SMR,,Ingreso alto,50.26,17150.0,29508.0
2005,San Vicente y las Granadinas,VCT,América Latina y el Caribe (excluido altos ingresos),Ingreso mediano alto,9.2,70620.0,112043.0
2005,Santa Lucía,LCA,América Latina y el Caribe (excluido altos ingresos),Ingreso mediano alto,21.57,105656.0,165386.0
2005,Santo Tomé y Príncipe,STP,África al sur del Sahara (excluido altos ingresos),Países de ingreso mediano bajo,13.76,11953.0,161680.0
2005,Senegal,SEN,África al sur del Sahara (excluido altos ingresos),Países de ingreso mediano bajo,4.79,1730106.0,10974057.0
2005,Serbia,SRB,Europa y Asia central (excluido altos ingresos),Ingreso mediano alto,26.3,5510690.0,7440769.0
2005,Seychelles,SYC,,Ingreso alto,25.41,58806.0,82858.0
2005,Sierra Leona,SLE,África al sur del Sahara (excluido altos ingresos),Países de ingreso bajo,0.22,,5683334.0
2005,Singapur,SGP,,Ingreso alto,61.0,4384600.0,4265762.0
2005,Sint Maarten (Dutch part),SXM,,Ingreso alto,,,33011.0
2005,Somalia,SOM,África al sur del Sahara (excluido altos ingresos),Países de ingreso bajo,1.08,500000.0,10467292.0
2005,Sri Lanka,LKA,Asia meridional,Países de ingreso mediano bajo,1.79,3361775.0,19544988.0
2005,Sudáfrica,ZAF,África al sur del Sahara (excluido altos ingresos),Ingreso mediano alto,7.49,33959958.0,49017147.0
2005,Sudán,SDN,África al sur del Sahara (excluido altos ingresos),Países de ingreso bajo,1.29,1827940.0,29540577.0
2005,Sudán del Sur,SSD,África al sur del Sahara (excluido altos ingresos),Países de ingreso bajo,,,7662654.0
2005,Suecia,SWE,,Ingreso alto,84.83,9104000.0,9029572.0
2005,Suiza,CHE,,Ingreso alto,70.1,6834233.0,7437115.0
2005,Suriname,SUR,América Latina y el Caribe (excluido altos ingresos),Ingreso mediano alto,6.4,232785.0,516220.0
2005,Tailandia,THA,Asia oriental y el Pacífico (excluido altos ingresos),Ingreso mediano alto,15.03,30460238.0,65821360.0
2005,Tanzanía,TZA,África al sur del Sahara (excluido altos ingresos),Países de ingreso mediano bajo,1.1,2964000.0,39439505.0
2005,Tayikistán,TJK,Europa y Asia central (excluido altos ingresos),Países de ingreso mediano bajo,0.3,265000.0,6929145.0
2005,Timor-Leste,TLS,Asia oriental y el Pacífico (excluido altos ingresos),Países de ingreso mediano bajo,0.1,33072.0,969313.0
2005,Togo,TGO,África al sur del Sahara (excluido altos ingresos),Países de ingreso bajo,1.8,433635.0,5711597.0
2005,Tonga,TON,Asia oriental y el Pacífico (excluido altos ingresos),Ingreso mediano alto,4.91,29872.0,105633.0
2005,Trinidad y Tobago,TTO,,Ingreso alto,28.98,924100.0,1369075.0
2005,Turkmenistán,TKM,Europa y Asia central (excluido altos ingresos),Ingreso mediano alto,1.0,105000.0,4885775.0
2005,Turquía,TUR,Europa y Asia central (excluido altos ingresos),Ingreso mediano alto,15.46,43608965.0,68704715.0
2005,Tuvalu,TUV,Asia oriental y el Pacífico (excluido altos ingresos),Ingreso mediano alto,8.3,1300.0,9912.0
2005,Túnez,TUN,Oriente Medio y Norte de África (excluido altos ingresos),Países de ingreso mediano bajo,9.66,5680726.0,10388344.0
2005,Ucrania,UKR,Europa y Asia central (excluido altos ingresos),Países de ingreso mediano bajo,3.75,30013500.0,47105171.0
2005,Uganda,UGA,África al sur del Sahara (excluido altos ingresos),Países de ingreso bajo,1.74,1315300.0,27946588.0
2005,Uruguay,URY,,Ingreso alto,20.09,1154923.0,3317665.0
2005,Uzbekistán,UZB,Europa y Asia central (excluido altos ingresos),Países de ingreso mediano bajo,3.34,720000.0,26167000.0
2005,Vanuatu,VUT,Asia oriental y el Pacífico (excluido altos ingresos),Países de ingreso mediano bajo,5.08,12692.0,217632.0
2005,Venezuela,VEN,,No clasificado,12.55,12495721.0,26668785.0
2005,Viet Nam,VNM,Asia oriental y el Pacífico (excluido altos ingresos),Países de ingreso mediano bajo,12.74,9593200.0,83142095.0
2005,"Yemen, Rep. del",YEM,Oriente Medio y Norte de África (excluido altos ingresos),Países de ingreso bajo,1.05,2277559.0,21320671.0
2005,Zambia,ZMB,África al sur del Sahara (excluido altos ingresos),Países de ingreso bajo,1.3,949559.0,11564870.0
2005,Zimbabwe,ZWE,África al sur del Sahara (excluido altos ingresos),Países de ingreso mediano bajo,2.4,647110.0,12224753.0
2006,Afganistán,AFG,Asia meridional,Países de ingreso bajo,2.11,2520366.0,25442944.0
2006,Albania,ALB,Europa y Asia central (excluido altos ingresos),Ingreso mediano alto,9.61,1909885.0,2992547.0
2006,Alemania,DEU,,Ingreso alto,72.16,85652000.0,82376451.0
2006,Andorra,AND,,Ingreso alto,48.94,69004.0,80221.0
2006,Angola,AGO,África al sur del Sahara (excluido altos ingresos),Países de ingreso mediano bajo,1.5,3054620.0,20162340.0
2006,Antigua y Barbuda,ATG,,Ingreso alto,30.0,110177.0,80895.0
2006,Arabia Saudita,SAU,,Ingreso alto,19.46,19700000.0,25382870.0
2006,Argelia,DZA,Oriente Medio y Norte de África (excluido altos ingresos),Países de ingreso mediano bajo,7.38,20997954.0,33435080.0
2006,Argentina,ARG,América Latina y el Caribe (excluido altos ingresos),Ingreso mediano alto,20.93,31510390.0,39476851.0
2006,Armenia,ARM,Europa y Asia central (excluido altos ingresos),Ingreso mediano alto,5.63,1259762.0,3026486.0
2006,Aruba,ABW,,Ingreso alto,28.0,109030.0,95606.0
2006,Australia,AUS,,Ingreso alto,66.0,19760000.0,20450966.0
2006,Austria,AUT,,Ingreso alto,63.6,9281000.0,8268641.0
2006,Azerbaiyán,AZE,Europa y Asia central (excluido altos ingresos),Ingreso mediano alto,11.99,3323500.0,8484550.0
2006,Bahamas,BHS,,Ingreso alto,26.0,252987.0,352664.0
2006,Bahrein,BHR,,Ingreso alto,28.24,907433.0,970981.0
2006,Bangladesh,BGD,Asia meridional,Países de ingreso mediano bajo,1.0,19130983.0,142628831.0
2006,Barbados,BRB,,Ingreso alto,55.3,237119.0,270425.0
2006,Belarús,BLR,Europa y Asia central (excluido altos ingresos),Ingreso mediano alto,16.2,5960000.0,9604924.0
2006,Belice,BLZ,América Latina y el Caribe (excluido altos ingresos),Ingreso mediano alto,24.0,118000.0,288729.0
2006,Benin,BEN,África al sur del Sahara (excluido altos ingresos),Países de ingreso mediano bajo,1.54,1055727.0,8402631.0
2006,Bermudas,BMU,,Ingreso alto,69.9,60100.0,64523.0
2006,Bhután,BTN,Asia meridional,Países de ingreso mediano bajo,4.52,82078.0,673260.0
2006,Bolivia,BOL,América Latina y el Caribe (excluido altos ingresos),Países de ingreso mediano bajo,6.2,2876143.0,9542663.0
2006,Bosnia y Herzegovina,BIH,Europa y Asia central (excluido altos ingresos),Ingreso mediano alto,25.12,1887820.0,4058086.0
2006,Botswana,BWA,África al sur del Sahara (excluido altos ingresos),Ingreso mediano alto,4.29,823070.0,1928704.0
2006,Brasil,BRA,América Latina y el Caribe (excluido altos ingresos),Ingreso mediano alto,28.18,99918621.0,188820682.0
2006,Brunei Darussalam,BRN,,Ingreso alto,42.19,301400.0,372808.0
2006,Bulgaria,BGR,Europa y Asia central (excluido altos ingresos),Ingreso mediano alto,27.09,8253416.0,7601022.0
2006,Burkina Faso,BFA,África al sur del Sahara (excluido altos ingresos),Países de ingreso bajo,0.63,1016605.0,14316242.0
2006,Burundi,BDI,África al sur del Sahara (excluido altos ingresos),Países de ingreso bajo,0.66,200000.0,7658190.0
2006,Bélgica,BEL,,Ingreso alto,59.72,9847375.0,10547958.0
2006,Cabo Verde,CPV,África al sur del Sahara (excluido altos ingresos),Países de ingreso mediano bajo,6.81,108858.0,498884.0
2006,Camboya,KHM,Asia oriental y el Pacífico (excluido altos ingresos),Países de ingreso mediano bajo,0.47,1721650.0,13477779.0
2006,Camerún,CMR,África al sur del Sahara (excluido altos ingresos),Países de ingreso mediano bajo,2.03,3135946.0,17751333.0
2006,Canadá,CAN,,Ingreso alto,72.4,18749100.0,32571174.0
2006,Chad,TCD,África al sur del Sahara (excluido altos ingresos),Países de ingreso bajo,0.58,466088.0,10365614.0
2006,Chile,CHL,,Ingreso alto,34.5,12450801.0,16334575.0
2006,China,CHN,Asia oriental y el Pacífico (excluido altos ingresos),Ingreso mediano alto,10.52,461058000.0,1311020000.0
2006,Chipre,CYP,,Ingreso alto,35.83,867785.0,1055438.0
2006,Colombia,COL,América Latina y el Caribe (excluido altos ingresos),Ingreso mediano alto,15.34,29762715.0,42772910.0
2006,Comoras,COM,África al sur del Sahara (excluido altos ingresos),Países de ingreso mediano bajo,2.2,36877.0,604658.0
2006,"Congo, República Democrática del",COD,África al sur del Sahara (excluido altos ingresos),Países de ingreso bajo,0.3,4415470.0,58381630.0
2006,"Congo, República del",COG,África al sur del Sahara (excluido altos ingresos),Países de ingreso mediano bajo,2.01,917499.0,3813323.0
2006,"Corea, República Popular Democrática de",PRK,Asia oriental y el Pacífico (excluido altos ingresos),Países de ingreso bajo,0.0,0.0,24235761.0
2006,"Corea, República de",KOR,,Ingreso alto,78.1,40197115.0,48438292.0
2006,Costa Rica,CRI,América Latina y el Caribe (excluido altos ingresos),Ingreso mediano alto,25.1,1443717.0,4378172.0
2006,Croacia,HRV,,Ingreso alto,37.98,4395200.0,4311159.0
2006,Cuba,CUB,América Latina y el Caribe (excluido altos ingresos),Ingreso mediano alto,11.16,152715.0,11260630.0
2006,Curacao,CUW,,Ingreso alto,,,141239.0
2006,Côte d'Ivoire,CIV,África al sur del Sahara (excluido altos ingresos),Países de ingreso mediano bajo,1.52,4065421.0,19394057.0
2006,Dinamarca,DNK,,Ingreso alto,86.65,5828157.0,5437272.0
2006,Djibouti,DJI,Oriente Medio y Norte de África (excluido altos ingresos),Países de ingreso mediano bajo,1.27,44817.0,846947.0
2006,Dominica,DMA,América Latina y el Caribe (excluido altos ingresos),Ingreso mediano alto,39.4,71500.0,68742.0
2006,Ecuador,ECU,América Latina y el Caribe (excluido altos ingresos),Ingreso mediano alto,7.2,8485050.0,14009061.0
2006,"Egipto, República Árabe de",EGY,Oriente Medio y Norte de África (excluido altos ingresos),Países de ingreso mediano bajo,13.66,18001106.0,80629670.0
2006,El Salvador,SLV,América Latina y el Caribe (excluido altos ingresos),Países de ingreso mediano bajo,5.5,3851611.0,6034436.0
2006,Emiratos Árabes Unidos,ARE,,Ingreso alto,52.0,5519293.0,4898954.0
2006,Eritrea,ERI,África al sur del Sahara (excluido altos ingresos),Países de ingreso bajo,,61996.0,2880093.0
2006,Eslovenia,SVN,,Ingreso alto,54.01,1819572.0,2006868.0
2006,España,ESP,,Ingreso alto,50.37,45695061.0,44397319.0
2006,Estados Unidos,USA,,Ingreso alto,68.93,229600000.0,298379912.0
2006,Estonia,EST,,Ingreso alto,63.51,1658700.0,1346810.0
2006,Eswatini,SWZ,África al sur del Sahara (excluido altos ingresos),Países de ingreso mediano bajo,3.7,250000.0,1077735.0
2006,Etiopía,ETH,África al sur del Sahara (excluido altos ingresos),Países de ingreso bajo,0.31,866700.0,79691050.0
2006,Federación de Rusia,RUS,Europa y Asia central (excluido altos ingresos),Ingreso mediano alto,18.02,150674000.0,143049637.0
2006,Fiji,FJI,Asia oriental y el Pacífico (excluido altos ingresos),Ingreso mediano alto,9.6,284661.0,883083.0
2006,Filipinas,PHL,Asia oriental y el Pacífico (excluido altos ingresos),Países de ingreso mediano bajo,5.74,42868911.0,87901835.0
2006,Finlandia,FIN,,Ingreso alto,79.66,5670000.0,5266268.0
2006,Francia,FRA,,Ingreso alto,46.87,51662000.0,63628261.0
2006,Gabón,GAB,África al sur del Sahara (excluido altos ingresos),Ingreso mediano alto,5.49,897987.0,1502534.0
2006,Gambia,GMB,África al sur del Sahara (excluido altos ingresos),Países de ingreso bajo,5.24,404345.0,1711294.0
2006,Georgia,GEO,Europa y Asia central (excluido altos ingresos),Ingreso mediano alto,7.53,1703888.0,3880347.0
2006,Ghana,GHA,África al sur del Sahara (excluido altos ingresos),Países de ingreso mediano bajo,2.72,5207242.0,23098586.0
2006,Gibraltar,GIB,,Ingreso alto,45.3,22000.0,29587.0
2006,Granada,GRD,América Latina y el Caribe (excluido altos ingresos),Ingreso mediano alto,21.4,46193.0,110988.0
2006,Grecia,GRC,,Ingreso alto,32.25,10979826.0,11020362.0
2006,Groenlandia,GRL,,Ingreso alto,59.36,53900.0,56774.0
2006,Guam,GUM,,Ingreso alto,43.85,,164675.0
2006,Guatemala,GTM,América Latina y el Caribe (excluido altos ingresos),Ingreso mediano alto,6.5,7178745.0,13213330.0
2006,Guinea,GIN,África al sur del Sahara (excluido altos ingresos),Países de ingreso bajo,0.64,,9330625.0
2006,Guinea Ecuatorial,GNQ,África al sur del Sahara (excluido altos ingresos),Ingreso mediano alto,1.28,120000.0,905418.0
2006,Guinea-Bissau,GNB,África al sur del Sahara (excluido altos ingresos),Países de ingreso bajo,2.06,157330.0,1414091.0
2006,Guyana,GUY,América Latina y el Caribe (excluido altos ingresos),Ingreso mediano alto,8.9,400000.0,758367.0
2006,Haití,HTI,América Latina y el Caribe (excluido altos ingresos),Países de ingreso mediano bajo,6.8,1200000.0,9266288.0
2006,Honduras,HND,América Latina y el Caribe (excluido altos ingresos),Países de ingreso mediano bajo,7.8,2240756.0,7745200.0
2006,"Hong Kong, Región Administrativa Especial",HKG,,Ingreso alto,60.8,9444140.0,6857100.0
2006,Hungría,HUN,,Ingreso alto,47.06,9965720.0,10071370.0
2006,India,IND,Asia meridional,Países de ingreso mediano bajo,2.81,166050000.0,1172373788.0
2006,Indonesia,IDN,Asia oriental y el Pacífico (excluido altos ingresos),Países de ingreso mediano bajo,4.76,63803015.0,231797427.0
2006,Iraq,IRQ,Oriente Medio y Norte de África (excluido altos ingresos),Ingreso mediano alto,0.95,9345371.0,28905607.0
2006,Irlanda,IRL,,Ingreso alto,54.82,4690135.0,4273591.0
2006,"Irán, República Islámica del",IRN,Oriente Medio y Norte de África (excluido altos ingresos),Países de ingreso mediano bajo,8.76,15385289.0,71275760.0
2006,Isla de Man,IMN,,Ingreso alto,,,80228.0
2006,Isla de San Martín (parte francesa),MAF,,Ingreso alto,,,34183.0
2006,Islandia,ISL,,Ingreso alto,89.51,301922.0,303782.0
2006,Islas Caimán,CYM,,Ingreso alto,44.5,92559.0,48177.0
2006,Islas Feroe,FRO,,Ingreso alto,69.36,49965.0,48313.0
2006,Islas Marshall,MHL,Asia oriental y el Pacífico (excluido altos ingresos),Ingreso mediano alto,3.8,,54208.0
2006,Islas Salomón,SLB,Asia oriental y el Pacífico (excluido altos ingresos),Países de ingreso mediano bajo,1.65,7000.0,493430.0
2006,Islas Turcas y Caicos,TCA,,Ingreso alto,,,25128.0
2006,Islas Vírgenes (EE.UU.),VIR,,Ingreso alto,27.33,,108369.0
2006,Islas Vírgenes Británicas,VGB,,Ingreso alto,,,24323.0
2006,Islas del Canal,CHI,,Ingreso alto,,,151985.0
2006,Israel,ISR,,Ingreso alto,27.88,8403765.0,7053700.0
2006,Italia,ITA,,Ingreso alto,37.99,80418000.0,58143979.0
2006,Jamaica,JAM,América Latina y el Caribe (excluido altos ingresos),Ingreso mediano alto,16.4,2274650.0,2689660.0
2006,Japón,JPN,,Ingreso alto,68.69,99826000.0,127854000.0
2006,Jordania,JOR,Oriente Medio y Norte de África (excluido altos ingresos),Ingreso mediano alto,13.87,4343100.0,6075548.0
2006,Kazajstán,KAZ,Europa y Asia central (excluido altos ingresos),Ingreso mediano alto,3.27,7775737.0,15308085.0
2006,Kenya,KEN,África al sur del Sahara (excluido altos ingresos),Países de ingreso mediano bajo,3.6,7340317.0,36925253.0
2006,Kirguistán,KGZ,Europa y Asia central (excluido altos ingresos),Países de ingreso mediano bajo,12.31,1261757.0,5218400.0
2006,Kiribati,KIR,Asia oriental y el Pacífico (excluido altos ingresos),Países de ingreso mediano bajo,4.5,700.0,100083.0
2006,Kosovo,XKX,Europa y Asia central (excluido altos ingresos),Ingreso mediano alto,,562000.0,1719536.0
2006,Kuwait,KWT,,Ingreso alto,28.79,1179573.0,2363409.0
2006,Lesotho,LSO,África al sur del Sahara (excluido altos ingresos),Países de ingreso mediano bajo,2.98,357913.0,1976780.0
2006,Letonia,LVA,,Ingreso alto,53.63,2183696.0,2218357.0
2006,Liberia,LBR,África al sur del Sahara (excluido altos ingresos),Países de ingreso bajo,,280000.0,3455397.0
2006,Libia,LBY,Oriente Medio y Norte de África (excluido altos ingresos),Ingreso mediano alto,4.3,3927562.0,5973369.0
2006,Liechtenstein,LIE,,Ingreso alto,64.21,28755.0,34889.0
2006,Lituania,LTU,,Ingreso alto,43.9,4718215.0,3269909.0
2006,Luxemburgo,LUX,,Ingreso alto,72.51,713000.0,472637.0
2006,Líbano,LBN,Oriente Medio y Norte de África (excluido altos ingresos),Países de ingreso mediano bajo,15.0,1106431.0,4719864.0
2006,Macedonia del Norte,MKD,Europa y Asia central (excluido altos ingresos),Ingreso mediano alto,28.62,1263841.0,2040228.0
2006,Madagascar,MDG,África al sur del Sahara (excluido altos ingresos),Países de ingreso bajo,0.61,1045888.0,19350299.0
2006,Malasia,MYS,Asia oriental y el Pacífico (excluido altos ingresos),Ingreso mediano alto,51.64,19463722.0,26509413.0
2006,Malawi,MWI,África al sur del Sahara (excluido altos ingresos),Países de ingreso bajo,0.43,620163.0,13118307.0
2006,Maldivas,MDV,Asia meridional,Ingreso mediano alto,11.04,271053.0,314401.0
2006,Malta,MLT,,Ingreso alto,40.41,346771.0,405308.0
2006,Malí,MLI,África al sur del Sahara (excluido altos ingresos),Países de ingreso bajo,0.73,1512948.0,13623541.0
2006,Mariana,MNP,,Ingreso alto,,,66060.0
2006,Marruecos,MAR,Oriente Medio y Norte de África (excluido altos ingresos),Países de ingreso mediano bajo,19.77,16004731.0,30833022.0
2006,Mauricio,MUS,África al sur del Sahara (excluido altos ingresos),Ingreso mediano alto,16.7,772395.0,1233996.0
2006,Mauritania,MRT,África al sur del Sahara (excluido altos ingresos),Países de ingreso mediano bajo,0.98,1060122.0,3081229.0
2006,Micronesia (Estados Federados de),FSM,Asia oriental y el Pacífico (excluido altos ingresos),Países de ingreso mediano bajo,12.75,18616.0,110301.0
2006,Mongolia,MNG,Asia oriental y el Pacífico (excluido altos ingresos),Países de ingreso mediano bajo,,774900.0,2581242.0
2006,Montenegro,MNE,Europa y Asia central (excluido altos ingresos),Ingreso mediano alto,28.9,643681.0,615025.0
2006,Mozambique,MOZ,África al sur del Sahara (excluido altos ingresos),Países de ingreso bajo,0.84,2339317.0,20735982.0
2006,Myanmar,MMR,Asia oriental y el Pacífico (excluido altos ingresos),Países de ingreso mediano bajo,0.18,214214.0,48088274.0
2006,México,MEX,América Latina y el Caribe (excluido altos ingresos),Ingreso mediano alto,19.52,55395461.0,106886790.0
2006,Mónaco,MCO,,Ingreso alto,61.48,18307.0,32011.0
2006,Namibia,NAM,África al sur del Sahara (excluido altos ingresos),Ingreso mediano alto,4.4,608846.0,1986558.0
2006,Nauru,NRU,,Ingreso alto,,,10294.0
2006,Nepal,NPL,Asia meridional,Países de ingreso mediano bajo,1.14,1157102.0,26518971.0
2006,Nicaragua,NIC,América Latina y el Caribe (excluido altos ingresos),Países de ingreso mediano bajo,2.81,1830220.0,5529811.0
2006,Nigeria,NGA,África al sur del Sahara (excluido altos ingresos),Países de ingreso mediano bajo,5.55,32322202.0,144329764.0
2006,Noruega,NOR,,Ingreso alto,82.55,4868916.0,4660677.0
2006,Nueva Caledonia,NCL,,Ingreso alto,33.52,155000.0,235750.0
2006,Nueva Zelandia,NZL,,Ingreso alto,69.0,3802290.0,4184600.0
2006,Níger,NER,África al sur del Sahara (excluido altos ingresos),Países de ingreso bajo,0.29,483000.0,14365168.0
2006,Omán,OMN,,Ingreso alto,8.3,1818024.0,2560649.0
2006,Pakistán,PAK,Asia meridional,Países de ingreso mediano bajo,6.5,34506557.0,178069984.0
2006,Palau,PLW,Asia oriental y el Pacífico (excluido altos ingresos),Ingreso mediano alto,,8346.0,19619.0
2006,Panamá,PAN,,Ingreso alto,17.35,2174451.0,3368573.0
2006,Papua Nueva Guinea,PNG,Asia oriental y el Pacífico (excluido altos ingresos),Países de ingreso mediano bajo,1.75,100000.0,6708217.0
2006,Paraguay,PRY,América Latina y el Caribe (excluido altos ingresos),Ingreso mediano alto,7.96,3232842.0,5534675.0
2006,Países Bajos,NLD,,Ingreso alto,83.7,17296000.0,16346101.0
2006,Perú,PER,América Latina y el Caribe (excluido altos ingresos),Ingreso mediano alto,20.7,9120000.0,28381078.0
2006,Polinesia Francesa,PYF,,Ingreso alto,25.11,152000.0,274901.0
2006,Polonia,POL,,Ingreso alto,44.58,36745454.0,38141267.0
2006,Portugal,PRT,,Ingreso alto,38.01,12226439.0,10522288.0
2006,Puerto Rico,PRI,,Ingreso alto,25.44,2198845.0,3805214.0
2006,Qatar,QAT,,Ingreso alto,28.97,919773.0,1015060.0
2006,"Región Administrativa Especial de Macao, China",MAC,,Ingreso alto,46.4,636347.0,501863.0
2006,Reino Unido,GBR,,Ingreso alto,68.82,70077926.0,60846820.0
2006,República Centroafricana,CAF,África al sur del Sahara (excluido altos ingresos),Países de ingreso bajo,0.31,110000.0,4294352.0
2006,República Checa,CZE,,Ingreso alto,47.93,12406199.0,10238905.0
2006,República Democrática Popular Lao,LAO,Asia oriental y el Pacífico (excluido altos ingresos),Países de ingreso mediano bajo,1.17,1009565.0,5946593.0
2006,República Dominicana,DOM,América Latina y el Caribe (excluido altos ingresos),Ingreso mediano alto,14.84,4605659.0,9284168.0
2006,República Eslovaca,SVK,,Ingreso alto,56.08,4893232.0,5373054.0
2006,República de Moldova,MDA,Europa y Asia central (excluido altos ingresos),Ingreso mediano alto,19.62,1358152.0,2880967.0
2006,República Árabe Siria,SYR,Oriente Medio y Norte de África (excluido altos ingresos),Países de ingreso bajo,7.83,4675000.0,19432009.0
2006,Ribera Occidental y Gaza,PSE,Oriente Medio y Norte de África (excluido altos ingresos),Países de ingreso mediano bajo,18.41,821800.0,3406334.0
2006,Rumania,ROU,,Ingreso alto,24.66,15991000.0,21193760.0
2006,Rwanda,RWA,África al sur del Sahara (excluido altos ingresos),Países de ingreso bajo,,314201.0,9270066.0
2006,Saint Kitts y Nevis,KNA,,Ingreso alto,38.5,51000.0,46874.0
2006,Samoa,WSM,Asia oriental y el Pacífico (excluido altos ingresos),Países de ingreso mediano bajo,4.47,45500.0,189379.0
2006,Samoa Americana,ASM,Asia oriental y el Pacífico (excluido altos ingresos),Ingreso mediano alto,,,56837.0
2006,San Marino,SMR,,Ingreso alto,50.21,17390.0,29959.0
2006,San Vicente y las Granadinas,VCT,América Latina y el Caribe (excluido altos ingresos),Ingreso mediano alto,12.0,87634.0,111427.0
2006,Santa Lucía,LCA,América Latina y el Caribe (excluido altos ingresos),Ingreso mediano alto,24.5,105600.0,166470.0
2006,Santo Tomé y Príncipe,STP,África al sur del Sahara (excluido altos ingresos),Países de ingreso mediano bajo,14.18,18424.0,165725.0
2006,Senegal,SEN,África al sur del Sahara (excluido altos ingresos),Países de ingreso mediano bajo,5.61,2982623.0,11263387.0
2006,Serbia,SRB,Europa y Asia central (excluido altos ingresos),Ingreso mediano alto,27.2,6643722.0,7411569.0
2006,Seychelles,SYC,,Ingreso alto,34.95,70340.0,84600.0
2006,Sierra Leona,SLE,África al sur del Sahara (excluido altos ingresos),Países de ingreso bajo,0.23,,5809774.0
2006,Singapur,SGP,,Ingreso alto,59.0,4788600.0,4401365.0
2006,Sint Maarten (Dutch part),SXM,,Ingreso alto,,,33441.0
2006,Somalia,SOM,África al sur del Sahara (excluido altos ingresos),Países de ingreso bajo,1.1,550000.0,10784973.0
2006,Sri Lanka,LKA,Asia meridional,Países de ingreso mediano bajo,2.54,5412496.0,19695977.0
2006,Sudáfrica,ZAF,África al sur del Sahara (excluido altos ingresos),Ingreso mediano alto,7.61,39662000.0,49491756.0
2006,Sudán,SDN,África al sur del Sahara (excluido altos ingresos),Países de ingreso bajo,,4683127.0,30332968.0
2006,Sudán del Sur,SSD,África al sur del Sahara (excluido altos ingresos),Países de ingreso bajo,,,8029517.0
2006,Suecia,SWE,,Ingreso alto,87.76,9607000.0,9080505.0
2006,Suiza,CHE,,Ingreso alto,75.7,7436157.0,7483934.0
2006,Suriname,SUR,América Latina y el Caribe (excluido altos ingresos),Ingreso mediano alto,9.5,320000.0,522023.0
2006,Tailandia,THA,Asia oriental y el Pacífico (excluido altos ingresos),Ingreso mediano alto,17.16,40125470.0,66319525.0
2006,Tanzanía,TZA,África al sur del Sahara (excluido altos ingresos),Países de ingreso mediano bajo,1.3,5609000.0,40562052.0
2006,Tayikistán,TJK,Europa y Asia central (excluido altos ingresos),Países de ingreso mediano bajo,3.77,2150000.0,7057417.0
2006,Timor-Leste,TLS,Asia oriental y el Pacífico (excluido altos ingresos),Países de ingreso mediano bajo,0.5,49100.0,994564.0
2006,Togo,TGO,África al sur del Sahara (excluido altos ingresos),Países de ingreso bajo,2.0,708000.0,5874240.0
2006,Tonga,TON,Asia oriental y el Pacífico (excluido altos ingresos),Ingreso mediano alto,5.85,30051.0,106190.0
2006,Trinidad y Tobago,TTO,,Ingreso alto,30.0,1518800.0,1376919.0
2006,Turkmenistán,TKM,Europa y Asia central (excluido altos ingresos),Ingreso mediano alto,1.32,216868.0,4954029.0
2006,Turquía,TUR,Europa y Asia central (excluido altos ingresos),Ingreso mediano alto,18.24,52662700.0,69601333.0
2006,Tuvalu,TUV,Asia oriental y el Pacífico (excluido altos ingresos),Ingreso mediano alto,9.1,1600.0,10030.0
2006,Túnez,TUN,Oriente Medio y Norte de África (excluido altos ingresos),Países de ingreso mediano bajo,12.99,7339047.0,10483558.0
2006,Ucrania,UKR,Europa y Asia central (excluido altos ingresos),Países de ingreso mediano bajo,4.51,49076239.0,46787786.0
2006,Uganda,UGA,África al sur del Sahara (excluido altos ingresos),Países de ingreso bajo,2.53,2008818.0,28773227.0
2006,Uruguay,URY,,Ingreso alto,29.4,2330011.0,3322282.0
2006,Uzbekistán,UZB,Europa y Asia central (excluido altos ingresos),Países de ingreso mediano bajo,6.39,2530365.0,26488250.0
2006,Vanuatu,VUT,Asia oriental y el Pacífico (excluido altos ingresos),Países de ingreso mediano bajo,5.85,15000.0,222923.0
2006,Venezuela,VEN,,No clasificado,15.22,18789466.0,27102081.0
2006,Viet Nam,VNM,Asia oriental y el Pacífico (excluido altos ingresos),Países de ingreso mediano bajo,17.25,18892480.0,83951800.0
2006,"Yemen, Rep. del",YEM,Oriente Medio y Norte de África (excluido altos ingresos),Países de ingreso bajo,1.25,2977781.0,21966298.0
2006,Zambia,ZMB,África al sur del Sahara (excluido altos ingresos),Países de ingreso bajo,1.6,1663328.0,11971567.0
2006,Zimbabwe,ZWE,África al sur del Sahara (excluido altos ingresos),Países de ingreso mediano bajo,2.4,849146.0,12330490.0
2007,Afganistán,AFG,Asia meridional,Países de ingreso bajo,1.9,4668096.0,25903301.0
2007,Albania,ALB,Europa y Asia central (excluido altos ingresos),Ingreso mediano alto,15.04,2322436.0,2970017.0
2007,Alemania,DEU,,Ingreso alto,75.16,96232925.0,82266372.0
2007,Andorra,AND,,Ingreso alto,70.87,63503.0,78168.0
2007,Angola,AGO,África al sur del Sahara (excluido altos ingresos),Países de ingreso mediano bajo,1.7,4961536.0,20909684.0
2007,Antigua y Barbuda,ATG,,Ingreso alto,34.0,112381.0,82016.0
2007,Arabia Saudita,SAU,,Ingreso alto,30.0,28400000.0,26400068.0
2007,Argelia,DZA,Oriente Medio y Norte de África (excluido altos ingresos),Países de ingreso mediano bajo,9.45,27562721.0,33983827.0
2007,Argentina,ARG,América Latina y el Caribe (excluido altos ingresos),Ingreso mediano alto,25.95,40401771.0,39876111.0
2007,Armenia,ARM,Europa y Asia central (excluido altos ingresos),Ingreso mediano alto,6.02,1876411.0,3004393.0
2007,Aruba,ABW,,Ingreso alto,30.9,113586.0,96787.0
2007,Australia,AUS,,Ingreso alto,69.45,21260000.0,20827622.0
2007,Austria,AUT,,Ingreso alto,69.37,9912000.0,8295487.0
2007,Azerbaiyán,AZE,Europa y Asia central (excluido altos ingresos),Ingreso mediano alto,14.54,4519000.0,8581300.0
2007,Bahamas,BHS,,Ingreso alto,27.0,373999.0,357666.0
2007,Bahrein,BHR,,Ingreso alto,32.91,1115979.0,1040532.0
2007,Bangladesh,BGD,Asia meridional,Países de ingreso mediano bajo,1.8,34370000.0,144135934.0
2007,Barbados,BRB,,Ingreso alto,58.2,257596.0,271444.0
2007,Belarús,BLR,Europa y Asia central (excluido altos ingresos),Ingreso mediano alto,19.7,6960000.0,9560953.0
2007,Belice,BLZ,América Latina y el Caribe (excluido altos ingresos),Ingreso mediano alto,24.6,118314.0,297173.0
2007,Benin,BEN,África al sur del Sahara (excluido altos ingresos),Países de ingreso mediano bajo,1.79,2051776.0,8647761.0
2007,Bermudas,BMU,,Ingreso alto,74.35,69000.0,64888.0
2007,Bhután,BTN,Asia meridional,Países de ingreso mediano bajo,5.92,149439.0,681614.0
2007,Bolivia,BOL,América Latina y el Caribe (excluido altos ingresos),Países de ingreso mediano bajo,10.5,3254410.0,9711152.0
2007,Bosnia y Herzegovina,BIH,Europa y Asia central (excluido altos ingresos),Ingreso mediano alto,27.92,2450425.0,4007876.0
2007,Botswana,BWA,África al sur del Sahara (excluido altos ingresos),Ingreso mediano alto,5.28,1151761.0,1966977.0
2007,Brasil,BRA,América Latina y el Caribe (excluido altos ingresos),Ingreso mediano alto,30.88,120980103.0,190779453.0
2007,Brunei Darussalam,BRN,,Ingreso alto,44.68,366138.0,378748.0
2007,Bulgaria,BGR,Europa y Asia central (excluido altos ingresos),Ingreso mediano alto,33.64,9897477.0,7545338.0
2007,Burkina Faso,BFA,África al sur del Sahara (excluido altos ingresos),Países de ingreso bajo,0.75,1858038.0,14757074.0
2007,Burundi,BDI,África al sur del Sahara (excluido altos ingresos),Países de ingreso bajo,0.7,270000.0,7944609.0
2007,Bélgica,BEL,,Ingreso alto,64.44,10738121.0,10625700.0
2007,Cabo Verde,CPV,África al sur del Sahara (excluido altos ingresos),Países de ingreso mediano bajo,8.28,152212.0,504733.0
2007,Camboya,KHM,Asia oriental y el Pacífico (excluido altos ingresos),Países de ingreso mediano bajo,0.49,2583318.0,13714791.0
2007,Camerún,CMR,África al sur del Sahara (excluido altos ingresos),Países de ingreso mediano bajo,2.93,4536000.0,18251866.0
2007,Canadá,CAN,,Ingreso alto,73.2,20277400.0,32889025.0
2007,Chad,TCD,África al sur del Sahara (excluido altos ingresos),Países de ingreso bajo,0.85,918356.0,10722731.0
2007,Chile,CHL,,Ingreso alto,35.9,13955202.0,16495538.0
2007,China,CHN,Asia oriental y el Pacífico (excluido altos ingresos),Ingreso mediano alto,16.0,547306000.0,1317885000.0
2007,Chipre,CYP,,Ingreso alto,40.77,988312.0,1073873.0
2007,Colombia,COL,América Latina y el Caribe (excluido altos ingresos),Ingreso mediano alto,21.8,33941118.0,43306582.0
2007,Comoras,COM,África al sur del Sahara (excluido altos ingresos),Países de ingreso mediano bajo,2.5,62104.0,616899.0
2007,"Congo, República Democrática del",COD,África al sur del Sahara (excluido altos ingresos),Países de ingreso bajo,0.37,6592000.0,60289422.0
2007,"Congo, República del",COG,África al sur del Sahara (excluido altos ingresos),Países de ingreso mediano bajo,2.76,1287631.0,3956329.0
2007,"Corea, República Popular Democrática de",PRK,Asia oriental y el Pacífico (excluido altos ingresos),Países de ingreso bajo,0.0,0.0,24356506.0
2007,"Corea, República de",KOR,,Ingreso alto,78.8,44369165.0,48683638.0
2007,Costa Rica,CRI,América Latina y el Caribe (excluido altos ingresos),Ingreso mediano alto,28.4,1508219.0,4440019.0
2007,Croacia,HRV,,Ingreso alto,41.44,5034582.0,4310217.0
2007,Cuba,CUB,América Latina y el Caribe (excluido altos ingresos),Ingreso mediano alto,11.69,198252.0,11269887.0
2007,Curacao,CUW,,Ingreso alto,,,144056.0
2007,Côte d'Ivoire,CIV,África al sur del Sahara (excluido altos ingresos),Países de ingreso mediano bajo,1.8,7467708.0,19817700.0
2007,Dinamarca,DNK,,Ingreso alto,85.03,6308000.0,5461438.0
2007,Djibouti,DJI,Oriente Medio y Norte de África (excluido altos ingresos),Países de ingreso mediano bajo,1.62,69539.0,865196.0
2007,Dominica,DMA,América Latina y el Caribe (excluido altos ingresos),Ingreso mediano alto,40.27,89000.0,68775.0
2007,Ecuador,ECU,América Latina y el Caribe (excluido altos ingresos),Ingreso mediano alto,10.8,9939977.0,14251835.0
2007,"Egipto, República Árabe de",EGY,Oriente Medio y Norte de África (excluido altos ingresos),Países de ingreso mediano bajo,16.03,30093673.0,82218755.0
2007,El Salvador,SLV,América Latina y el Caribe (excluido altos ingresos),Países de ingreso mediano bajo,6.11,6137381.0,6044131.0
2007,Emiratos Árabes Unidos,ARE,,Ingreso alto,61.0,7731508.0,5872624.0
2007,Eritrea,ERI,África al sur del Sahara (excluido altos ingresos),Países de ingreso bajo,0.41,84348.0,2926168.0
2007,Eslovenia,SVN,,Ingreso alto,56.74,1928412.0,2018122.0
2007,España,ESP,,Ingreso alto,55.11,48422470.0,45226803.0
2007,Estados Unidos,USA,,Ingreso alto,75.0,249300000.0,301231207.0
2007,Estonia,EST,,Ingreso alto,66.19,1681849.0,1340680.0
2007,Eswatini,SWZ,África al sur del Sahara (excluido altos ingresos),Países de ingreso mediano bajo,4.1,380000.0,1084008.0
2007,Etiopía,ETH,África al sur del Sahara (excluido altos ingresos),Países de ingreso bajo,0.37,1208498.0,81996185.0
2007,Federación de Rusia,RUS,Europa y Asia central (excluido altos ingresos),Ingreso mediano alto,24.66,171200000.0,142805114.0
2007,Fiji,FJI,Asia oriental y el Pacífico (excluido altos ingresos),Ingreso mediano alto,10.9,530048.0,890648.0
2007,Filipinas,PHL,Asia oriental y el Pacífico (excluido altos ingresos),Países de ingreso mediano bajo,5.97,57344815.0,89561377.0
2007,Finlandia,FIN,,Ingreso alto,80.78,6080000.0,5288720.0
2007,Francia,FRA,,Ingreso alto,66.09,55358100.0,64021737.0
2007,Gabón,GAB,África al sur del Sahara (excluido altos ingresos),Ingreso mediano alto,5.77,1169000.0,1549774.0
2007,Gambia,GMB,África al sur del Sahara (excluido altos ingresos),Países de ingreso bajo,6.21,800371.0,1764883.0
2007,Georgia,GEO,Europa y Asia central (excluido altos ingresos),Ingreso mediano alto,8.26,2599714.0,3860158.0
2007,Ghana,GHA,África al sur del Sahara (excluido altos ingresos),Países de ingreso mediano bajo,3.85,7604053.0,23708320.0
2007,Gibraltar,GIB,,Ingreso alto,51.61,24000.0,29996.0
2007,Granada,GRD,América Latina y el Caribe (excluido altos ingresos),Ingreso mediano alto,22.29,51381.0,111725.0
2007,Grecia,GRC,,Ingreso alto,35.88,12294912.0,11048473.0
2007,Groenlandia,GRL,,Ingreso alto,61.07,66400.0,56555.0
2007,Guam,GUM,,Ingreso alto,46.15,,164763.0
2007,Guatemala,GTM,América Latina y el Caribe (excluido altos ingresos),Ingreso mediano alto,7.3,11897563.0,13477017.0
2007,Guinea,GIN,África al sur del Sahara (excluido altos ingresos),Países de ingreso bajo,0.78,2000000.0,9547082.0
2007,Guinea Ecuatorial,GNQ,África al sur del Sahara (excluido altos ingresos),Ingreso mediano alto,1.56,150000.0,948814.0
2007,Guinea-Bissau,GNB,África al sur del Sahara (excluido altos ingresos),Países de ingreso bajo,2.21,296223.0,1450572.0
2007,Guyana,GUY,América Latina y el Caribe (excluido altos ingresos),Ingreso mediano alto,13.8,538774.0,756521.0
2007,Haití,HTI,América Latina y el Caribe (excluido altos ingresos),Países de ingreso mediano bajo,7.2,2500000.0,9420826.0
2007,Honduras,HND,América Latina y el Caribe (excluido altos ingresos),Países de ingreso mediano bajo,9.4,4184834.0,7924462.0
2007,"Hong Kong, Región Administrativa Especial",HKG,,Ingreso alto,64.8,10751622.0,6916300.0
2007,Hungría,HUN,,Ingreso alto,53.3,11029930.0,10055780.0
2007,India,IND,Asia meridional,Países de ingreso mediano bajo,3.95,233620000.0,1189691809.0
2007,Indonesia,IDN,Asia oriental y el Pacífico (excluido altos ingresos),Países de ingreso mediano bajo,5.79,93386881.0,234858289.0
2007,Iraq,IRQ,Oriente Medio y Norte de África (excluido altos ingresos),Ingreso mediano alto,0.93,14021232.0,28660887.0
2007,Irlanda,IRL,,Ingreso alto,61.16,4970719.0,4398942.0
2007,"Irán, República Islámica del",IRN,Oriente Medio y Norte de África (excluido altos ingresos),Países de ingreso mediano bajo,9.47,29770000.0,72319418.0
2007,Isla de Man,IMN,,Ingreso alto,,,81100.0
2007,Isla de San Martín (parte francesa),MAF,,Ingreso alto,,,34887.0
2007,Islandia,ISL,,Ingreso alto,90.6,326098.0,311566.0
2007,Islas Caimán,CYM,,Ingreso alto,52.0,101497.0,49647.0
2007,Islas Feroe,FRO,,Ingreso alto,75.98,52169.0,48361.0
2007,Islas Marshall,MHL,Asia oriental y el Pacífico (excluido altos ingresos),Ingreso mediano alto,3.95,,54038.0
2007,Islas Salomón,SLB,Asia oriental y el Pacífico (excluido altos ingresos),Países de ingreso mediano bajo,2.0,10900.0,504619.0
2007,Islas Turcas y Caicos,TCA,,Ingreso alto,,,26268.0
2007,Islas Vírgenes (EE.UU.),VIR,,Ingreso alto,27.34,,108337.0
2007,Islas Vírgenes Británicas,VGB,,Ingreso alto,,20700.0,25191.0
2007,Islas del Canal,CHI,,Ingreso alto,,,153225.0
2007,Israel,ISR,,Ingreso alto,48.13,8902000.0,7180100.0
2007,Italia,ITA,,Ingreso alto,40.79,89801000.0,58438310.0
2007,Jamaica,JAM,América Latina y el Caribe (excluido altos ingresos),Ingreso mediano alto,21.1,2684331.0,2701221.0
2007,Japón,JPN,,Ingreso alto,74.3,107339000.0,128001000.0
2007,Jordania,JOR,Oriente Medio y Norte de África (excluido altos ingresos),Ingreso mediano alto,20.0,4771641.0,6473457.0
2007,Kazajstán,KAZ,Europa y Asia central (excluido altos ingresos),Ingreso mediano alto,4.02,12322676.0,15484192.0
2007,Kenya,KEN,África al sur del Sahara (excluido altos ingresos),Países de ingreso mediano bajo,4.4,11349412.0,38036793.0
2007,Kirguistán,KGZ,Europa y Asia central (excluido altos ingresos),Países de ingreso mediano bajo,14.03,2168329.0,5268400.0
2007,Kiribati,KIR,Asia oriental y el Pacífico (excluido altos ingresos),Países de ingreso mediano bajo,6.0,750.0,101998.0
2007,Kosovo,XKX,Europa y Asia central (excluido altos ingresos),Ingreso mediano alto,,562000.0,1733404.0
2007,Kuwait,KWT,,Ingreso alto,34.8,1426395.0,2506769.0
2007,Lesotho,LSO,África al sur del Sahara (excluido altos ingresos),Países de ingreso mediano bajo,3.45,482455.0,1983465.0
2007,Letonia,LVA,,Ingreso alto,59.17,2217008.0,2200325.0
2007,Liberia,LBR,África al sur del Sahara (excluido altos ingresos),Países de ingreso bajo,0.55,563000.0,3632740.0
2007,Libia,LBY,Oriente Medio y Norte de África (excluido altos ingresos),Ingreso mediano alto,4.72,4500000.0,6097177.0
2007,Liechtenstein,LIE,,Ingreso alto,65.08,32013.0,35150.0
2007,Lituania,LTU,,Ingreso alto,49.9,4912077.0,3231294.0
2007,Luxemburgo,LUX,,Ingreso alto,78.92,684500.0,479993.0
2007,Líbano,LBN,Oriente Medio y Norte de África (excluido altos ingresos),Países de ingreso mediano bajo,18.74,1260000.0,4809608.0
2007,Macedonia del Norte,MKD,Europa y Asia central (excluido altos ingresos),Ingreso mediano alto,36.3,1794433.0,2043559.0
2007,Madagascar,MDG,África al sur del Sahara (excluido altos ingresos),Países de ingreso bajo,0.65,2217612.0,19924958.0
2007,Malasia,MYS,Asia oriental y el Pacífico (excluido altos ingresos),Ingreso mediano alto,55.7,23347000.0,27092604.0
2007,Malawi,MWI,África al sur del Sahara (excluido altos ingresos),Países de ingreso bajo,0.97,1050852.0,13495463.0
2007,Maldivas,MDV,Asia meridional,Ingreso mediano alto,16.3,313539.0,325126.0
2007,Malta,MLT,,Ingreso alto,46.9,368530.0,406724.0
2007,Malí,MLI,África al sur del Sahara (excluido altos ingresos),Países de ingreso bajo,0.81,2530891.0,14080912.0
2007,Mariana,MNP,,Ingreso alto,,,63050.0
2007,Marruecos,MAR,Oriente Medio y Norte de África (excluido altos ingresos),Países de ingreso mediano bajo,21.5,20029300.0,31232633.0
2007,Mauricio,MUS,África al sur del Sahara (excluido altos ingresos),Ingreso mediano alto,20.22,928622.0,1239630.0
2007,Mauritania,MRT,África al sur del Sahara (excluido altos ingresos),Países de ingreso mediano bajo,1.43,1413967.0,3153508.0
2007,Micronesia (Estados Federados de),FSM,Asia oriental y el Pacífico (excluido altos ingresos),Países de ingreso mediano bajo,13.62,27436.0,109532.0
2007,Mongolia,MNG,Asia oriental y el Pacífico (excluido altos ingresos),Países de ingreso mediano bajo,9.0,1194583.0,2605643.0
2007,Montenegro,MNE,Europa y Asia central (excluido altos ingresos),Ingreso mediano alto,30.8,900000.0,615875.0
2007,Mozambique,MOZ,África al sur del Sahara (excluido altos ingresos),Países de ingreso bajo,0.91,3079783.0,21280513.0
2007,Myanmar,MMR,Asia oriental y el Pacífico (excluido altos ingresos),Países de ingreso mediano bajo,0.22,247641.0,48445647.0
2007,México,MEX,América Latina y el Caribe (excluido altos ingresos),Ingreso mediano alto,20.81,66559462.0,108302973.0
2007,Mónaco,MCO,,Ingreso alto,64.38,20400.0,31823.0
2007,Namibia,NAM,África al sur del Sahara (excluido altos ingresos),Ingreso mediano alto,4.84,800270.0,2011492.0
2007,Nauru,NRU,,Ingreso alto,,,10267.0
2007,Nepal,NPL,Asia meridional,Países de ingreso mediano bajo,1.41,3268895.0,26713655.0
2007,Nicaragua,NIC,América Latina y el Caribe (excluido altos ingresos),Países de ingreso mediano bajo,3.9,2502281.0,5607453.0
2007,Nigeria,NGA,África al sur del Sahara (excluido altos ingresos),Países de ingreso mediano bajo,6.77,40395611.0,148294028.0
2007,Noruega,NOR,,Ingreso alto,86.93,5037650.0,4709153.0
2007,Nueva Caledonia,NCL,,Ingreso alto,35.05,176350.0,239250.0
2007,Nueva Zelandia,NZL,,Ingreso alto,69.76,4251207.0,4223800.0
2007,Níger,NER,África al sur del Sahara (excluido altos ingresos),Países de ingreso bajo,0.39,900000.0,14897873.0
2007,Omán,OMN,,Ingreso alto,16.68,2500000.0,2605700.0
2007,Pakistán,PAK,Asia meridional,Países de ingreso mediano bajo,6.8,62856712.0,181924521.0
2007,Palau,PLW,Asia oriental y el Pacífico (excluido altos ingresos),Ingreso mediano alto,,10691.0,19366.0
2007,Panamá,PAN,,Ingreso alto,22.29,3010635.0,3431614.0
2007,Papua Nueva Guinea,PNG,Asia oriental y el Pacífico (excluido altos ingresos),Países de ingreso mediano bajo,1.79,300000.0,6921066.0
2007,Paraguay,PRY,América Latina y el Caribe (excluido altos ingresos),Ingreso mediano alto,11.21,4694361.0,5590145.0
2007,Países Bajos,NLD,,Ingreso alto,85.82,19285000.0,16381696.0
2007,Perú,PER,América Latina y el Caribe (excluido altos ingresos),Ingreso mediano alto,25.2,15417247.0,28600387.0
2007,Polinesia Francesa,PYF,,Ingreso alto,28.59,174847.0,278178.0
2007,Polonia,POL,,Ingreso alto,48.6,41388774.0,38120560.0
2007,Portugal,PRT,,Ingreso alto,42.09,13477414.0,10542964.0
2007,Puerto Rico,PRI,,Ingreso alto,27.86,2431512.0,3782995.0
2007,Qatar,QAT,,Ingreso alto,37.0,1264206.0,1231893.0
2007,"Región Administrativa Especial de Macao, China",MAC,,Ingreso alto,47.33,794323.0,515330.0
2007,Reino Unido,GBR,,Ingreso alto,75.09,73836210.0,61322463.0
2007,República Centroafricana,CAF,África al sur del Sahara (excluido altos ingresos),Países de ingreso bajo,0.38,340000.0,4375569.0
2007,República Checa,CZE,,Ingreso alto,51.93,13228631.0,10298828.0
2007,República Democrática Popular Lao,LAO,Asia oriental y el Pacífico (excluido altos ingresos),Países de ingreso mediano bajo,1.64,1478409.0,6041348.0
2007,República Dominicana,DOM,América Latina y el Caribe (excluido altos ingresos),Ingreso mediano alto,17.66,5512859.0,9402206.0
2007,República Eslovaca,SVK,,Ingreso alto,61.8,6068063.0,5374622.0
2007,República de Moldova,MDA,Europa y Asia central (excluido altos ingresos),Ingreso mediano alto,20.45,1882830.0,2874299.0
2007,República Árabe Siria,SYR,Oriente Medio y Norte de África (excluido altos ingresos),Países de ingreso bajo,11.5,6234682.0,20703005.0
2007,Ribera Occidental y Gaza,PSE,Oriente Medio y Norte de África (excluido altos ingresos),Países de ingreso mediano bajo,21.18,1021481.0,3494496.0
2007,Rumania,ROU,,Ingreso alto,28.3,20400000.0,20882982.0
2007,Rwanda,RWA,África al sur del Sahara (excluido altos ingresos),Países de ingreso bajo,2.12,635137.0,9523168.0
2007,Saint Kitts y Nevis,KNA,,Ingreso alto,43.5,64500.0,47015.0
2007,Samoa,WSM,Asia oriental y el Pacífico (excluido altos ingresos),Países de ingreso mediano bajo,4.75,86000.0,190478.0
2007,Samoa Americana,ASM,Asia oriental y el Pacífico (excluido altos ingresos),Ingreso mediano alto,,,56383.0
2007,San Marino,SMR,,Ingreso alto,50.36,17500.0,30372.0
2007,San Vicente y las Granadinas,VCT,América Latina y el Caribe (excluido altos ingresos),Ingreso mediano alto,16.0,110491.0,110824.0
2007,Santa Lucía,LCA,América Latina y el Caribe (excluido altos ingresos),Ingreso mediano alto,27.9,147000.0,167518.0
2007,Santo Tomé y Príncipe,STP,África al sur del Sahara (excluido altos ingresos),Países de ingreso mediano bajo,14.59,30099.0,169845.0
2007,Senegal,SEN,África al sur del Sahara (excluido altos ingresos),Países de ingreso mediano bajo,6.89,3630804.0,11563869.0
2007,Serbia,SRB,Europa y Asia central (excluido altos ingresos),Ingreso mediano alto,33.15,8452642.0,7381579.0
2007,Seychelles,SYC,,Ingreso alto,38.38,77278.0,85033.0
2007,Sierra Leona,SLE,África al sur del Sahara (excluido altos ingresos),Países de ingreso bajo,0.24,776000.0,5939163.0
2007,Singapur,SGP,,Ingreso alto,69.9,5924100.0,4588599.0
2007,Sint Maarten (Dutch part),SXM,,Ingreso alto,,,33811.0
2007,Somalia,SOM,África al sur del Sahara (excluido altos ingresos),Países de ingreso bajo,1.12,600000.0,11118092.0
2007,Sri Lanka,LKA,Asia meridional,Países de ingreso mediano bajo,3.88,7983489.0,19842044.0
2007,Sudáfrica,ZAF,África al sur del Sahara (excluido altos ingresos),Ingreso mediano alto,8.07,42300000.0,49996094.0
2007,Sudán,SDN,África al sur del Sahara (excluido altos ingresos),Países de ingreso bajo,8.66,8218092.0,31191163.0
2007,Sudán del Sur,SSD,África al sur del Sahara (excluido altos ingresos),Países de ingreso bajo,,,8417823.0
2007,Suecia,SWE,,Ingreso alto,82.01,10116852.0,9148092.0
2007,Suiza,CHE,,Ingreso alto,77.2,8208884.0,7551117.0
2007,Suriname,SUR,América Latina y el Caribe (excluido altos ingresos),Ingreso mediano alto,14.11,380000.0,527946.0
2007,Tailandia,THA,Asia oriental y el Pacífico (excluido altos ingresos),Ingreso mediano alto,20.03,52973994.0,66826754.0
2007,Tanzanía,TZA,África al sur del Sahara (excluido altos ingresos),Países de ingreso mediano bajo,1.6,8252000.0,41716497.0
2007,Tayikistán,TJK,Europa y Asia central (excluido altos ingresos),Países de ingreso mediano bajo,7.2,2132770.0,7188391.0
2007,Timor-Leste,TLS,Asia oriental y el Pacífico (excluido altos ingresos),Países de ingreso mediano bajo,1.0,78215.0,1019362.0
2007,Togo,TGO,África al sur del Sahara (excluido altos ingresos),Países de ingreso bajo,2.2,1190319.0,6047537.0
2007,Tonga,TON,Asia oriental y el Pacífico (excluido altos ingresos),Ingreso mediano alto,7.18,46525.0,106638.0
2007,Trinidad y Tobago,TTO,,Ingreso alto,32.3,1509800.0,1384861.0
2007,Turkmenistán,TKM,Europa y Asia central (excluido altos ingresos),Ingreso mediano alto,1.41,381670.0,5024894.0
2007,Turquía,TUR,Europa y Asia central (excluido altos ingresos),Ingreso mediano alto,28.63,61975807.0,70468869.0
2007,Tuvalu,TUV,Asia oriental y el Pacífico (excluido altos ingresos),Ingreso mediano alto,10.0,1800.0,10149.0
2007,Túnez,TUN,Oriente Medio y Norte de África (excluido altos ingresos),Países de ingreso mediano bajo,17.1,7842619.0,10580395.0
2007,Ucrania,UKR,Europa y Asia central (excluido altos ingresos),Países de ingreso mediano bajo,6.55,55240400.0,46509355.0
2007,Uganda,UGA,África al sur del Sahara (excluido altos ingresos),Países de ingreso bajo,3.67,4195278.0,29629804.0
2007,Uruguay,URY,,Ingreso alto,34.0,3004323.0,3328651.0
2007,Uzbekistán,UZB,Europa y Asia central (excluido altos ingresos),Países de ingreso mediano bajo,7.49,5691458.0,26868000.0
2007,Vanuatu,VUT,Asia oriental y el Pacífico (excluido altos ingresos),Países de ingreso mediano bajo,6.8,26000.0,228345.0
2007,Venezuela,VEN,,No clasificado,20.83,23820133.0,27525097.0
2007,Viet Nam,VNM,Asia oriental y el Pacífico (excluido altos ingresos),Países de ingreso mediano bajo,20.76,45024048.0,84762269.0
2007,"Yemen, Rep. del",YEM,Oriente Medio y Norte de África (excluido altos ingresos),Países de ingreso bajo,5.01,4349000.0,22641538.0
2007,Zambia,ZMB,África al sur del Sahara (excluido altos ingresos),Países de ingreso bajo,1.9,2639026.0,12402073.0
2007,Zimbabwe,ZWE,África al sur del Sahara (excluido altos ingresos),Países de ingreso mediano bajo,3.0,1225654.0,12450568.0
2008,Afganistán,AFG,Asia meridional,Países de ingreso bajo,1.84,7898909.0,26427199.0
2008,Albania,ALB,Europa y Asia central (excluido altos ingresos),Ingreso mediano alto,23.86,1859632.0,2947314.0
2008,Alemania,DEU,,Ingreso alto,78.0,105523065.0,82110097.0
2008,Andorra,AND,,Ingreso alto,70.04,64202.0,76055.0
2008,Angola,AGO,África al sur del Sahara (excluido altos ingresos),Países de ingreso mediano bajo,1.9,6773356.0,21691522.0
2008,Antigua y Barbuda,ATG,,Ingreso alto,38.0,136592.0,83251.0
2008,Arabia Saudita,SAU,,Ingreso alto,36.0,36000000.0,27437353.0
2008,Argelia,DZA,Oriente Medio y Norte de África (excluido altos ingresos),Países de ingreso mediano bajo,10.18,27031472.0,34569592.0
2008,Argentina,ARG,América Latina y el Caribe (excluido altos ingresos),Ingreso mediano alto,28.11,46508774.0,40273769.0
2008,Armenia,ARM,Europa y Asia central (excluido altos ingresos),Ingreso mediano alto,6.21,1442000.0,2983421.0
2008,Aruba,ABW,,Ingreso alto,52.0,120806.0,97996.0
2008,Australia,AUS,,Ingreso alto,71.67,22120000.0,21249199.0
2008,Austria,AUT,,Ingreso alto,72.87,10816000.0,8321496.0
2008,Azerbaiyán,AZE,Europa y Asia central (excluido altos ingresos),Ingreso mediano alto,17.08,6548000.0,8763400.0
2008,Bahamas,BHS,,Ingreso alto,31.54,358050.0,362795.0
2008,Bahrein,BHR,,Ingreso alto,51.95,1440782.0,1110343.0
2008,Bangladesh,BGD,Asia meridional,Países de ingreso mediano bajo,2.5,44640000.0,145421318.0
2008,Barbados,BRB,,Ingreso alto,61.4,288662.0,272635.0
2008,Belarús,BLR,Europa y Asia central (excluido altos ingresos),Ingreso mediano alto,23.0,8128000.0,9527985.0
2008,Belice,BLZ,América Latina y el Caribe (excluido altos ingresos),Ingreso mediano alto,26.3,160032.0,305671.0
2008,Benin,BEN,África al sur del Sahara (excluido altos ingresos),Países de ingreso mediano bajo,1.85,3625366.0,8906469.0
2008,Bermudas,BMU,,Ingreso alto,82.3,79000.0,65273.0
2008,Bhután,BTN,Asia meridional,Países de ingreso mediano bajo,6.55,253429.0,689737.0
2008,Bolivia,BOL,América Latina y el Caribe (excluido altos ingresos),Países de ingreso mediano bajo,12.5,5038600.0,9880593.0
2008,Bosnia y Herzegovina,BIH,Europa y Asia central (excluido altos ingresos),Ingreso mediano alto,34.66,3179036.0,3943392.0
2008,Botswana,BWA,África al sur del Sahara (excluido altos ingresos),Ingreso mediano alto,6.25,1485791.0,2007320.0
2008,Brasil,BRA,América Latina y el Caribe (excluido altos ingresos),Ingreso mediano alto,33.83,150641403.0,192672317.0
2008,Brunei Darussalam,BRN,,Ingreso alto,46.0,398857.0,384568.0
2008,Bulgaria,BGR,Europa y Asia central (excluido altos ingresos),Ingreso mediano alto,39.67,10429012.0,7492561.0
2008,Burkina Faso,BFA,África al sur del Sahara (excluido altos ingresos),Países de ingreso bajo,0.92,3024150.0,15197915.0
2008,Burundi,BDI,África al sur del Sahara (excluido altos ingresos),Países de ingreso bajo,0.81,480584.0,8278109.0
2008,Bélgica,BEL,,Ingreso alto,66.0,11341704.0,10709973.0
2008,Cabo Verde,CPV,África al sur del Sahara (excluido altos ingresos),Países de ingreso mediano bajo,14.0,277670.0,510336.0
2008,Camboya,KHM,Asia oriental y el Pacífico (excluido altos ingresos),Países de ingreso mediano bajo,0.51,4237000.0,13943888.0
2008,Camerún,CMR,África al sur del Sahara (excluido altos ingresos),Países de ingreso mediano bajo,3.4,6160893.0,18777081.0
2008,Canadá,CAN,,Ingreso alto,76.7,22092500.0,33247118.0
2008,Chad,TCD,África al sur del Sahara (excluido altos ingresos),Países de ingreso bajo,1.19,1600000.0,11098664.0
2008,Chile,CHL,,Ingreso alto,37.3,14796593.0,16661462.0
2008,China,CHN,Asia oriental y el Pacífico (excluido altos ingresos),Ingreso mediano alto,22.6,641245000.0,1324655000.0
2008,Chipre,CYP,,Ingreso alto,42.31,1016739.0,1092390.0
2008,Colombia,COL,América Latina y el Caribe (excluido altos ingresos),Ingreso mediano alto,25.6,41364753.0,43815313.0
2008,Comoras,COM,África al sur del Sahara (excluido altos ingresos),Países de ingreso mediano bajo,3.0,91741.0,629470.0
2008,"Congo, República Democrática del",COD,África al sur del Sahara (excluido altos ingresos),Países de ingreso bajo,0.44,9937622.0,62249724.0
2008,"Congo, República del",COG,África al sur del Sahara (excluido altos ingresos),Países de ingreso mediano bajo,4.29,1807000.0,4089602.0
2008,"Corea, República Popular Democrática de",PRK,Asia oriental y el Pacífico (excluido altos ingresos),Países de ingreso bajo,0.0,0.0,24469047.0
2008,"Corea, República de",KOR,,Ingreso alto,81.0,45606984.0,49054708.0
2008,Costa Rica,CRI,América Latina y el Caribe (excluido altos ingresos),Ingreso mediano alto,32.29,1886570.0,4501921.0
2008,Croacia,HRV,,Ingreso alto,44.24,4554777.0,4309705.0
2008,Cuba,CUB,América Latina y el Caribe (excluido altos ingresos),Ingreso mediano alto,12.94,331736.0,11276609.0
2008,Curacao,CUW,,Ingreso alto,,,145880.0
2008,Côte d'Ivoire,CIV,África al sur del Sahara (excluido altos ingresos),Países de ingreso mediano bajo,1.9,10449036.0,20244449.0
2008,Dinamarca,DNK,,Ingreso alto,85.02,6556988.0,5493621.0
2008,Djibouti,DJI,Oriente Medio y Norte de África (excluido altos ingresos),Países de ingreso mediano bajo,2.26,112848.0,882886.0
2008,Dominica,DMA,América Latina y el Caribe (excluido altos ingresos),Ingreso mediano alto,41.16,91000.0,68782.0
2008,Ecuador,ECU,América Latina y el Caribe (excluido altos ingresos),Ingreso mediano alto,18.8,11684479.0,14496797.0
2008,"Egipto, República Árabe de",EGY,Oriente Medio y Norte de África (excluido altos ingresos),Países de ingreso mediano bajo,18.01,41286662.0,83844783.0
2008,El Salvador,SLV,América Latina y el Caribe (excluido altos ingresos),Países de ingreso mediano bajo,10.08,6950703.0,6068099.0
2008,Emiratos Árabes Unidos,ARE,,Ingreso alto,63.0,9357735.0,6988685.0
2008,Eritrea,ERI,África al sur del Sahara (excluido altos ingresos),Países de ingreso bajo,0.47,108631.0,3005779.0
2008,Eslovenia,SVN,,Ingreso alto,58.0,2054899.0,2021316.0
2008,España,ESP,,Ingreso alto,59.6,49623339.0,45954106.0
2008,Estados Unidos,USA,,Ingreso alto,74.0,261300000.0,304093966.0
2008,Estonia,EST,,Ingreso alto,70.58,1624465.0,1337090.0
2008,Eswatini,SWZ,África al sur del Sahara (excluido altos ingresos),Países de ingreso mediano bajo,6.85,531643.0,1089870.0
2008,Etiopía,ETH,África al sur del Sahara (excluido altos ingresos),Países de ingreso bajo,0.45,1954527.0,84357105.0
2008,Federación de Rusia,RUS,Europa y Asia central (excluido altos ingresos),Ingreso mediano alto,32.0,199522340.0,142742366.0
2008,Fiji,FJI,Asia oriental y el Pacífico (excluido altos ingresos),Ingreso mediano alto,13.0,600000.0,896731.0
2008,Filipinas,PHL,Asia oriental y el Pacífico (excluido altos ingresos),Países de ingreso mediano bajo,6.22,68117167.0,91252326.0
2008,Finlandia,FIN,,Ingreso alto,83.67,6830000.0,5313399.0
2008,Francia,FRA,,Ingreso alto,70.68,57972000.0,64379696.0
2008,Gabón,GAB,África al sur del Sahara (excluido altos ingresos),Ingreso mediano alto,7.5,1300000.0,1599978.0
2008,Gambia,GMB,África al sur del Sahara (excluido altos ingresos),Países de ingreso bajo,6.88,1166136.0,1820542.0
2008,Georgia,GEO,Europa y Asia central (excluido altos ingresos),Ingreso mediano alto,10.01,2755087.0,3848449.0
2008,Ghana,GHA,África al sur del Sahara (excluido altos ingresos),Países de ingreso mediano bajo,4.27,11570430.0,24326087.0
2008,Gibraltar,GIB,,Ingreso alto,58.0,26000.0,30398.0
2008,Granada,GRD,América Latina y el Caribe (excluido altos ingresos),Ingreso mediano alto,23.18,60022.0,112478.0
2008,Grecia,GRC,,Ingreso alto,38.2,13799340.0,11077841.0
2008,Groenlandia,GRL,,Ingreso alto,62.82,55816.0,56328.0
2008,Guam,GUM,,Ingreso alto,48.42,,164725.0
2008,Guatemala,GTM,América Latina y el Caribe (excluido altos ingresos),Ingreso mediano alto,8.3,14948640.0,13739299.0
2008,Guinea,GIN,África al sur del Sahara (excluido altos ingresos),Países de ingreso bajo,0.92,2750000.0,9779785.0
2008,Guinea Ecuatorial,GNQ,África al sur del Sahara (excluido altos ingresos),Ingreso mediano alto,1.82,180000.0,994971.0
2008,Guinea-Bissau,GNB,África al sur del Sahara (excluido altos ingresos),Países de ingreso bajo,2.35,500156.0,1488431.0
2008,Guyana,GUY,América Latina y el Caribe (excluido altos ingresos),Ingreso mediano alto,18.2,447769.0,754150.0
2008,Haití,HTI,América Latina y el Caribe (excluido altos ingresos),Países de ingreso mediano bajo,7.6,3200000.0,9575247.0
2008,Honduras,HND,América Latina y el Caribe (excluido altos ingresos),Países de ingreso mediano bajo,9.6,6210711.0,8101777.0
2008,"Hong Kong, Región Administrativa Especial",HKG,,Ingreso alto,66.7,11580149.0,6957800.0
2008,Hungría,HUN,,Ingreso alto,61.0,12224163.0,10038188.0
2008,India,IND,Asia meridional,Países de ingreso mediano bajo,4.38,346890000.0,1206734806.0
2008,Indonesia,IDN,Asia oriental y el Pacífico (excluido altos ingresos),Países de ingreso mediano bajo,7.92,140578243.0,237936543.0
2008,Iraq,IRQ,Oriente Medio y Norte de África (excluido altos ingresos),Ingreso mediano alto,1.0,17529000.0,29218381.0
2008,Irlanda,IRL,,Ingreso alto,65.34,5048127.0,4489544.0
2008,"Irán, República Islámica del",IRN,Oriente Medio y Norte de África (excluido altos ingresos),Países de ingreso mediano bajo,12.02,43000000.0,73318394.0
2008,Isla de Man,IMN,,Ingreso alto,,,81997.0
2008,Isla de San Martín (parte francesa),MAF,,Ingreso alto,,,35541.0
2008,Islandia,ISL,,Ingreso alto,91.0,336922.0,317414.0
2008,Islas Caimán,CYM,,Ingreso alto,61.0,98313.0,51123.0
2008,Islas Feroe,FRO,,Ingreso alto,75.57,54860.0,48411.0
2008,Islas Marshall,MHL,Asia oriental y el Pacífico (excluido altos ingresos),Ingreso mediano alto,4.6,,53816.0
2008,Islas Salomón,SLB,Asia oriental y el Pacífico (excluido altos ingresos),Países de ingreso mediano bajo,3.0,30000.0,516001.0
2008,Islas Turcas y Caicos,TCA,,Ingreso alto,,,27422.0
2008,Islas Vírgenes (EE.UU.),VIR,,Ingreso alto,27.36,,108397.0
2008,Islas Vírgenes Británicas,VGB,,Ingreso alto,,23000.0,26115.0
2008,Islas del Canal,CHI,,Ingreso alto,,,154475.0
2008,Israel,ISR,,Ingreso alto,59.39,8982000.0,7308800.0
2008,Italia,ITA,,Ingreso alto,44.53,90341000.0,58826731.0
2008,Jamaica,JAM,América Latina y el Caribe (excluido altos ingresos),Ingreso mediano alto,23.6,2723323.0,2711373.0
2008,Japón,JPN,,Ingreso alto,75.4,110394996.0,128063000.0
2008,Jordania,JOR,Oriente Medio y Norte de África (excluido altos ingresos),Ingreso mediano alto,23.0,5313564.0,6632873.0
2008,Kazajstán,KAZ,Europa y Asia central (excluido altos ingresos),Ingreso mediano alto,11.0,14910573.0,15776938.0
2008,Kenya,KEN,África al sur del Sahara (excluido altos ingresos),Países de ingreso mediano bajo,5.2,16303573.0,39186895.0
2008,Kirguistán,KGZ,Europa y Asia central (excluido altos ingresos),Países de ingreso mediano bajo,15.7,3394016.0,5318700.0
2008,Kiribati,KIR,Asia oriental y el Pacífico (excluido altos ingresos),Países de ingreso mediano bajo,7.0,1000.0,103966.0
2008,Kosovo,XKX,Europa y Asia central (excluido altos ingresos),Ingreso mediano alto,,562000.0,1747383.0
2008,Kuwait,KWT,,Ingreso alto,42.0,1499912.0,2650930.0
2008,Lesotho,LSO,África al sur del Sahara (excluido altos ingresos),Países de ingreso mediano bajo,3.58,593216.0,1995014.0
2008,Letonia,LVA,,Ingreso alto,63.41,2298610.0,2177322.0
2008,Liberia,LBR,África al sur del Sahara (excluido altos ingresos),Países de ingreso bajo,0.53,854627.0,3783887.0
2008,Libia,LBY,Oriente Medio y Norte de África (excluido altos ingresos),Ingreso mediano alto,9.0,7379115.0,6228370.0
2008,Liechtenstein,LIE,,Ingreso alto,70.0,34000.0,35401.0
2008,Lituania,LTU,,Ingreso alto,55.22,5022638.0,3198231.0
2008,Luxemburgo,LUX,,Ingreso alto,82.23,707000.0,488650.0
2008,Líbano,LBN,Oriente Medio y Norte de África (excluido altos ingresos),Países de ingreso mediano bajo,22.53,1427000.0,4887613.0
2008,Macedonia del Norte,MKD,Europa y Asia central (excluido altos ingresos),Ingreso mediano alto,46.04,1967531.0,2046898.0
2008,Madagascar,MDG,África al sur del Sahara (excluido altos ingresos),Países de ingreso bajo,1.65,4835239.0,20513599.0
2008,Malasia,MYS,Asia oriental y el Pacífico (excluido altos ingresos),Ingreso mediano alto,55.8,27713000.0,27664296.0
2008,Malawi,MWI,África al sur del Sahara (excluido altos ingresos),Países de ingreso bajo,0.7,1507684.0,13889423.0
2008,Maldivas,MDV,Asia meridional,Ingreso mediano alto,23.2,435627.0,336883.0
2008,Malta,MLT,,Ingreso alto,50.08,385636.0,409379.0
2008,Malí,MLI,África al sur del Sahara (excluido altos ingresos),Países de ingreso bajo,1.57,3438568.0,14551117.0
2008,Mariana,MNP,,Ingreso alto,,,60032.0
2008,Marruecos,MAR,Oriente Medio y Norte de África (excluido altos ingresos),Países de ingreso mediano bajo,33.1,22815694.0,31634992.0
2008,Mauricio,MUS,África al sur del Sahara (excluido altos ingresos),Ingreso mediano alto,21.81,1033300.0,1244121.0
2008,Mauritania,MRT,África al sur del Sahara (excluido altos ingresos),Países de ingreso mediano bajo,1.87,2091992.0,3233336.0
2008,Micronesia (Estados Federados de),FSM,Asia oriental y el Pacífico (excluido altos ingresos),Países de ingreso mediano bajo,14.49,27500.0,108704.0
2008,Mongolia,MNG,Asia oriental y el Pacífico (excluido altos ingresos),Países de ingreso mediano bajo,9.8,1763178.0,2633887.0
2008,Montenegro,MNE,Europa y Asia central (excluido altos ingresos),Ingreso mediano alto,32.9,1158032.0,616969.0
2008,Mozambique,MOZ,África al sur del Sahara (excluido altos ingresos),Países de ingreso bajo,1.56,4405006.0,21845571.0
2008,Myanmar,MMR,Asia oriental y el Pacífico (excluido altos ingresos),Países de ingreso mediano bajo,0.22,367388.0,48729486.0
2008,México,MEX,América Latina y el Caribe (excluido altos ingresos),Ingreso mediano alto,21.71,75303469.0,109684489.0
2008,Mónaco,MCO,,Ingreso alto,67.25,22000.0,31862.0
2008,Namibia,NAM,África al sur del Sahara (excluido altos ingresos),Ingreso mediano alto,5.33,1052000.0,2038552.0
2008,Nauru,NRU,,Ingreso alto,,,10243.0
2008,Nepal,NPL,Asia meridional,Países de ingreso mediano bajo,1.73,4200000.0,26881544.0
2008,Nicaragua,NIC,América Latina y el Caribe (excluido altos ingresos),Países de ingreso mediano bajo,5.3,3108002.0,5687744.0
2008,Nigeria,NGA,África al sur del Sahara (excluido altos ingresos),Países de ingreso mediano bajo,8.0,62988492.0,152382506.0
2008,Noruega,NOR,,Ingreso alto,90.57,5211207.0,4768212.0
2008,Nueva Caledonia,NCL,,Ingreso alto,34.51,196474.0,242750.0
2008,Nueva Zelandia,NZL,,Ingreso alto,72.03,4620000.0,4259800.0
2008,Níger,NER,África al sur del Sahara (excluido altos ingresos),Países de ingreso bajo,0.7,1897628.0,15455175.0
2008,Omán,OMN,,Ingreso alto,20.0,3219349.0,2651028.0
2008,Pakistán,PAK,Asia meridional,Países de ingreso mediano bajo,7.0,88019742.0,185931955.0
2008,Palau,PLW,Asia oriental y el Pacífico (excluido altos ingresos),Ingreso mediano alto,,11667.0,19102.0
2008,Panamá,PAN,,Ingreso alto,33.82,3915246.0,3495276.0
2008,Papua Nueva Guinea,PNG,Asia oriental y el Pacífico (excluido altos ingresos),Países de ingreso mediano bajo,1.15,874000.0,7137988.0
2008,Paraguay,PRY,América Latina y el Caribe (excluido altos ingresos),Ingreso mediano alto,14.27,5790759.0,5645148.0
2008,Países Bajos,NLD,,Ingreso alto,87.42,20627000.0,16445593.0
2008,Perú,PER,América Latina y el Caribe (excluido altos ingresos),Ingreso mediano alto,30.57,20951834.0,28806185.0
2008,Polinesia Francesa,PYF,,Ingreso alto,33.87,187146.0,280558.0
2008,Polonia,POL,,Ingreso alto,53.13,43926365.0,38125759.0
2008,Portugal,PRT,,Ingreso alto,44.13,14049187.0,10558177.0
2008,Puerto Rico,PRI,,Ingreso alto,38.0,2543587.0,3760866.0
2008,Qatar,QAT,,Ingreso alto,44.3,1429486.0,1444277.0
2008,"Región Administrativa Especial de Macao, China",MAC,,Ingreso alto,49.24,932596.0,529038.0
2008,Reino Unido,GBR,,Ingreso alto,78.39,74940937.0,61806995.0
2008,República Centroafricana,CAF,África al sur del Sahara (excluido altos ingresos),Países de ingreso bajo,1.0,570000.0,4467233.0
2008,República Checa,CZE,,Ingreso alto,62.97,13780165.0,10384603.0
2008,República Democrática Popular Lao,LAO,Asia oriental y el Pacífico (excluido altos ingresos),Países de ingreso mediano bajo,3.55,2022133.0,6135861.0
2008,República Dominicana,DOM,América Latina y el Caribe (excluido altos ingresos),Ingreso mediano alto,20.82,7210483.0,9522948.0
2008,República Eslovaca,SVK,,Ingreso alto,66.05,5520043.0,5379233.0
2008,República de Moldova,MDA,Europa y Asia central (excluido altos ingresos),Ingreso mediano alto,23.39,2423416.0,2868833.0
2008,República Árabe Siria,SYR,Oriente Medio y Norte de África (excluido altos ingresos),Países de ingreso bajo,14.0,7056158.0,21474059.0
2008,Ribera Occidental y Gaza,PSE,Oriente Medio y Norte de África (excluido altos ingresos),Países de ingreso mediano bajo,24.36,1314406.0,3591977.0
2008,Rumania,ROU,,Ingreso alto,32.42,24470000.0,20537875.0
2008,Rwanda,RWA,África al sur del Sahara (excluido altos ingresos),Países de ingreso bajo,4.5,1322637.0,9781996.0
2008,Saint Kitts y Nevis,KNA,,Ingreso alto,49.2,74500.0,47156.0
2008,Samoa,WSM,Asia oriental y el Pacífico (excluido altos ingresos),Países de ingreso mediano bajo,5.03,,191787.0
2008,Samoa Americana,ASM,Asia oriental y el Pacífico (excluido altos ingresos),Ingreso mediano alto,,,55891.0
2008,San Marino,SMR,,Ingreso alto,54.52,24402.0,30700.0
2008,San Vicente y las Granadinas,VCT,América Latina y el Caribe (excluido altos ingresos),Ingreso mediano alto,21.0,130098.0,110316.0
2008,Santa Lucía,LCA,América Latina y el Caribe (excluido altos ingresos),Ingreso mediano alto,30.0,175045.0,168576.0
2008,Santo Tomé y Príncipe,STP,África al sur del Sahara (excluido altos ingresos),Países de ingreso mediano bajo,15.48,50551.0,174004.0
2008,Senegal,SEN,África al sur del Sahara (excluido altos ingresos),Países de ingreso mediano bajo,7.12,5389133.0,11872929.0
2008,Serbia,SRB,Europa y Asia central (excluido altos ingresos),Ingreso mediano alto,35.6,9618767.0,7350222.0
2008,Seychelles,SYC,,Ingreso alto,40.44,93476.0,86956.0
2008,Sierra Leona,SLE,África al sur del Sahara (excluido altos ingresos),Países de ingreso bajo,0.25,1008800.0,6090860.0
2008,Singapur,SGP,,Ingreso alto,69.0,6414800.0,4839396.0
2008,Sint Maarten (Dutch part),SXM,,Ingreso alto,,,33964.0
2008,Somalia,SOM,África al sur del Sahara (excluido altos ingresos),Países de ingreso bajo,1.14,627000.0,11444870.0
2008,Sri Lanka,LKA,Asia meridional,Países de ingreso mediano bajo,,11082454.0,19983984.0
2008,Sudáfrica,ZAF,África al sur del Sahara (excluido altos ingresos),Ingreso mediano alto,8.43,45000000.0,50565812.0
2008,Sudán,SDN,África al sur del Sahara (excluido altos ingresos),Países de ingreso bajo,,11991469.0,32065241.0
2008,Sudán del Sur,SSD,África al sur del Sahara (excluido altos ingresos),Países de ingreso bajo,,,8823888.0
2008,Suecia,SWE,,Ingreso alto,90.0,10014000.0,9219637.0
2008,Suiza,CHE,,Ingreso alto,79.2,8896706.0,7647675.0
2008,Suriname,SUR,América Latina y el Caribe (excluido altos ingresos),Ingreso mediano alto,21.06,657106.0,533938.0
2008,Tailandia,THA,Asia oriental y el Pacífico (excluido altos ingresos),Ingreso mediano alto,18.2,61837164.0,67328239.0
2008,Tanzanía,TZA,África al sur del Sahara (excluido altos ingresos),Países de ingreso mediano bajo,1.9,13006793.0,42870884.0
2008,Tayikistán,TJK,Europa y Asia central (excluido altos ingresos),Países de ingreso mediano bajo,8.78,3673520.0,7324627.0
2008,Timor-Leste,TLS,Asia oriental y el Pacífico (excluido altos ingresos),Países de ingreso mediano bajo,1.5,125002.0,1043076.0
2008,Togo,TGO,África al sur del Sahara (excluido altos ingresos),Países de ingreso bajo,2.4,1549542.0,6222482.0
2008,Tonga,TON,Asia oriental y el Pacífico (excluido altos ingresos),Ingreso mediano alto,8.11,50472.0,106932.0
2008,Trinidad y Tobago,TTO,,Ingreso alto,34.8,1806120.0,1392803.0
2008,Turkmenistán,TKM,Europa y Asia central (excluido altos ingresos),Ingreso mediano alto,1.75,1135150.0,5100083.0
2008,Turquía,TUR,Europa y Asia central (excluido altos ingresos),Ingreso mediano alto,34.37,65824110.0,71320726.0
2008,Tuvalu,TUV,Asia oriental y el Pacífico (excluido altos ingresos),Ingreso mediano alto,11.2,,10272.0
2008,Túnez,TUN,Oriente Medio y Norte de África (excluido altos ingresos),Países de ingreso mediano bajo,27.53,8602164.0,10680380.0
2008,Ucrania,UKR,Europa y Asia central (excluido altos ingresos),Países de ingreso mediano bajo,11.0,55681476.0,46258189.0
2008,Uganda,UGA,África al sur del Sahara (excluido altos ingresos),Países de ingreso bajo,3.88,8554864.0,30509862.0
2008,Uruguay,URY,,Ingreso alto,39.3,3507816.0,3336126.0
2008,Uzbekistán,UZB,Europa y Asia central (excluido altos ingresos),Países de ingreso mediano bajo,9.08,12375274.0,27302800.0
2008,Vanuatu,VUT,Asia oriental y el Pacífico (excluido altos ingresos),Países de ingreso mediano bajo,7.27,36000.0,233952.0
2008,Venezuela,VEN,,No clasificado,25.88,27414377.0,27933833.0
2008,Viet Nam,VNM,Asia oriental y el Pacífico (excluido altos ingresos),Países de ingreso mediano bajo,23.92,74872310.0,85597241.0
2008,"Yemen, Rep. del",YEM,Oriente Medio y Norte de África (excluido altos ingresos),Países de ingreso bajo,6.89,6445000.0,23329004.0
2008,Zambia,ZMB,África al sur del Sahara (excluido altos ingresos),Países de ingreso bajo,2.2,3539003.0,12852966.0
2008,Zimbabwe,ZWE,África al sur del Sahara (excluido altos ingresos),Países de ingreso mediano bajo,3.5,1654721.0,12550347.0
2009,Afganistán,AFG,Asia meridional,Países de ingreso bajo,3.55,10500000.0,27385307.0
2009,Albania,ALB,Europa y Asia central (excluido altos ingresos),Ingreso mediano alto,41.2,2463741.0,2927519.0
2009,Alemania,DEU,,Ingreso alto,79.0,105000000.0,81902307.0
2009,Andorra,AND,,Ingreso alto,78.53,64549.0,73852.0
2009,Angola,AGO,África al sur del Sahara (excluido altos ingresos),Países de ingreso mediano bajo,2.3,8109421.0,22507674.0
2009,Antigua y Barbuda,ATG,,Ingreso alto,42.0,134925.0,84534.0
2009,Arabia Saudita,SAU,,Ingreso alto,38.0,44864355.0,28483797.0
2009,Argelia,DZA,Oriente Medio y Norte de África (excluido altos ingresos),Países de ingreso mediano bajo,11.23,32729824.0,35196037.0
2009,Argentina,ARG,América Latina y el Caribe (excluido altos ingresos),Ingreso mediano alto,34.0,52482780.0,40684338.0
2009,Armenia,ARM,Europa y Asia central (excluido altos ingresos),Ingreso mediano alto,15.3,2191500.0,2964296.0
2009,Aruba,ABW,,Ingreso alto,58.0,128000.0,99212.0
2009,Australia,AUS,,Ingreso alto,74.25,22200000.0,21691653.0
2009,Austria,AUT,,Ingreso alto,73.45,11434000.0,8343323.0
2009,Azerbaiyán,AZE,Europa y Asia central (excluido altos ingresos),Ingreso mediano alto,27.4,7757120.0,8947243.0
2009,Bahamas,BHS,,Ingreso alto,33.88,358812.0,368057.0
2009,Bahrein,BHR,,Ingreso alto,53.0,1401974.0,1179453.0
2009,Bangladesh,BGD,Asia meridional,Países de ingreso mediano bajo,3.1,51359315.0,146706810.0
2009,Barbados,BRB,,Ingreso alto,64.7,337061.0,273791.0
2009,Belarús,BLR,Europa y Asia central (excluido altos ingresos),Ingreso mediano alto,27.43,9686200.0,9504583.0
2009,Belice,BLZ,América Latina y el Caribe (excluido altos ingresos),Ingreso mediano alto,27.2,161783.0,314171.0
2009,Benin,BEN,África al sur del Sahara (excluido altos ingresos),Países de ingreso mediano bajo,2.24,5033349.0,9172514.0
2009,Bermudas,BMU,,Ingreso alto,83.25,85000.0,65636.0
2009,Bhután,BTN,Asia meridional,Países de ingreso mediano bajo,7.17,338938.0,697678.0
2009,Bolivia,BOL,América Latina y el Caribe (excluido altos ingresos),Países de ingreso mediano bajo,16.8,6464390.0,10051317.0
2009,Bosnia y Herzegovina,BIH,Europa y Asia central (excluido altos ingresos),Ingreso mediano alto,37.74,3257239.0,3877750.0
2009,Botswana,BWA,África al sur del Sahara (excluido altos ingresos),Ingreso mediano alto,6.15,1874101.0,2048997.0
2009,Brasil,BRA,América Latina y el Caribe (excluido altos ingresos),Ingreso mediano alto,39.22,169385584.0,194517549.0
2009,Brunei Darussalam,BRN,,Ingreso alto,49.0,412882.0,390311.0
2009,Bulgaria,BGR,Europa y Asia central (excluido altos ingresos),Ingreso mediano alto,45.0,10454822.0,7444443.0
2009,Burkina Faso,BFA,África al sur del Sahara (excluido altos ingresos),Países de ingreso bajo,1.13,3823625.0,15650022.0
2009,Burundi,BDI,África al sur del Sahara (excluido altos ingresos),Países de ingreso bajo,0.9,920749.0,8709366.0
2009,Bélgica,BEL,,Ingreso alto,70.0,11775240.0,10796493.0
2009,Cabo Verde,CPV,África al sur del Sahara (excluido altos ingresos),Países de ingreso mediano bajo,21.0,290621.0,515638.0
2009,Camboya,KHM,Asia oriental y el Pacífico (excluido altos ingresos),Países de ingreso mediano bajo,0.53,6268000.0,14155740.0
2009,Camerún,CMR,África al sur del Sahara (excluido altos ingresos),Países de ingreso mediano bajo,3.84,8004120.0,19319274.0
2009,Canadá,CAN,,Ingreso alto,80.3,23811900.0,33628895.0
2009,Chad,TCD,África al sur del Sahara (excluido altos ingresos),Países de ingreso bajo,1.5,2281320.0,11496128.0
2009,Chile,CHL,,Ingreso alto,41.56,16450223.0,16833447.0
2009,China,CHN,Asia oriental y el Pacífico (excluido altos ingresos),Ingreso mediano alto,28.9,747214000.0,1331260000.0
2009,Chipre,CYP,,Ingreso alto,49.81,977521.0,1110974.0
2009,Colombia,COL,América Latina y el Caribe (excluido altos ingresos),Ingreso mediano alto,30.0,42159613.0,44313917.0
2009,Comoras,COM,África al sur del Sahara (excluido altos ingresos),Países de ingreso mediano bajo,3.5,122596.0,642493.0
2009,"Congo, República Democrática del",COD,África al sur del Sahara (excluido altos ingresos),Países de ingreso bajo,0.56,9458557.0,64270232.0
2009,"Congo, República del",COG,África al sur del Sahara (excluido altos ingresos),Países de ingreso mediano bajo,4.5,2948304.0,4257230.0
2009,"Corea, República Popular Democrática de",PRK,Asia oriental y el Pacífico (excluido altos ingresos),Países de ingreso bajo,0.0,69261.0,24581509.0
2009,"Corea, República de",KOR,,Ingreso alto,81.6,47944222.0,49307835.0
2009,Costa Rica,CRI,América Latina y el Caribe (excluido altos ingresos),Ingreso mediano alto,34.33,1950318.0,4563127.0
2009,Croacia,HRV,,Ingreso alto,50.58,4675017.0,4305181.0
2009,Cuba,CUB,América Latina y el Caribe (excluido altos ingresos),Ingreso mediano alto,14.33,621156.0,11283185.0
2009,Curacao,CUW,,Ingreso alto,,201097.0,146833.0
2009,Côte d'Ivoire,CIV,África al sur del Sahara (excluido altos ingresos),Países de ingreso mediano bajo,2.0,13184308.0,20677762.0
2009,Dinamarca,DNK,,Ingreso alto,86.84,6833683.0,5523095.0
2009,Djibouti,DJI,Oriente Medio y Norte de África (excluido altos ingresos),Países de ingreso mediano bajo,4.0,128776.0,901103.0
2009,Dominica,DMA,América Latina y el Caribe (excluido altos ingresos),Ingreso mediano alto,42.02,98500.0,68787.0
2009,Ecuador,ECU,América Latina y el Caribe (excluido altos ingresos),Ingreso mediano alto,24.6,13241758.0,14742766.0
2009,"Egipto, República Árabe de",EGY,Oriente Medio y Norte de África (excluido altos ingresos),Países de ingreso mediano bajo,20.0,55352233.0,85501064.0
2009,El Salvador,SLV,América Latina y el Caribe (excluido altos ingresos),Países de ingreso mediano bajo,12.11,7566245.0,6091188.0
2009,Emiratos Árabes Unidos,ARE,,Ingreso alto,64.0,10671878.0,7992644.0
2009,Eritrea,ERI,África al sur del Sahara (excluido altos ingresos),Países de ingreso bajo,0.54,141130.0,3083888.0
2009,Eslovenia,SVN,,Ingreso alto,64.0,2100435.0,2039669.0
2009,España,ESP,,Ingreso alto,62.4,51052693.0,46362946.0
2009,Estados Unidos,USA,,Ingreso alto,71.0,274283000.0,306771529.0
2009,Estonia,EST,,Ingreso alto,72.5,1570538.0,1334515.0
2009,Eswatini,SWZ,África al sur del Sahara (excluido altos ingresos),Países de ingreso mediano bajo,8.94,664432.0,1094886.0
2009,Etiopía,ETH,África al sur del Sahara (excluido altos ingresos),Países de ingreso bajo,0.54,4051703.0,86755585.0
2009,Federación de Rusia,RUS,Europa y Asia central (excluido altos ingresos),Ingreso mediano alto,42.55,230050000.0,142785349.0
2009,Fiji,FJI,Asia oriental y el Pacífico (excluido altos ingresos),Ingreso mediano alto,17.0,640000.0,901383.0
2009,Filipinas,PHL,Asia oriental y el Pacífico (excluido altos ingresos),Países de ingreso mediano bajo,9.0,75586646.0,92946951.0
2009,Finlandia,FIN,,Ingreso alto,82.49,7700000.0,5338871.0
2009,Francia,FRA,,Ingreso alto,71.58,57918000.0,64710879.0
2009,Gabón,GAB,África al sur del Sahara (excluido altos ingresos),Ingreso mediano alto,9.5,1450000.0,1653542.0
2009,Gambia,GMB,África al sur del Sahara (excluido altos ingresos),Países de ingreso bajo,7.63,1312874.0,1878119.0
2009,Georgia,GEO,Europa y Asia central (excluido altos ingresos),Ingreso mediano alto,20.07,2837000.0,3814419.0
2009,Ghana,GHA,África al sur del Sahara (excluido altos ingresos),Países de ingreso mediano bajo,5.44,15108916.0,24950762.0
2009,Gibraltar,GIB,,Ingreso alto,65.07,28600.0,30819.0
2009,Granada,GRD,América Latina y el Caribe (excluido altos ingresos),Ingreso mediano alto,24.05,114424.0,113249.0
2009,Grecia,GRC,,Ingreso alto,42.4,13295093.0,11107017.0
2009,Groenlandia,GRL,,Ingreso alto,62.83,53468.0,56323.0
2009,Guam,GUM,,Ingreso alto,50.64,,164580.0
2009,Guatemala,GTM,América Latina y el Caribe (excluido altos ingresos),Ingreso mediano alto,9.3,17307459.0,14000190.0
2009,Guinea,GIN,África al sur del Sahara (excluido altos ingresos),Países de ingreso bajo,0.94,3489000.0,10021323.0
2009,Guinea Ecuatorial,GNQ,África al sur del Sahara (excluido altos ingresos),Ingreso mediano alto,2.13,200000.0,1043686.0
2009,Guinea-Bissau,GNB,África al sur del Sahara (excluido altos ingresos),Países de ingreso bajo,2.3,560345.0,1527196.0
2009,Guyana,GUY,América Latina y el Caribe (excluido altos ingresos),Ingreso mediano alto,23.9,488533.0,751258.0
2009,Haití,HTI,América Latina y el Caribe (excluido altos ingresos),Países de ingreso mediano bajo,8.1,3648000.0,9730638.0
2009,Honduras,HND,América Latina y el Caribe (excluido altos ingresos),Países de ingreso mediano bajo,9.8,8390755.0,8277302.0
2009,"Hong Kong, Región Administrativa Especial",HKG,,Ingreso alto,69.4,12597171.0,6972800.0
2009,Hungría,HUN,,Ingreso alto,62.0,11792475.0,10022650.0
2009,India,IND,Asia meridional,Países de ingreso mediano bajo,5.12,525090000.0,1223640160.0
2009,Indonesia,IDN,Asia oriental y el Pacífico (excluido altos ingresos),Países de ingreso mediano bajo,6.92,163676961.0,240981299.0
2009,Iraq,IRQ,Oriente Medio y Norte de África (excluido altos ingresos),Ingreso mediano alto,1.06,20116876.0,30289040.0
2009,Irlanda,IRL,,Ingreso alto,67.38,4704497.0,4535375.0
2009,"Irán, República Islámica del",IRN,Oriente Medio y Norte de África (excluido altos ingresos),Países de ingreso mediano bajo,13.8,52555000.0,74322685.0
2009,Isla de Man,IMN,,Ingreso alto,,,82915.0
2009,Isla de San Martín (parte francesa),MAF,,Ingreso alto,,,36132.0
2009,Islandia,ISL,,Ingreso alto,93.0,339715.0,318499.0
2009,Islas Caimán,CYM,,Ingreso alto,64.5,108699.0,52602.0
2009,Islas Feroe,FRO,,Ingreso alto,75.18,56993.0,48429.0
2009,Islas Marshall,MHL,Asia oriental y el Pacífico (excluido altos ingresos),Ingreso mediano alto,5.6,,53593.0
2009,Islas Salomón,SLB,Asia oriental y el Pacífico (excluido altos ingresos),Países de ingreso mediano bajo,4.0,50000.0,527833.0
2009,Islas Turcas y Caicos,TCA,,Ingreso alto,,,28581.0
2009,Islas Vírgenes (EE.UU.),VIR,,Ingreso alto,27.4,,108404.0
2009,Islas Vírgenes Británicas,VGB,,Ingreso alto,36.0,47031.0,27044.0
2009,Islas del Canal,CHI,,Ingreso alto,,,155721.0
2009,Israel,ISR,,Ingreso alto,63.12,9022000.0,7485600.0
2009,Italia,ITA,,Ingreso alto,48.83,90032886.0,59095365.0
2009,Jamaica,JAM,América Latina y el Caribe (excluido altos ingresos),Ingreso mediano alto,24.3,2956061.0,2722401.0
2009,Japón,JPN,,Ingreso alto,78.0,116295378.0,128047000.0
2009,Jordania,JOR,Oriente Medio y Norte de África (excluido altos ingresos),Ingreso mediano alto,26.0,6014366.0,6780493.0
2009,Kazajstán,KAZ,Europa y Asia central (excluido altos ingresos),Ingreso mediano alto,18.2,17063200.0,16092822.0
2009,Kenya,KEN,África al sur del Sahara (excluido altos ingresos),Países de ingreso mediano bajo,6.1,19364559.0,40364444.0
2009,Kirguistán,KGZ,Europa y Asia central (excluido altos ingresos),Países de ingreso mediano bajo,16.0,4487123.0,5383300.0
2009,Kiribati,KIR,Asia oriental y el Pacífico (excluido altos ingresos),Países de ingreso mediano bajo,8.97,9907.0,105996.0
2009,Kosovo,XKX,Europa y Asia central (excluido altos ingresos),Ingreso mediano alto,,562000.0,1761474.0
2009,Kuwait,KWT,,Ingreso alto,50.8,2618413.0,2795550.0
2009,Lesotho,LSO,África al sur del Sahara (excluido altos ingresos),Países de ingreso mediano bajo,3.72,661000.0,2009169.0
2009,Letonia,LVA,,Ingreso alto,66.84,2303600.0,2141669.0
2009,Liberia,LBR,África al sur del Sahara (excluido altos ingresos),Países de ingreso bajo,2.0,1085062.0,3905066.0
2009,Libia,LBY,Oriente Medio y Norte de África (excluido altos ingresos),Ingreso mediano alto,10.8,9534091.0,6360191.0
2009,Liechtenstein,LIE,,Ingreso alto,75.0,35000.0,35675.0
2009,Lituania,LTU,,Ingreso alto,59.76,4961499.0,3162916.0
2009,Luxemburgo,LUX,,Ingreso alto,87.31,720000.0,497783.0
2009,Líbano,LBN,Oriente Medio y Norte de África (excluido altos ingresos),Países de ingreso mediano bajo,30.14,2390317.0,4951135.0
2009,Macedonia del Norte,MKD,Europa y Asia central (excluido altos ingresos),Ingreso mediano alto,51.77,1943216.0,2050671.0
2009,Madagascar,MDG,África al sur del Sahara (excluido altos ingresos),Países de ingreso bajo,1.63,6283799.0,21117092.0
2009,Malasia,MYS,Asia oriental y el Pacífico (excluido altos ingresos),Ingreso mediano alto,55.9,30144000.0,28217204.0
2009,Malawi,MWI,África al sur del Sahara (excluido altos ingresos),Países de ingreso bajo,1.07,2485646.0,14298932.0
2009,Maldivas,MDV,Asia meridional,Ingreso mediano alto,24.8,457770.0,349037.0
2009,Malta,MLT,,Ingreso alto,58.86,422083.0,412477.0
2009,Malí,MLI,África al sur del Sahara (excluido altos ingresos),Países de ingreso bajo,1.8,4460543.0,15032635.0
2009,Mariana,MNP,,Ingreso alto,,,57056.0
2009,Marruecos,MAR,Oriente Medio y Norte de África (excluido altos ingresos),Países de ingreso mediano bajo,41.3,25310761.0,32042877.0
2009,Mauricio,MUS,África al sur del Sahara (excluido altos ingresos),Ingreso mediano alto,22.51,1086748.0,1247429.0
2009,Mauritania,MRT,África al sur del Sahara (excluido altos ingresos),Países de ingreso mediano bajo,2.28,2182249.0,3322616.0
2009,Micronesia (Estados Federados de),FSM,Asia oriental y el Pacífico (excluido altos ingresos),Países de ingreso mediano bajo,15.35,27500.0,107868.0
2009,Mongolia,MNG,Asia oriental y el Pacífico (excluido altos ingresos),Países de ingreso mediano bajo,10.0,2249023.0,2666713.0
2009,Montenegro,MNE,Europa y Asia central (excluido altos ingresos),Ingreso mediano alto,35.1,1294167.0,618294.0
2009,Mozambique,MOZ,África al sur del Sahara (excluido altos ingresos),Países de ingreso bajo,2.68,5970781.0,22436660.0
2009,Myanmar,MMR,Asia oriental y el Pacífico (excluido altos ingresos),Países de ingreso mediano bajo,0.22,502005.0,49015836.0
2009,México,MEX,América Latina y el Caribe (excluido altos ingresos),Ingreso mediano alto,26.34,83193574.0,111049428.0
2009,Mónaco,MCO,,Ingreso alto,70.1,23000.0,32401.0
2009,Namibia,NAM,África al sur del Sahara (excluido altos ingresos),Ingreso mediano alto,6.5,1631576.0,2067919.0
2009,Nauru,NRU,,Ingreso alto,,,10233.0
2009,Nepal,NPL,Asia meridional,Países de ingreso mediano bajo,1.97,5597880.0,27026941.0
2009,Nicaragua,NIC,América Latina y el Caribe (excluido altos ingresos),Países de ingreso mediano bajo,7.3,3344563.0,5770639.0
2009,Nigeria,NGA,África al sur del Sahara (excluido altos ingresos),Países de ingreso mediano bajo,9.3,74518264.0,156595758.0
2009,Noruega,NOR,,Ingreso alto,92.08,5354554.0,4828726.0
2009,Nueva Caledonia,NCL,,Ingreso alto,33.99,209595.0,245950.0
2009,Nueva Zelandia,NZL,,Ingreso alto,79.7,4700000.0,4302600.0
2009,Níger,NER,África al sur del Sahara (excluido altos ingresos),Países de ingreso bajo,0.76,2599000.0,16037915.0
2009,Omán,OMN,,Ingreso alto,26.8,3970563.0,2697537.0
2009,Pakistán,PAK,Asia meridional,Países de ingreso mediano bajo,7.5,94342030.0,190123222.0
2009,Palau,PLW,Asia oriental y el Pacífico (excluido altos ingresos),Ingreso mediano alto,,12744.0,18826.0
2009,Panamá,PAN,,Ingreso alto,39.08,6066683.0,3559343.0
2009,Papua Nueva Guinea,PNG,Asia oriental y el Pacífico (excluido altos ingresos),Países de ingreso mediano bajo,1.61,1417546.0,7358890.0
2009,Paraguay,PRY,América Latina y el Caribe (excluido altos ingresos),Ingreso mediano alto,18.9,5618639.0,5702574.0
2009,Países Bajos,NLD,,Ingreso alto,89.63,20149000.0,16530388.0
2009,Perú,PER,América Latina y el Caribe (excluido altos ingresos),Ingreso mediano alto,31.4,24700361.0,29009326.0
2009,Polinesia Francesa,PYF,,Ingreso alto,44.6,208261.0,282283.0
2009,Polonia,POL,,Ingreso alto,58.97,44806632.0,38151603.0
2009,Portugal,PRT,,Ingreso alto,48.27,11795080.0,10568247.0
2009,Puerto Rico,PRI,,Ingreso alto,41.5,2712220.0,3740410.0
2009,Qatar,QAT,,Ingreso alto,53.1,1948770.0,1610274.0
2009,"Región Administrativa Especial de Macao, China",MAC,,Ingreso alto,54.0,1037380.0,543021.0
2009,Reino Unido,GBR,,Ingreso alto,83.56,76481053.0,62276270.0
2009,República Centroafricana,CAF,África al sur del Sahara (excluido altos ingresos),Países de ingreso bajo,1.8,863641.0,4564540.0
2009,República Checa,CZE,,Ingreso alto,64.43,13062617.0,10443936.0
2009,República Democrática Popular Lao,LAO,Asia oriental y el Pacífico (excluido altos ingresos),Países de ingreso mediano bajo,6.0,3234642.0,6229930.0
2009,República Dominicana,DOM,América Latina y el Caribe (excluido altos ingresos),Ingreso mediano alto,27.72,8629815.0,9648061.0
2009,República Eslovaca,SVK,,Ingreso alto,70.0,5497719.0,5386406.0
2009,República de Moldova,MDA,Europa y Asia central (excluido altos ingresos),Ingreso mediano alto,27.5,2136409.0,2865213.0
2009,República Árabe Siria,SYR,Oriente Medio y Norte de África (excluido altos ingresos),Países de ingreso bajo,17.3,10021861.0,21827220.0
2009,Ribera Occidental y Gaza,PSE,Oriente Medio y Norte de África (excluido altos ingresos),Países de ingreso mediano bajo,32.23,1800000.0,3689099.0
2009,Rumania,ROU,,Ingreso alto,36.6,25100000.0,20367487.0
2009,Rwanda,RWA,África al sur del Sahara (excluido altos ingresos),Países de ingreso bajo,7.7,2429252.0,10043737.0
2009,Saint Kitts y Nevis,KNA,,Ingreso alto,55.7,75500.0,47286.0
2009,Samoa,WSM,Asia oriental y el Pacífico (excluido altos ingresos),Países de ingreso mediano bajo,6.0,,193176.0
2009,Samoa Americana,ASM,Asia oriental y el Pacífico (excluido altos ingresos),Ingreso mediano alto,,,55366.0
2009,San Marino,SMR,,Ingreso alto,54.21,29949.0,31059.0
2009,San Vicente y las Granadinas,VCT,América Latina y el Caribe (excluido altos ingresos),Ingreso mediano alto,31.0,121114.0,109840.0
2009,Santa Lucía,LCA,América Latina y el Caribe (excluido altos ingresos),Ingreso mediano alto,31.0,189738.0,169688.0
2009,Santo Tomé y Príncipe,STP,África al sur del Sahara (excluido altos ingresos),Países de ingreso mediano bajo,16.41,80829.0,178128.0
2009,Senegal,SEN,África al sur del Sahara (excluido altos ingresos),Países de ingreso mediano bajo,7.5,6901492.0,12195029.0
2009,Serbia,SRB,Europa y Asia central (excluido altos ingresos),Ingreso mediano alto,38.1,9912339.0,7320807.0
2009,Seychelles,SYC,,Ingreso alto,,110668.0,87298.0
2009,Sierra Leona,SLE,África al sur del Sahara (excluido altos ingresos),Países de ingreso bajo,0.26,1160000.0,6259842.0
2009,Singapur,SGP,,Ingreso alto,69.0,6884800.0,4987573.0
2009,Sint Maarten (Dutch part),SXM,,Ingreso alto,,,34238.0
2009,Somalia,SOM,África al sur del Sahara (excluido altos ingresos),Países de ingreso bajo,1.16,641000.0,11730037.0
2009,Sri Lanka,LKA,Asia meridional,Países de ingreso mediano bajo,,16305417.0,20123508.0
2009,Sudáfrica,ZAF,África al sur del Sahara (excluido altos ingresos),Ingreso mediano alto,10.0,46436000.0,51170779.0
2009,Sudán,SDN,África al sur del Sahara (excluido altos ingresos),Países de ingreso bajo,,15339895.0,32948155.0
2009,Sudán del Sur,SSD,África al sur del Sahara (excluido altos ingresos),Países de ingreso bajo,,,9229227.0
2009,Suecia,SWE,,Ingreso alto,91.0,10440000.0,9298515.0
2009,Suiza,CHE,,Ingreso alto,81.3,9322580.0,7743831.0
2009,Suriname,SUR,América Latina y el Caribe (excluido altos ingresos),Ingreso mediano alto,31.36,763912.0,539987.0
2009,Tailandia,THA,Asia oriental y el Pacífico (excluido altos ingresos),Ingreso mediano alto,20.1,65952313.0,67813654.0
2009,Tanzanía,TZA,África al sur del Sahara (excluido altos ingresos),Países de ingreso mediano bajo,2.4,17469486.0,43957933.0
2009,Tayikistán,TJK,Europa y Asia central (excluido altos ingresos),Países de ingreso mediano bajo,10.07,4900000.0,7468596.0
2009,Timor-Leste,TLS,Asia oriental y el Pacífico (excluido altos ingresos),Países de ingreso mediano bajo,2.0,350891.0,1065540.0
2009,Togo,TGO,África al sur del Sahara (excluido altos ingresos),Países de ingreso bajo,2.6,2187334.0,6398624.0
2009,Tonga,TON,Asia oriental y el Pacífico (excluido altos ingresos),Ingreso mediano alto,10.0,53000.0,107144.0
2009,Trinidad y Tobago,TTO,,Ingreso alto,44.3,1846345.0,1401191.0
2009,Turkmenistán,TKM,Europa y Asia central (excluido altos ingresos),Ingreso mediano alto,1.95,2132890.0,5180957.0
2009,Turquía,TUR,Europa y Asia central (excluido altos ingresos),Ingreso mediano alto,36.4,62779554.0,72225639.0
2009,Tuvalu,TUV,Asia oriental y el Pacífico (excluido altos ingresos),Ingreso mediano alto,12.8,1000.0,10408.0
2009,Túnez,TUN,Oriente Medio y Norte de África (excluido altos ingresos),Países de ingreso mediano bajo,34.07,9797026.0,10784504.0
2009,Ucrania,UKR,Europa y Asia central (excluido altos ingresos),Países de ingreso mediano bajo,17.9,54942815.0,46053331.0
2009,Uganda,UGA,África al sur del Sahara (excluido altos ingresos),Países de ingreso bajo,4.1,9383734.0,31412520.0
2009,Uruguay,URY,,Ingreso alto,41.8,4111560.0,3344156.0
2009,Uzbekistán,UZB,Europa y Asia central (excluido altos ingresos),Países de ingreso mediano bajo,11.9,16417914.0,27767400.0
2009,Vanuatu,VUT,Asia oriental y el Pacífico (excluido altos ingresos),Países de ingreso mediano bajo,7.5,131682.0,239689.0
2009,Venezuela,VEN,,No clasificado,32.7,28123570.0,28327892.0
2009,Viet Nam,VNM,Asia oriental y el Pacífico (excluido altos ingresos),Países de ingreso mediano bajo,26.55,98223980.0,86482923.0
2009,"Yemen, Rep. del",YEM,Oriente Medio y Norte de África (excluido altos ingresos),Países de ingreso bajo,9.96,8313000.0,24029589.0
2009,Zambia,ZMB,África al sur del Sahara (excluido altos ingresos),Países de ingreso bajo,2.5,4406682.0,13318087.0
2009,Zimbabwe,ZWE,África al sur del Sahara (excluido altos ingresos),Países de ingreso mediano bajo,4.0,3991000.0,12679810.0
2010,Afganistán,AFG,Asia meridional,Países de ingreso bajo,4.0,10215840.0,28189672.0
2010,Albania,ALB,Europa y Asia central (excluido altos ingresos),Ingreso mediano alto,45.0,2692372.0,2913021.0
2010,Alemania,DEU,,Ingreso alto,82.0,88400000.0,81776930.0
2010,Andorra,AND,,Ingreso alto,81.0,65495.0,71519.0
2010,Angola,AGO,África al sur del Sahara (excluido altos ingresos),Países de ingreso mediano bajo,2.8,9403365.0,23364185.0
2010,Antigua y Barbuda,ATG,,Ingreso alto,47.0,167970.0,85695.0
2010,Arabia Saudita,SAU,,Ingreso alto,41.0,51564375.0,29411929.0
2010,Argelia,DZA,Oriente Medio y Norte de África (excluido altos ingresos),Países de ingreso mediano bajo,12.5,32780165.0,35856344.0
2010,Argentina,ARG,América Latina y el Caribe (excluido altos ingresos),Ingreso mediano alto,45.0,57082298.0,40788453.0
2010,Armenia,ARM,Europa y Asia central (excluido altos ingresos),Ingreso mediano alto,25.0,3865354.0,2946293.0
2010,Aruba,ABW,,Ingreso alto,62.0,131800.0,100341.0
2010,Australia,AUS,,Ingreso alto,76.0,22500000.0,22031750.0
2010,Austria,AUT,,Ingreso alto,75.17,12241000.0,8363404.0
2010,Azerbaiyán,AZE,Europa y Asia central (excluido altos ingresos),Ingreso mediano alto,46.0,9100113.0,9054332.0
2010,Bahamas,BHS,,Ingreso alto,43.0,428377.0,373272.0
2010,Bahrein,BHR,,Ingreso alto,55.0,1567000.0,1213645.0
2010,Bangladesh,BGD,Asia meridional,Países de ingreso mediano bajo,3.7,67923887.0,148391139.0
2010,Barbados,BRB,,Ingreso alto,65.1,350061.0,274711.0
2010,Belarús,BLR,Europa y Asia central (excluido altos ingresos),Ingreso mediano alto,31.8,10332900.0,9483836.0
2010,Belice,BLZ,América Latina y el Caribe (excluido altos ingresos),Ingreso mediano alto,28.2,194201.0,322106.0
2010,Benin,BEN,África al sur del Sahara (excluido altos ingresos),Países de ingreso mediano bajo,3.13,7074914.0,9445710.0
2010,Bermudas,BMU,,Ingreso alto,84.21,88200.0,65124.0
2010,Bhután,BTN,Asia meridional,Países de ingreso mediano bajo,13.6,394316.0,705516.0
2010,Bolivia,BOL,América Latina y el Caribe (excluido altos ingresos),Países de ingreso mediano bajo,22.4,7179293.0,10223270.0
2010,Bosnia y Herzegovina,BIH,Europa y Asia central (excluido altos ingresos),Ingreso mediano alto,42.75,3110233.0,3811088.0
2010,Botswana,BWA,África al sur del Sahara (excluido altos ingresos),Ingreso mediano alto,6.0,2363411.0,2091664.0
2010,Brasil,BRA,América Latina y el Caribe (excluido altos ingresos),Ingreso mediano alto,40.65,196929978.0,196353492.0
2010,Brunei Darussalam,BRN,,Ingreso alto,53.0,435104.0,396053.0
2010,Bulgaria,BGR,Europa y Asia central (excluido altos ingresos),Ingreso mediano alto,46.23,10199942.0,7395599.0
2010,Burkina Faso,BFA,África al sur del Sahara (excluido altos ingresos),Países de ingreso bajo,2.4,5707850.0,16116845.0
2010,Burundi,BDI,África al sur del Sahara (excluido altos ingresos),Países de ingreso bajo,1.0,1678029.0,9126605.0
2010,Bélgica,BEL,,Ingreso alto,75.0,12154041.0,10895586.0
2010,Cabo Verde,CPV,África al sur del Sahara (excluido altos ingresos),Países de ingreso mediano bajo,30.0,371871.0,521212.0
2010,Camboya,KHM,Asia oriental y el Pacífico (excluido altos ingresos),Países de ingreso mediano bajo,1.26,8150764.0,14363532.0
2010,Camerún,CMR,África al sur del Sahara (excluido altos ingresos),Países de ingreso mediano bajo,4.3,8636652.0,19878036.0
2010,Canadá,CAN,,Ingreso alto,80.3,25825400.0,34004889.0
2010,Chad,TCD,África al sur del Sahara (excluido altos ingresos),Países de ingreso bajo,1.7,2875304.0,11894727.0
2010,Chile,CHL,,Ingreso alto,45.0,19852242.0,17004162.0
2010,China,CHN,Asia oriental y el Pacífico (excluido altos ingresos),Ingreso mediano alto,34.3,859003000.0,1337705000.0
2010,Chipre,CYP,,Ingreso alto,52.99,1034071.0,1129686.0
2010,Colombia,COL,América Latina y el Caribe (excluido altos ingresos),Ingreso mediano alto,36.5,44477653.0,44816108.0
2010,Comoras,COM,África al sur del Sahara (excluido altos ingresos),Países de ingreso mediano bajo,5.1,165278.0,656024.0
2010,"Congo, República Democrática del",COD,África al sur del Sahara (excluido altos ingresos),Países de ingreso bajo,0.72,11820348.0,66391257.0
2010,"Congo, República del",COG,África al sur del Sahara (excluido altos ingresos),Países de ingreso mediano bajo,5.0,3718748.0,4437884.0
2010,"Corea, República Popular Democrática de",PRK,Asia oriental y el Pacífico (excluido altos ingresos),Países de ingreso bajo,0.0,431919.0,24686435.0
2010,"Corea, República de",KOR,,Ingreso alto,83.7,50767241.0,49554112.0
2010,Costa Rica,CRI,América Latina y el Caribe (excluido altos ingresos),Ingreso mediano alto,36.5,3128372.0,4622252.0
2010,Croacia,HRV,,Ingreso alto,56.55,4928352.0,4295427.0
2010,Cuba,CUB,América Latina y el Caribe (excluido altos ingresos),Ingreso mediano alto,15.9,1003015.0,11290417.0
2010,Curacao,CUW,,Ingreso alto,,204024.0,148703.0
2010,Côte d'Ivoire,CIV,África al sur del Sahara (excluido altos ingresos),Países de ingreso mediano bajo,2.7,15599044.0,21120042.0
2010,Dinamarca,DNK,,Ingreso alto,88.72,6420790.0,5547683.0
2010,Djibouti,DJI,Oriente Medio y Norte de África (excluido altos ingresos),Países de ingreso mediano bajo,6.5,165613.0,919199.0
2010,Dominica,DMA,América Latina y el Caribe (excluido altos ingresos),Ingreso mediano alto,47.45,105567.0,68755.0
2010,Ecuador,ECU,América Latina y el Caribe (excluido altos ingresos),Ingreso mediano alto,29.03,14780730.0,14989585.0
2010,"Egipto, República Árabe de",EGY,Oriente Medio y Norte de África (excluido altos ingresos),Países de ingreso mediano bajo,21.6,70661005.0,87252413.0
2010,El Salvador,SLV,América Latina y el Caribe (excluido altos ingresos),Países de ingreso mediano bajo,15.9,7700336.0,6114034.0
2010,Emiratos Árabes Unidos,ARE,,Ingreso alto,68.0,10926019.0,8481771.0
2010,Eritrea,ERI,África al sur del Sahara (excluido altos ingresos),Países de ingreso bajo,0.61,185275.0,3147727.0
2010,Eslovenia,SVN,,Ingreso alto,70.0,2121950.0,2048583.0
2010,España,ESP,,Ingreso alto,65.8,51389417.0,46576897.0
2010,Estados Unidos,USA,,Ingreso alto,71.69,285118000.0,309327143.0
2010,Estonia,EST,,Ingreso alto,74.1,1652809.0,1331475.0
2010,Eswatini,SWZ,África al sur del Sahara (excluido altos ingresos),Países de ingreso mediano bajo,11.04,725802.0,1099920.0
2010,Etiopía,ETH,África al sur del Sahara (excluido altos ingresos),Países de ingreso bajo,0.75,6854000.0,89237791.0
2010,Federación de Rusia,RUS,Europa y Asia central (excluido altos ingresos),Ingreso mediano alto,49.0,237689224.0,142849468.0
2010,Fiji,FJI,Asia oriental y el Pacífico (excluido altos ingresos),Ingreso mediano alto,20.0,697920.0,905169.0
2010,Filipinas,PHL,Asia oriental y el Pacífico (excluido altos ingresos),Países de ingreso mediano bajo,25.0,83150138.0,94636700.0
2010,Finlandia,FIN,,Ingreso alto,86.89,8390000.0,5363352.0
2010,Francia,FRA,,Ingreso alto,77.28,57785000.0,65030575.0
2010,Gabón,GAB,África al sur del Sahara (excluido altos ingresos),Ingreso mediano alto,13.0,1610000.0,1711105.0
2010,Gambia,GMB,África al sur del Sahara (excluido altos ingresos),Países de ingreso bajo,9.2,1478347.0,1937275.0
2010,Georgia,GEO,Europa y Asia central (excluido altos ingresos),Ingreso mediano alto,26.9,3978242.0,3786695.0
2010,Ghana,GHA,África al sur del Sahara (excluido altos ingresos),Países de ingreso mediano bajo,7.8,17436949.0,25574719.0
2010,Gibraltar,GIB,,Ingreso alto,65.0,30000.0,31262.0
2010,Granada,GRD,América Latina y el Caribe (excluido altos ingresos),Ingreso mediano alto,27.0,121946.0,114039.0
2010,Grecia,GRC,,Ingreso alto,44.4,12292716.0,11121341.0
2010,Groenlandia,GRL,,Ingreso alto,63.0,57349.0,56905.0
2010,Guam,GUM,,Ingreso alto,54.04,,164905.0
2010,Guatemala,GTM,América Latina y el Caribe (excluido altos ingresos),Ingreso mediano alto,10.5,18067970.0,14259687.0
2010,Guinea,GIN,África al sur del Sahara (excluido altos ingresos),Países de ingreso bajo,1.0,4000000.0,10270728.0
2010,Guinea Ecuatorial,GNQ,África al sur del Sahara (excluido altos ingresos),Ingreso mediano alto,6.0,399290.0,1094524.0
2010,Guinea-Bissau,GNB,África al sur del Sahara (excluido altos ingresos),Países de ingreso bajo,2.45,677365.0,1567220.0
2010,Guyana,GUY,América Latina y el Caribe (excluido altos ingresos),Ingreso mediano alto,29.9,560397.0,747932.0
2010,Haití,HTI,América Latina y el Caribe (excluido altos ingresos),Países de ingreso mediano bajo,8.37,4000000.0,9842880.0
2010,Honduras,HND,América Latina y el Caribe (excluido altos ingresos),Países de ingreso mediano bajo,11.09,9505071.0,8450933.0
2010,"Hong Kong, Región Administrativa Especial",HKG,,Ingreso alto,72.0,13793729.0,7024200.0
2010,Hungría,HUN,,Ingreso alto,65.0,12011823.0,10000023.0
2010,India,IND,Asia meridional,Países de ingreso mediano bajo,7.5,752190000.0,1240613620.0
2010,Indonesia,IDN,Asia oriental y el Pacífico (excluido altos ingresos),Países de ingreso mediano bajo,10.92,211290235.0,244016173.0
2010,Iraq,IRQ,Oriente Medio y Norte de África (excluido altos ingresos),Ingreso mediano alto,2.5,23264408.0,31264875.0
2010,Irlanda,IRL,,Ingreso alto,69.85,4701474.0,4560155.0
2010,"Irán, República Islámica del",IRN,Oriente Medio y Norte de África (excluido altos ingresos),Países de ingreso mediano bajo,15.9,54051764.0,75373855.0
2010,Isla de Man,IMN,,Ingreso alto,,,83828.0
2010,Isla de San Martín (parte francesa),MAF,,Ingreso alto,,,36458.0
2010,Islandia,ISL,,Ingreso alto,93.39,341077.0,318041.0
2010,Islas Caimán,CYM,,Ingreso alto,66.0,100568.0,54074.0
2010,Islas Feroe,FRO,,Ingreso alto,75.2,59446.0,48410.0
2010,Islas Marshall,MHL,Asia oriental y el Pacífico (excluido altos ingresos),Ingreso mediano alto,7.0,,53416.0
2010,Islas Salomón,SLB,Asia oriental y el Pacífico (excluido altos ingresos),Países de ingreso mediano bajo,5.0,115500.0,540394.0
2010,Islas Turcas y Caicos,TCA,,Ingreso alto,,,29726.0
2010,Islas Vírgenes (EE.UU.),VIR,,Ingreso alto,31.22,,108357.0
2010,Islas Vírgenes Británicas,VGB,,Ingreso alto,37.0,47524.0,27556.0
2010,Islas del Canal,CHI,,Ingreso alto,,,156933.0
2010,Israel,ISR,,Ingreso alto,67.5,9111000.0,7623600.0
2010,Italia,ITA,,Ingreso alto,53.68,93666088.0,59277417.0
2010,Jamaica,JAM,América Latina y el Caribe (excluido altos ingresos),Ingreso mediano alto,27.67,3181995.0,2733896.0
2010,Japón,JPN,,Ingreso alto,78.21,123287125.0,128070000.0
2010,Jordania,JOR,Oriente Medio y Norte de África (excluido altos ingresos),Ingreso mediano alto,27.2,6620000.0,6931258.0
2010,Kazajstán,KAZ,Europa y Asia central (excluido altos ingresos),Ingreso mediano alto,31.6,19402600.0,16321872.0
2010,Kenya,KEN,África al sur del Sahara (excluido altos ingresos),Países de ingreso mediano bajo,7.2,24968891.0,41517895.0
2010,Kirguistán,KGZ,Europa y Asia central (excluido altos ingresos),Países de ingreso mediano bajo,16.3,5275477.0,5447900.0
2010,Kiribati,KIR,Asia oriental y el Pacífico (excluido altos ingresos),Países de ingreso mediano bajo,9.07,10595.0,107995.0
2010,Kosovo,XKX,Europa y Asia central (excluido altos ingresos),Ingreso mediano alto,,562000.0,1775680.0
2010,Kuwait,KWT,,Ingreso alto,61.4,3979145.0,2943356.0
2010,Lesotho,LSO,África al sur del Sahara (excluido altos ingresos),Países de ingreso mediano bajo,3.86,987448.0,2022747.0
2010,Letonia,LVA,,Ingreso alto,68.42,2306100.0,2097555.0
2010,Liberia,LBR,África al sur del Sahara (excluido altos ingresos),Países de ingreso bajo,2.3,1571308.0,4019956.0
2010,Libia,LBY,Oriente Medio y Norte de África (excluido altos ingresos),Ingreso mediano alto,14.0,10900000.0,6491988.0
2010,Liechtenstein,LIE,,Ingreso alto,80.0,35500.0,35926.0
2010,Lituania,LTU,,Ingreso alto,62.12,4890979.0,3097282.0
2010,Luxemburgo,LUX,,Ingreso alto,90.62,727000.0,506953.0
2010,Líbano,LBN,Oriente Medio y Norte de África (excluido altos ingresos),Países de ingreso mediano bajo,43.68,2863664.0,4995800.0
2010,Macedonia del Norte,MKD,Europa y Asia central (excluido altos ingresos),Ingreso mediano alto,51.9,2153425.0,2055004.0
2010,Madagascar,MDG,África al sur del Sahara (excluido altos ingresos),Países de ingreso bajo,1.7,7711721.0,21731053.0
2010,Malasia,MYS,Asia oriental y el Pacífico (excluido altos ingresos),Ingreso mediano alto,56.3,33858700.0,28717731.0
2010,Malawi,MWI,África al sur del Sahara (excluido altos ingresos),Países de ingreso bajo,2.26,3117364.0,14718422.0
2010,Maldivas,MDV,Asia meridional,Ingreso mediano alto,26.53,494351.0,361575.0
2010,Malta,MLT,,Ingreso alto,63.0,455579.0,414508.0
2010,Malí,MLI,África al sur del Sahara (excluido altos ingresos),Países de ingreso bajo,2.0,7440383.0,15529181.0
2010,Mariana,MNP,,Ingreso alto,,,54087.0
2010,Marruecos,MAR,Oriente Medio y Norte de África (excluido altos ingresos),Países de ingreso mediano bajo,52.0,31982279.0,32464865.0
2010,Mauricio,MUS,África al sur del Sahara (excluido altos ingresos),Ingreso mediano alto,28.33,1190900.0,1250400.0
2010,Mauritania,MRT,África al sur del Sahara (excluido altos ingresos),Países de ingreso mediano bajo,4.0,2776050.0,3419461.0
2010,Micronesia (Estados Federados de),FSM,Asia oriental y el Pacífico (excluido altos ingresos),Países de ingreso mediano bajo,20.0,27518.0,107588.0
2010,Mongolia,MNG,Asia oriental y el Pacífico (excluido altos ingresos),Países de ingreso mediano bajo,10.2,2510470.0,2702520.0
2010,Montenegro,MNE,Europa y Asia central (excluido altos ingresos),Ingreso mediano alto,37.5,1170000.0,619428.0
2010,Mozambique,MOZ,África al sur del Sahara (excluido altos ingresos),Países de ingreso bajo,4.17,7224176.0,23073723.0
2010,Myanmar,MMR,Asia oriental y el Pacífico (excluido altos ingresos),Países de ingreso mediano bajo,0.25,594000.0,49390988.0
2010,México,MEX,América Latina y el Caribe (excluido altos ingresos),Ingreso mediano alto,31.05,91383493.0,112532401.0
2010,Mónaco,MCO,,Ingreso alto,75.0,23414.0,33178.0
2010,Namibia,NAM,África al sur del Sahara (excluido altos ingresos),Ingreso mediano alto,11.6,1950072.0,2099271.0
2010,Nauru,NRU,,Ingreso alto,,6200.0,10241.0
2010,Nepal,NPL,Asia meridional,Países de ingreso mediano bajo,7.93,9195562.0,27161567.0
2010,Nicaragua,NIC,América Latina y el Caribe (excluido altos ingresos),Países de ingreso mediano bajo,10.0,3962247.0,5855734.0
2010,Nigeria,NGA,África al sur del Sahara (excluido altos ingresos),Países de ingreso mediano bajo,11.5,87297789.0,160952853.0
2010,Noruega,NOR,,Ingreso alto,93.39,5599286.0,4889252.0
2010,Nueva Caledonia,NCL,,Ingreso alto,42.0,220811.0,249750.0
2010,Nueva Zelandia,NZL,,Ingreso alto,80.46,4710000.0,4350700.0
2010,Níger,NER,África al sur del Sahara (excluido altos ingresos),Países de ingreso bajo,0.83,3668625.0,16647543.0
2010,Omán,OMN,,Ingreso alto,35.83,4606133.0,2881914.0
2010,Pakistán,PAK,Asia meridional,Países de ingreso mediano bajo,8.0,99185844.0,194454498.0
2010,Palau,PLW,Asia oriental y el Pacífico (excluido altos ingresos),Ingreso mediano alto,,14512.0,18540.0
2010,Panamá,PAN,,Ingreso alto,40.1,6646348.0,3623617.0
2010,Papua Nueva Guinea,PNG,Asia oriental y el Pacífico (excluido altos ingresos),Países de ingreso mediano bajo,1.28,1909078.0,7583269.0
2010,Paraguay,PRY,América Latina y el Caribe (excluido altos ingresos),Ingreso mediano alto,19.8,5920858.0,5768613.0
2010,Países Bajos,NLD,,Ingreso alto,90.72,19179000.0,16615394.0
2010,Perú,PER,América Latina y el Caribe (excluido altos ingresos),Ingreso mediano alto,34.77,29115149.0,29229572.0
2010,Polinesia Francesa,PYF,,Ingreso alto,49.0,215890.0,283788.0
2010,Polonia,POL,,Ingreso alto,62.32,46952111.0,38042794.0
2010,Portugal,PRT,,Ingreso alto,53.3,12210377.0,10573100.0
2010,Puerto Rico,PRI,,Ingreso alto,45.3,2933988.0,3721525.0
2010,Qatar,QAT,,Ingreso alto,69.0,2186447.0,1713504.0
2010,"Región Administrativa Especial de Macao, China",MAC,,Ingreso alto,55.2,1122261.0,557297.0
2010,Reino Unido,GBR,,Ingreso alto,85.0,76729827.0,62766365.0
2010,República Centroafricana,CAF,África al sur del Sahara (excluido altos ingresos),Países de ingreso bajo,2.0,979232.0,4660067.0
2010,República Checa,CZE,,Ingreso alto,68.82,12934100.0,10474410.0
2010,República Democrática Popular Lao,LAO,Asia oriental y el Pacífico (excluido altos ingresos),Países de ingreso mediano bajo,7.0,4003395.0,6323418.0
2010,República Dominicana,DOM,América Latina y el Caribe (excluido altos ingresos),Ingreso mediano alto,31.4,8892783.0,9775755.0
2010,República Eslovaca,SVK,,Ingreso alto,75.71,5925012.0,5391428.0
2010,República de Moldova,MDA,Europa y Asia central (excluido altos ingresos),Ingreso mediano alto,32.3,2550592.0,2862354.0
2010,República Árabe Siria,SYR,Oriente Medio y Norte de África (excluido altos ingresos),Países de ingreso bajo,20.7,11696000.0,22337563.0
2010,Ribera Occidental y Gaza,PSE,Oriente Medio y Norte de África (excluido altos ingresos),Países de ingreso mediano bajo,37.4,2603582.0,3786161.0
2010,Rumania,ROU,,Ingreso alto,39.93,24360000.0,20246871.0
2010,Rwanda,RWA,África al sur del Sahara (excluido altos ingresos),Países de ingreso bajo,8.0,3548761.0,10309031.0
2010,Saint Kitts y Nevis,KNA,,Ingreso alto,63.0,80000.0,47403.0
2010,Samoa,WSM,Asia oriental y el Pacífico (excluido altos ingresos),Países de ingreso mediano bajo,7.0,90000.0,194672.0
2010,Samoa Americana,ASM,Asia oriental y el Pacífico (excluido altos ingresos),Ingreso mediano alto,,,54849.0
2010,San Marino,SMR,,Ingreso alto,,30587.0,31608.0
2010,San Vicente y las Granadinas,VCT,América Latina y el Caribe (excluido altos ingresos),Ingreso mediano alto,33.7,131791.0,109308.0
2010,Santa Lucía,LCA,América Latina y el Caribe (excluido altos ingresos),Ingreso mediano alto,32.5,198212.0,170935.0
2010,Santo Tomé y Príncipe,STP,África al sur del Sahara (excluido altos ingresos),Países de ingreso mediano bajo,18.75,102730.0,182138.0
2010,Senegal,SEN,África al sur del Sahara (excluido altos ingresos),Países de ingreso mediano bajo,8.0,8343717.0,12530121.0
2010,Serbia,SRB,Europa y Asia central (excluido altos ingresos),Ingreso mediano alto,40.9,9915348.0,7291436.0
2010,Seychelles,SYC,,Ingreso alto,41.0,117587.0,89770.0
2010,Sierra Leona,SLE,África al sur del Sahara (excluido altos ingresos),Países de ingreso bajo,0.58,2000000.0,6436698.0
2010,Singapur,SGP,,Ingreso alto,71.0,7384600.0,5076732.0
2010,Sint Maarten (Dutch part),SXM,,Ingreso alto,,,34056.0
2010,Somalia,SOM,África al sur del Sahara (excluido altos ingresos),Países de ingreso bajo,,648200.0,12026649.0
2010,Sri Lanka,LKA,Asia meridional,Países de ingreso mediano bajo,,17359312.0,20261738.0
2010,Sudáfrica,ZAF,África al sur del Sahara (excluido altos ingresos),Ingreso mediano alto,24.0,50372000.0,51784921.0
2010,Sudán,SDN,África al sur del Sahara (excluido altos ingresos),Países de ingreso bajo,,18093231.0,33739933.0
2010,Sudán del Sur,SSD,África al sur del Sahara (excluido altos ingresos),Países de ingreso bajo,,1500000.0,9714419.0
2010,Suecia,SWE,,Ingreso alto,90.0,10992407.0,9378126.0
2010,Suiza,CHE,,Ingreso alto,83.9,9644157.0,7824909.0
2010,Suriname,SUR,América Latina y el Caribe (excluido altos ingresos),Ingreso mediano alto,31.59,521166.0,546080.0
2010,Tailandia,THA,Asia oriental y el Pacífico (excluido altos ingresos),Ingreso mediano alto,22.4,71726300.0,68270489.0
2010,Tanzanía,TZA,África al sur del Sahara (excluido altos ingresos),Países de ingreso mediano bajo,2.9,20983853.0,45110527.0
2010,Tayikistán,TJK,Europa y Asia central (excluido altos ingresos),Países de ingreso mediano bajo,11.55,5940842.0,7621779.0
2010,Timor-Leste,TLS,Asia oriental y el Pacífico (excluido altos ingresos),Países de ingreso mediano bajo,3.0,473020.0,1088486.0
2010,Togo,TGO,África al sur del Sahara (excluido altos ingresos),Países de ingreso bajo,3.0,2602283.0,6571855.0
2010,Tonga,TON,Asia oriental y el Pacífico (excluido altos ingresos),Ingreso mediano alto,16.0,54300.0,107383.0
2010,Trinidad y Tobago,TTO,,Ingreso alto,48.5,1894240.0,1410296.0
2010,Turkmenistán,TKM,Europa y Asia central (excluido altos ingresos),Ingreso mediano alto,3.0,3197624.0,5267970.0
2010,Turquía,TUR,Europa y Asia central (excluido altos ingresos),Ingreso mediano alto,39.82,61769635.0,73195345.0
2010,Tuvalu,TUV,Asia oriental y el Pacífico (excluido altos ingresos),Ingreso mediano alto,14.6,1600.0,10550.0
2010,Túnez,TUN,Oriente Medio y Norte de África (excluido altos ingresos),Países de ingreso mediano bajo,36.8,11114206.0,10895063.0
2010,Ucrania,UKR,Europa y Asia central (excluido altos ingresos),Países de ingreso mediano bajo,23.3,53928830.0,45870741.0
2010,Uganda,UGA,África al sur del Sahara (excluido altos ingresos),Países de ingreso bajo,4.3,12828264.0,32341728.0
2010,Uruguay,URY,,Ingreso alto,46.4,4437158.0,3352651.0
2010,Uzbekistán,UZB,Europa y Asia central (excluido altos ingresos),Países de ingreso mediano bajo,15.9,20952000.0,28562400.0
2010,Vanuatu,VUT,Asia oriental y el Pacífico (excluido altos ingresos),Países de ingreso mediano bajo,8.0,169935.0,245453.0
2010,Venezuela,VEN,,No clasificado,37.37,27880132.0,28715022.0
2010,Viet Nam,VNM,Asia oriental y el Pacífico (excluido altos ingresos),Países de ingreso mediano bajo,30.65,111570201.0,87411012.0
2010,"Yemen, Rep. del",YEM,Oriente Medio y Norte de África (excluido altos ingresos),Países de ingreso bajo,12.35,11085000.0,24743946.0
2010,Zambia,ZMB,África al sur del Sahara (excluido altos ingresos),Países de ingreso bajo,3.0,5446991.0,13792086.0
2010,Zimbabwe,ZWE,África al sur del Sahara (excluido altos ingresos),Países de ingreso mediano bajo,6.4,7700000.0,12839771.0
2011,Afganistán,AFG,Asia meridional,Países de ingreso bajo,5.0,13797879.0,29249157.0
2011,Albania,ALB,Europa y Asia central (excluido altos ingresos),Ingreso mediano alto,47.0,3100000.0,2905195.0
2011,Alemania,DEU,,Ingreso alto,81.27,90900000.0,80274983.0
2011,Andorra,AND,,Ingreso alto,81.0,65044.0,70567.0
2011,Angola,AGO,África al sur del Sahara (excluido altos ingresos),Países de ingreso mediano bajo,4.7,12073218.0,24259111.0
2011,Antigua y Barbuda,ATG,,Ingreso alto,52.0,176008.0,86729.0
2011,Arabia Saudita,SAU,,Ingreso alto,47.5,54000000.0,30150945.0
2011,Argelia,DZA,Oriente Medio y Norte de África (excluido altos ingresos),Países de ingreso mediano bajo,14.9,35615926.0,36543541.0
2011,Argentina,ARG,América Latina y el Caribe (excluido altos ingresos),Ingreso mediano alto,51.0,60722729.0,41261490.0
2011,Armenia,ARM,Europa y Asia central (excluido altos ingresos),Ingreso mediano alto,32.0,3211215.0,2928976.0
2011,Aruba,ABW,,Ingreso alto,69.0,,101288.0
2011,Australia,AUS,,Ingreso alto,79.49,23789000.0,22340024.0
2011,Austria,AUT,,Ingreso alto,78.74,13022578.0,8391643.0
2011,Azerbaiyán,AZE,Europa y Asia central (excluido altos ingresos),Ingreso mediano alto,50.0,10120105.0,9173082.0
2011,Bahamas,BHS,,Ingreso alto,65.0,298790.0,377950.0
2011,Bahrein,BHR,,Ingreso alto,77.0,1693650.0,1212077.0
2011,Bangladesh,BGD,Asia meridional,Países de ingreso mediano bajo,4.5,84368700.0,150211005.0
2011,Barbados,BRB,,Ingreso alto,66.5,347917.0,275486.0
2011,Belarús,BLR,Europa y Asia central (excluido altos ingresos),Ingreso mediano alto,39.65,10694900.0,9461643.0
2011,Belice,BLZ,América Latina y el Caribe (excluido altos ingresos),Ingreso mediano alto,30.7,222407.0,329538.0
2011,Benin,BEN,África al sur del Sahara (excluido altos ingresos),Países de ingreso mediano bajo,4.15,7765206.0,9726380.0
2011,Bermudas,BMU,,Ingreso alto,88.34,,64564.0
2011,Bhután,BTN,Asia meridional,Países de ingreso mediano bajo,14.4,484189.0,713331.0
2011,Bolivia,BOL,América Latina y el Caribe (excluido altos ingresos),Países de ingreso mediano bajo,30.0,8353273.0,10396246.0
2011,Bosnia y Herzegovina,BIH,Europa y Asia central (excluido altos ingresos),Ingreso mediano alto,43.89,3171283.0,3743142.0
2011,Botswana,BWA,África al sur del Sahara (excluido altos ingresos),Ingreso mediano alto,9.0,2900263.0,2134037.0
2011,Brasil,BRA,América Latina y el Caribe (excluido altos ingresos),Ingreso mediano alto,45.69,234357507.0,198185302.0
2011,Brunei Darussalam,BRN,,Ingreso alto,56.0,443161.0,401506.0
2011,Bulgaria,BGR,Europa y Asia central (excluido altos ingresos),Ingreso mediano alto,47.98,10475083.0,7348328.0
2011,Burkina Faso,BFA,África al sur del Sahara (excluido altos ingresos),Países de ingreso bajo,3.0,7682100.0,16602651.0
2011,Burundi,BDI,África al sur del Sahara (excluido altos ingresos),Países de ingreso bajo,1.11,1914586.0,9455733.0
2011,Bélgica,BEL,,Ingreso alto,81.61,12495934.0,11038264.0
2011,Cabo Verde,CPV,África al sur del Sahara (excluido altos ingresos),Países de ingreso mediano bajo,32.0,396429.0,527521.0
2011,Camboya,KHM,Asia oriental y el Pacífico (excluido altos ingresos),Países de ingreso mediano bajo,3.1,13757000.0,14573885.0
2011,Camerún,CMR,África al sur del Sahara (excluido altos ingresos),Países de ingreso mediano bajo,5.0,10486614.0,20448873.0
2011,Canadá,CAN,,Ingreso alto,83.0,26840000.0,34339328.0
2011,Chad,TCD,África al sur del Sahara (excluido altos ingresos),Países de ingreso bajo,1.9,3665661.0,12317730.0
2011,Chile,CHL,,Ingreso alto,52.25,22315248.0,17173573.0
2011,China,CHN,Asia oriental y el Pacífico (excluido altos ingresos),Ingreso mediano alto,38.3,986253000.0,1345035000.0
2011,Chipre,CYP,,Ingreso alto,56.86,1090944.0,1145086.0
2011,Colombia,COL,América Latina y el Caribe (excluido altos ingresos),Ingreso mediano alto,40.35,46200421.0,45308899.0
2011,Comoras,COM,África al sur del Sahara (excluido altos ingresos),Países de ingreso mediano bajo,5.5,216438.0,670071.0
2011,"Congo, República Democrática del",COD,África al sur del Sahara (excluido altos ingresos),Países de ingreso bajo,1.2,15644877.0,68654269.0
2011,"Congo, República del",COG,África al sur del Sahara (excluido altos ingresos),Países de ingreso mediano bajo,5.6,3884757.0,4584216.0
2011,"Corea, República Popular Democrática de",PRK,Asia oriental y el Pacífico (excluido altos ingresos),Países de ingreso bajo,0.0,1000000.0,24783789.0
2011,"Corea, República de",KOR,,Ingreso alto,83.76,52506793.0,49936638.0
2011,Costa Rica,CRI,América Latina y el Caribe (excluido altos ingresos),Ingreso mediano alto,39.21,4153067.0,4679926.0
2011,Croacia,HRV,,Ingreso alto,57.79,5115140.0,4280622.0
2011,Cuba,CUB,América Latina y el Caribe (excluido altos ingresos),Ingreso mediano alto,16.02,1315141.0,11298710.0
2011,Curacao,CUW,,Ingreso alto,,206294.0,150831.0
2011,Côte d'Ivoire,CIV,África al sur del Sahara (excluido altos ingresos),Países de ingreso mediano bajo,2.9,17344242.0,21562914.0
2011,Dinamarca,DNK,,Ingreso alto,89.81,7173185.0,5570572.0
2011,Djibouti,DJI,Oriente Medio y Norte de África (excluido altos ingresos),Países de ingreso mediano bajo,7.0,193049.0,936811.0
2011,Dominica,DMA,América Latina y el Caribe (excluido altos ingresos),Ingreso mediano alto,48.6,108924.0,68742.0
2011,Ecuador,ECU,América Latina y el Caribe (excluido altos ingresos),Ingreso mediano alto,31.37,15332715.0,15237728.0
2011,"Egipto, República Árabe de",EGY,Oriente Medio y Norte de África (excluido altos ingresos),Países de ingreso mediano bajo,25.6,83425145.0,89200054.0
2011,El Salvador,SLV,América Latina y el Caribe (excluido altos ingresos),Países de ingreso mediano bajo,18.9,8316150.0,6137349.0
2011,Emiratos Árabes Unidos,ARE,,Ingreso alto,78.0,11727401.0,8575205.0
2011,Eritrea,ERI,África al sur del Sahara (excluido altos ingresos),Países de ingreso bajo,0.7,241939.0,3207570.0
2011,Eslovenia,SVN,,Ingreso alto,67.34,2168548.0,2052843.0
2011,España,ESP,,Ingreso alto,67.09,52590507.0,46742697.0
2011,Estados Unidos,USA,,Ingreso alto,69.73,297404000.0,311583481.0
2011,Estonia,EST,,Ingreso alto,76.5,1806075.0,1327439.0
2011,Eswatini,SWZ,África al sur del Sahara (excluido altos ingresos),Países de ingreso mediano bajo,18.13,766540.0,1105371.0
2011,Etiopía,ETH,África al sur del Sahara (excluido altos ingresos),Países de ingreso bajo,1.1,14126659.0,91817929.0
2011,Federación de Rusia,RUS,Europa y Asia central (excluido altos ingresos),Ingreso mediano alto,58.0,203751647.0,142960908.0
2011,Fiji,FJI,Asia oriental y el Pacífico (excluido altos ingresos),Ingreso mediano alto,28.0,727000.0,908355.0
2011,Filipinas,PHL,Asia oriental y el Pacífico (excluido altos ingresos),Países de ingreso mediano bajo,29.0,94189795.0,96337913.0
2011,Finlandia,FIN,,Ingreso alto,88.71,8940000.0,5388272.0
2011,Francia,FRA,,Ingreso alto,77.82,59816000.0,65345233.0
2011,Gabón,GAB,África al sur del Sahara (excluido altos ingresos),Ingreso mediano alto,18.0,2370227.0,1772500.0
2011,Gambia,GMB,África al sur del Sahara (excluido altos ingresos),Países de ingreso bajo,10.87,1401163.0,1998212.0
2011,Georgia,GEO,Europa y Asia central (excluido altos ingresos),Ingreso mediano alto,31.52,4430344.0,3756441.0
2011,Ghana,GHA,África al sur del Sahara (excluido altos ingresos),Países de ingreso mediano bajo,9.0,21165843.0,26205941.0
2011,Gibraltar,GIB,,Ingreso alto,65.0,32500.0,31701.0
2011,Granada,GRD,América Latina y el Caribe (excluido altos ingresos),Ingreso mediano alto,30.0,120855.0,114918.0
2011,Grecia,GRC,,Ingreso alto,51.65,12127985.0,11104899.0
2011,Groenlandia,GRL,,Ingreso alto,64.0,58742.0,56890.0
2011,Guam,GUM,,Ingreso alto,57.7,,165649.0
2011,Guatemala,GTM,América Latina y el Caribe (excluido altos ingresos),Ingreso mediano alto,12.3,19479105.0,14521515.0
2011,Guinea,GIN,África al sur del Sahara (excluido altos ingresos),Países de ingreso bajo,2.0,4860590.0,10527712.0
2011,Guinea Ecuatorial,GNQ,África al sur del Sahara (excluido altos ingresos),Ingreso mediano alto,11.5,478860.0,1144588.0
2011,Guinea-Bissau,GNB,África al sur del Sahara (excluido altos ingresos),Países de ingreso bajo,2.67,732634.0,1609017.0
2011,Guyana,GUY,América Latina y el Caribe (excluido altos ingresos),Ingreso mediano alto,30.0,528757.0,744230.0
2011,Haití,HTI,América Latina y el Caribe (excluido altos ingresos),Países de ingreso mediano bajo,9.0,4200000.0,9954312.0
2011,Honduras,HND,América Latina y el Caribe (excluido altos ingresos),Países de ingreso mediano bajo,15.9,8062229.0,8622504.0
2011,"Hong Kong, Región Administrativa Especial",HKG,,Ingreso alto,72.2,15292924.0,7071600.0
2011,Hungría,HUN,,Ingreso alto,68.02,11689937.0,9971727.0
2011,India,IND,Asia meridional,Países de ingreso mediano bajo,10.07,893862478.0,1257621191.0
2011,Indonesia,IDN,Asia oriental y el Pacífico (excluido altos ingresos),Países de ingreso mediano bajo,12.28,249805619.0,247099697.0
2011,Iraq,IRQ,Oriente Medio y Norte de África (excluido altos ingresos),Ingreso mediano alto,5.0,25519000.0,32378061.0
2011,Irlanda,IRL,,Ingreso alto,74.89,4906352.0,4580084.0
2011,"Irán, República Islámica del",IRN,Oriente Medio y Norte de África (excluido altos ingresos),Países de ingreso mediano bajo,19.0,56043006.0,76342971.0
2011,Isla de Man,IMN,,Ingreso alto,,,84350.0
2011,Isla de San Martín (parte francesa),MAF,,Ingreso alto,,,36350.0
2011,Islandia,ISL,,Ingreso alto,94.82,344085.0,319014.0
2011,Islas Caimán,CYM,,Ingreso alto,69.47,96777.0,55492.0
2011,Islas Feroe,FRO,,Ingreso alto,80.73,58475.0,48386.0
2011,Islas Marshall,MHL,Asia oriental y el Pacífico (excluido altos ingresos),Ingreso mediano alto,10.0,,52971.0
2011,Islas Salomón,SLB,Asia oriental y el Pacífico (excluido altos ingresos),Países de ingreso mediano bajo,6.0,274872.0,553721.0
2011,Islas Turcas y Caicos,TCA,,Ingreso alto,,,30816.0
2011,Islas Vírgenes (EE.UU.),VIR,,Ingreso alto,35.6,,108290.0
2011,Islas Vírgenes Británicas,VGB,,Ingreso alto,37.4,46597.0,27962.0
2011,Islas del Canal,CHI,,Ingreso alto,,,157819.0
2011,Israel,ISR,,Ingreso alto,68.87,9200000.0,7765800.0
2011,Italia,ITA,,Ingreso alto,54.39,96040913.0,59379449.0
2011,Jamaica,JAM,América Latina y el Caribe (excluido altos ingresos),Ingreso mediano alto,37.44,2945395.0,2746169.0
2011,Japón,JPN,,Ingreso alto,79.05,132761125.0,127833000.0
2011,Jordania,JOR,Oriente Medio y Norte de África (excluido altos ingresos),Ingreso mediano alto,34.9,7482561.0,7109980.0
2011,Kazajstán,KAZ,Europa y Asia central (excluido altos ingresos),Ingreso mediano alto,50.6,25240800.0,16557202.0
2011,Kenya,KEN,África al sur del Sahara (excluido altos ingresos),Países de ingreso mediano bajo,8.8,28080771.0,42635144.0
2011,Kirguistán,KGZ,Europa y Asia central (excluido altos ingresos),Países de ingreso mediano bajo,17.5,6277108.0,5514600.0
2011,Kiribati,KIR,Asia oriental y el Pacífico (excluido altos ingresos),Países de ingreso mediano bajo,10.0,13788.0,109871.0
2011,Kosovo,XKX,Europa y Asia central (excluido altos ingresos),Ingreso mediano alto,,,1791000.0
2011,Kuwait,KWT,,Ingreso alto,65.77,4934160.0,3143825.0
2011,Lesotho,LSO,África al sur del Sahara (excluido altos ingresos),Países de ingreso mediano bajo,7.0,1232354.0,2037677.0
2011,Letonia,LVA,,Ingreso alto,69.75,2309000.0,2059709.0
2011,Liberia,LBR,África al sur del Sahara (excluido altos ingresos),Países de ingreso bajo,2.5,2020637.0,4181150.0
2011,Libia,LBY,Oriente Medio y Norte de África (excluido altos ingresos),Ingreso mediano alto,14.0,10000000.0,6188132.0
2011,Liechtenstein,LIE,,Ingreso alto,85.0,36970.0,36189.0
2011,Lituania,LTU,,Ingreso alto,63.64,4938000.0,3028115.0
2011,Luxemburgo,LUX,,Ingreso alto,90.03,764973.0,518347.0
2011,Líbano,LBN,Oriente Medio y Norte de África (excluido altos ingresos),Países de ingreso mediano bajo,52.0,3456650.0,5045056.0
2011,Macedonia del Norte,MKD,Europa y Asia central (excluido altos ingresos),Ingreso mediano alto,56.7,2213223.0,2058539.0
2011,Madagascar,MDG,África al sur del Sahara (excluido altos ingresos),Países de ingreso bajo,1.9,8680772.0,22348158.0
2011,Malasia,MYS,Asia oriental y el Pacífico (excluido altos ingresos),Ingreso mediano alto,61.0,36661300.0,29184133.0
2011,Malawi,MWI,África al sur del Sahara (excluido altos ingresos),Países de ingreso bajo,3.33,3951572.0,15146094.0
2011,Maldivas,MDV,Asia meridional,Ingreso mediano alto,34.0,530449.0,374440.0
2011,Malta,MLT,,Ingreso alto,68.02,521748.0,416268.0
2011,Malí,MLI,África al sur del Sahara (excluido altos ingresos),Países de ingreso bajo,2.2,10821930.0,16039734.0
2011,Mariana,MNP,,Ingreso alto,,,52520.0
2011,Marruecos,MAR,Oriente Medio y Norte de África (excluido altos ingresos),Países de ingreso mediano bajo,46.11,36553943.0,32903699.0
2011,Mauricio,MUS,África al sur del Sahara (excluido altos ingresos),Ingreso mediano alto,34.95,1294100.0,1252404.0
2011,Mauritania,MRT,África al sur del Sahara (excluido altos ingresos),Países de ingreso mediano bajo,4.5,3314767.0,3524249.0
2011,Micronesia (Estados Federados de),FSM,Asia oriental y el Pacífico (excluido altos ingresos),Países de ingreso mediano bajo,22.8,27600.0,107887.0
2011,Mongolia,MNG,Asia oriental y el Pacífico (excluido altos ingresos),Países de ingreso mediano bajo,12.5,2942313.0,2743938.0
2011,Montenegro,MNE,Europa y Asia central (excluido altos ingresos),Ingreso mediano alto,35.61,1159112.0,620079.0
2011,Mozambique,MOZ,África al sur del Sahara (excluido altos ingresos),Países de ingreso bajo,4.6,7855345.0,23760421.0
2011,Myanmar,MMR,Asia oriental y el Pacífico (excluido altos ingresos),Países de ingreso mediano bajo,0.98,1243619.0,49794522.0
2011,México,MEX,América Latina y el Caribe (excluido altos ingresos),Ingreso mediano alto,37.18,94583253.0,114150481.0
2011,Mónaco,MCO,,Ingreso alto,80.3,31789.0,33945.0
2011,Namibia,NAM,África al sur del Sahara (excluido altos ingresos),Ingreso mediano alto,12.0,2194495.0,2132340.0
2011,Nauru,NRU,,Ingreso alto,54.0,6700.0,10283.0
2011,Nepal,NPL,Asia meridional,Países de ingreso mediano bajo,9.0,13354477.0,27266399.0
2011,Nicaragua,NIC,América Latina y el Caribe (excluido altos ingresos),Países de ingreso mediano bajo,10.6,4823534.0,5942553.0
2011,Nigeria,NGA,África al sur del Sahara (excluido altos ingresos),Países de ingreso mediano bajo,13.8,95167308.0,165463745.0
2011,Noruega,NOR,,Ingreso alto,93.49,5725447.0,4953088.0
2011,Nueva Caledonia,NCL,,Ingreso alto,50.0,227310.0,254350.0
2011,Nueva Zelandia,NZL,,Ingreso alto,81.23,4820000.0,4384000.0
2011,Níger,NER,África al sur del Sahara (excluido altos ingresos),Países de ingreso bajo,0.9,4742879.0,17283112.0
2011,Omán,OMN,,Ingreso alto,48.0,4809248.0,3206870.0
2011,Pakistán,PAK,Asia meridional,Países de ingreso mediano bajo,8.0,108894518.0,198602738.0
2011,Palau,PLW,Asia oriental y el Pacífico (excluido altos ingresos),Ingreso mediano alto,,15445.0,18240.0
2011,Panamá,PAN,,Ingreso alto,42.7,6735429.0,3688674.0
2011,Papua Nueva Guinea,PNG,Asia oriental y el Pacífico (excluido altos ingresos),Países de ingreso mediano bajo,2.0,2400000.0,7806637.0
2011,Paraguay,PRY,América Latina y el Caribe (excluido altos ingresos),Ingreso mediano alto,24.76,6529053.0,5843939.0
2011,Países Bajos,NLD,,Ingreso alto,91.42,19829309.0,16693074.0
2011,Perú,PER,América Latina y el Caribe (excluido altos ingresos),Ingreso mediano alto,36.01,32461415.0,29477721.0
2011,Polinesia Francesa,PYF,,Ingreso alto,49.0,222827.0,285265.0
2011,Polonia,POL,,Ingreso alto,61.95,50160222.0,38063255.0
2011,Portugal,PRT,,Ingreso alto,55.25,12334595.0,10557560.0
2011,Puerto Rico,PRI,,Ingreso alto,48.0,3108372.0,3678732.0
2011,Qatar,QAT,,Ingreso alto,69.0,2302225.0,1804171.0
2011,"Región Administrativa Especial de Macao, China",MAC,,Ingreso alto,60.2,1353194.0,571003.0
2011,Reino Unido,GBR,,Ingreso alto,85.38,77162298.0,63258810.0
2011,República Centroafricana,CAF,África al sur del Sahara (excluido altos ingresos),Países de ingreso bajo,2.2,992444.0,4732022.0
2011,República Checa,CZE,,Ingreso alto,70.49,13167700.0,10496088.0
2011,República Democrática Popular Lao,LAO,Asia oriental y el Pacífico (excluido altos ingresos),Países de ingreso mediano bajo,9.0,5480851.0,6416327.0
2011,República Dominicana,DOM,América Latina y el Caribe (excluido altos ingresos),Ingreso mediano alto,38.0,8770780.0,9903737.0
2011,República Eslovaca,SVK,,Ingreso alto,74.44,5983059.0,5398384.0
2011,República de Moldova,MDA,Europa y Asia central (excluido altos ingresos),Ingreso mediano alto,38.0,3217261.0,2860699.0
2011,República Árabe Siria,SYR,Oriente Medio y Norte de África (excluido altos ingresos),Países de ingreso bajo,22.5,12917000.0,22730733.0
2011,Ribera Occidental y Gaza,PSE,Oriente Medio y Norte de África (excluido altos ingresos),Países de ingreso mediano bajo,41.08,2884964.0,3882986.0
2011,Rumania,ROU,,Ingreso alto,40.01,23420000.0,20147528.0
2011,Rwanda,RWA,África al sur del Sahara (excluido altos ingresos),Países de ingreso bajo,7.0,4446194.0,10576932.0
2011,Saint Kitts y Nevis,KNA,,Ingreso alto,63.2,77000.0,47581.0
2011,Samoa,WSM,Asia oriental y el Pacífico (excluido altos ingresos),Países de ingreso mediano bajo,11.0,,196351.0
2011,Samoa Americana,ASM,Asia oriental y el Pacífico (excluido altos ingresos),Ingreso mediano alto,,,54310.0
2011,San Marino,SMR,,Ingreso alto,49.6,35465.0,32495.0
2011,San Vicente y las Granadinas,VCT,América Latina y el Caribe (excluido altos ingresos),Ingreso mediano alto,36.7,131809.0,108703.0
2011,Santa Lucía,LCA,América Latina y el Caribe (excluido altos ingresos),Ingreso mediano alto,34.0,216530.0,172145.0
2011,Santo Tomé y Príncipe,STP,África al sur del Sahara (excluido altos ingresos),Países de ingreso mediano bajo,20.16,115038.0,186044.0
2011,Senegal,SEN,África al sur del Sahara (excluido altos ingresos),Países de ingreso mediano bajo,9.8,9352868.0,12875880.0
2011,Serbia,SRB,Europa y Asia central (excluido altos ingresos),Ingreso mediano alto,42.2,10182023.0,7234099.0
2011,Seychelles,SYC,,Ingreso alto,43.16,126594.0,87441.0
2011,Sierra Leona,SLE,África al sur del Sahara (excluido altos ingresos),Países de ingreso bajo,0.9,2137000.0,6612385.0
2011,Singapur,SGP,,Ingreso alto,71.0,7794300.0,5183688.0
2011,Sint Maarten (Dutch part),SXM,,Ingreso alto,,,33435.0
2011,Somalia,SOM,África al sur del Sahara (excluido altos ingresos),Países de ingreso bajo,1.25,1800000.0,12216837.0
2011,Sri Lanka,LKA,Asia meridional,Países de ingreso mediano bajo,,18319447.0,20398496.0
2011,Sudáfrica,ZAF,África al sur del Sahara (excluido altos ingresos),Ingreso mediano alto,33.97,64000000.0,52443325.0
2011,Sudán,SDN,África al sur del Sahara (excluido altos ingresos),Países de ingreso bajo,,25056185.0,34419624.0
2011,Sudán del Sur,SSD,África al sur del Sahara (excluido altos ingresos),Países de ingreso bajo,,1800000.0,10243050.0
2011,Suecia,SWE,,Ingreso alto,92.77,11454252.0,9449213.0
2011,Suiza,CHE,,Ingreso alto,85.19,10082636.0,7912398.0
2011,Suriname,SUR,América Latina y el Caribe (excluido altos ingresos),Ingreso mediano alto,32.0,533522.0,552146.0
2011,Tailandia,THA,Asia oriental y el Pacífico (excluido altos ingresos),Ingreso mediano alto,23.67,77449000.0,68712846.0
2011,Tanzanía,TZA,África al sur del Sahara (excluido altos ingresos),Países de ingreso mediano bajo,3.2,25666455.0,46416031.0
2011,Tayikistán,TJK,Europa y Asia central (excluido altos ingresos),Países de ingreso mediano bajo,13.03,6324000.0,7784819.0
2011,Timor-Leste,TLS,Asia oriental y el Pacífico (excluido altos ingresos),Países de ingreso mediano bajo,4.0,614151.0,1112976.0
2011,Togo,TGO,África al sur del Sahara (excluido altos ingresos),Países de ingreso bajo,3.5,2695335.0,6748672.0
2011,Tonga,TON,Asia oriental y el Pacífico (excluido altos ingresos),Ingreso mediano alto,25.0,55000.0,107611.0
2011,Trinidad y Tobago,TTO,,Ingreso alto,55.2,1826200.0,1420020.0
2011,Turkmenistán,TKM,Europa y Asia central (excluido altos ingresos),Ingreso mediano alto,5.0,5300000.0,5360811.0
2011,Turquía,TUR,Europa y Asia central (excluido altos ingresos),Ingreso mediano alto,43.07,65321745.0,74173854.0
2011,Tuvalu,TUV,Asia oriental y el Pacífico (excluido altos ingresos),Ingreso mediano alto,16.5,2130.0,10700.0
2011,Túnez,TUN,Oriente Medio y Norte de África (excluido altos ingresos),Países de ingreso mediano bajo,39.1,12387656.0,11032528.0
2011,Ucrania,UKR,Europa y Asia central (excluido altos ingresos),Países de ingreso mediano bajo,28.71,55576481.0,45706086.0
2011,Uganda,UGA,África al sur del Sahara (excluido altos ingresos),Países de ingreso bajo,4.6,16696992.0,33295738.0
2011,Uruguay,URY,,Ingreso alto,51.4,4757425.0,3361637.0
2011,Uzbekistán,UZB,Europa y Asia central (excluido altos ingresos),Países de ingreso mediano bajo,18.6,25441789.0,29339400.0
2011,Vanuatu,VUT,Asia oriental y el Pacífico (excluido altos ingresos),Países de ingreso mediano bajo,9.2,136956.0,251294.0
2011,Venezuela,VEN,,No clasificado,40.22,28781999.0,29096159.0
2011,Viet Nam,VNM,Asia oriental y el Pacífico (excluido altos ingresos),Países de ingreso mediano bajo,35.07,127318045.0,88349117.0
2011,"Yemen, Rep. del",YEM,Oriente Medio y Norte de África (excluido altos ingresos),Países de ingreso bajo,14.91,11668000.0,25475610.0
2011,Zambia,ZMB,África al sur del Sahara (excluido altos ingresos),Países de ingreso bajo,3.5,8164553.0,14265814.0
2011,Zimbabwe,ZWE,África al sur del Sahara (excluido altos ingresos),Países de ingreso mediano bajo,8.4,9200000.0,13025785.0
2012,Afganistán,AFG,Asia meridional,Países de ingreso bajo,5.45,15340115.0,30466479.0
2012,Albania,ALB,Europa y Asia central (excluido altos ingresos),Ingreso mediano alto,49.4,3500000.0,2900401.0
2012,Alemania,DEU,,Ingreso alto,82.35,92400000.0,80425823.0
2012,Andorra,AND,,Ingreso alto,82.7,63865.0,71013.0
2012,Angola,AGO,África al sur del Sahara (excluido altos ingresos),Países de ingreso mediano bajo,7.7,12785109.0,25188292.0
2012,Antigua y Barbuda,ATG,,Ingreso alto,58.0,127381.0,87674.0
2012,Arabia Saudita,SAU,,Ingreso alto,54.0,53000000.0,30821543.0
2012,Argelia,DZA,Oriente Medio y Norte de África (excluido altos ingresos),Países de ingreso mediano bajo,18.2,37527703.0,37260563.0
2012,Argentina,ARG,América Latina y el Caribe (excluido altos ingresos),Ingreso mediano alto,55.8,64327647.0,41733271.0
2012,Armenia,ARM,Europa y Asia central (excluido altos ingresos),Ingreso mediano alto,37.5,3322837.0,2914421.0
2012,Aruba,ABW,,Ingreso alto,74.0,135000.0,102112.0
2012,Australia,AUS,,Ingreso alto,79.0,24338000.0,22733465.0
2012,Austria,AUT,,Ingreso alto,80.03,13588000.0,8429991.0
2012,Azerbaiyán,AZE,Europa y Asia central (excluido altos ingresos),Ingreso mediano alto,54.2,10125200.0,9295784.0
2012,Bahamas,BHS,,Ingreso alto,71.75,300000.0,382061.0
2012,Bahrein,BHR,,Ingreso alto,88.0,2123903.0,1224939.0
2012,Bangladesh,BGD,Asia meridional,Países de ingreso mediano bajo,5.0,97180000.0,152090649.0
2012,Barbados,BRB,,Ingreso alto,71.2,349296.0,276197.0
2012,Belarús,BLR,Europa y Asia central (excluido altos ingresos),Ingreso mediano alto,46.91,10676471.0,9446836.0
2012,Belice,BLZ,América Latina y el Caribe (excluido altos ingresos),Ingreso mediano alto,31.0,172423.0,337059.0
2012,Benin,BEN,África al sur del Sahara (excluido altos ingresos),Países de ingreso mediano bajo,4.5,8407846.0,10014078.0
2012,Bermudas,BMU,,Ingreso alto,91.3,91000.0,64798.0
2012,Bhután,BTN,Asia meridional,Países de ingreso mediano bajo,15.6,560890.0,721145.0
2012,Bolivia,BOL,América Latina y el Caribe (excluido altos ingresos),Países de ingreso mediano bajo,35.34,9493207.0,10569697.0
2012,Bosnia y Herzegovina,BIH,Europa y Asia central (excluido altos ingresos),Ingreso mediano alto,45.06,3357541.0,3674374.0
2012,Botswana,BWA,África al sur del Sahara (excluido altos ingresos),Ingreso mediano alto,16.0,3081726.0,2175425.0
2012,Brasil,BRA,América Latina y el Caribe (excluido altos ingresos),Ingreso mediano alto,48.56,248323703.0,199977707.0
2012,Brunei Darussalam,BRN,,Ingreso alto,60.27,469740.0,406634.0
2012,Bulgaria,BGR,Europa y Asia central (excluido altos ingresos),Ingreso mediano alto,51.9,10780732.0,7305888.0
2012,Burkina Faso,BFA,África al sur del Sahara (excluido altos ingresos),Países de ingreso bajo,3.73,9976105.0,17113732.0
2012,Burundi,BDI,África al sur del Sahara (excluido altos ingresos),Países de ingreso bajo,1.22,2247126.0,9795479.0
2012,Bélgica,BEL,,Ingreso alto,80.72,12313375.0,11106932.0
2012,Cabo Verde,CPV,África al sur del Sahara (excluido altos ingresos),Países de ingreso mediano bajo,34.74,425310.0,533864.0
2012,Camboya,KHM,Asia oriental y el Pacífico (excluido altos ingresos),Países de ingreso mediano bajo,4.94,19105115.0,14786640.0
2012,Camerún,CMR,África al sur del Sahara (excluido altos ingresos),Países de ingreso mediano bajo,7.5,13108058.0,21032684.0
2012,Canadá,CAN,,Ingreso alto,83.0,27720000.0,34714222.0
2012,Chad,TCD,África al sur del Sahara (excluido altos ingresos),Países de ingreso bajo,2.1,4402282.0,12754906.0
2012,Chile,CHL,,Ingreso alto,55.05,23940973.0,17341771.0
2012,China,CHN,Asia oriental y el Pacífico (excluido altos ingresos),Ingreso mediano alto,42.3,1112155000.0,1354190000.0
2012,Chipre,CYP,,Ingreso alto,60.69,1110935.0,1156556.0
2012,Colombia,COL,América Latina y el Caribe (excluido altos ingresos),Ingreso mediano alto,48.98,49066359.0,45782417.0
2012,Comoras,COM,África al sur del Sahara (excluido altos ingresos),Países de ingreso mediano bajo,5.98,283511.0,684553.0
2012,"Congo, República Democrática del",COD,África al sur del Sahara (excluido altos ingresos),Países de ingreso bajo,1.68,20092678.0,70997870.0
2012,"Congo, República del",COG,África al sur del Sahara (excluido altos ingresos),Países de ingreso mediano bajo,6.11,4283134.0,4713257.0
2012,"Corea, República Popular Democrática de",PRK,Asia oriental y el Pacífico (excluido altos ingresos),Países de ingreso bajo,0.0,1700000.0,24887770.0
2012,"Corea, República de",KOR,,Ingreso alto,84.07,53624427.0,50199853.0
2012,Costa Rica,CRI,América Latina y el Caribe (excluido altos ingresos),Ingreso mediano alto,47.5,5378082.0,4736593.0
2012,Croacia,HRV,,Ingreso alto,61.94,4971351.0,4267558.0
2012,Cuba,CUB,América Latina y el Caribe (excluido altos ingresos),Ingreso mediano alto,21.2,1681645.0,11309290.0
2012,Curacao,CUW,,Ingreso alto,,204702.0,152088.0
2012,Côte d'Ivoire,CIV,África al sur del Sahara (excluido altos ingresos),Países de ingreso mediano bajo,4.4,18099532.0,22010712.0
2012,Dinamarca,DNK,,Ingreso alto,92.26,7292756.0,5591572.0
2012,Djibouti,DJI,Oriente Medio y Norte de África (excluido altos ingresos),Países de ingreso mediano bajo,9.4,212468.0,954297.0
2012,Dominica,DMA,América Latina y el Caribe (excluido altos ingresos),Ingreso mediano alto,49.8,109300.0,68888.0
2012,Ecuador,ECU,América Latina y el Caribe (excluido altos ingresos),Ingreso mediano alto,35.14,16456740.0,15483883.0
2012,"Egipto, República Árabe de",EGY,Oriente Medio y Norte de África (excluido altos ingresos),Países de ingreso mediano bajo,26.4,96798801.0,91240376.0
2012,El Salvador,SLV,América Latina y el Caribe (excluido altos ingresos),Países de ingreso mediano bajo,20.32,8649000.0,6161289.0
2012,Emiratos Árabes Unidos,ARE,,Ingreso alto,85.0,13775252.0,8664969.0
2012,Eritrea,ERI,África al sur del Sahara (excluido altos ingresos),Países de ingreso bajo,0.8,305283.0,3252596.0
2012,Eslovenia,SVN,,Ingreso alto,68.35,2241160.0,2057159.0
2012,España,ESP,,Ingreso alto,69.81,50665099.0,46773055.0
2012,Estados Unidos,USA,,Ingreso alto,74.7,304838000.0,313877662.0
2012,Estonia,EST,,Ingreso alto,78.39,1999750.0,1322696.0
2012,Eswatini,SWZ,África al sur del Sahara (excluido altos ingresos),Países de ingreso mediano bajo,20.78,805000.0,1111444.0
2012,Etiopía,ETH,África al sur del Sahara (excluido altos ingresos),Países de ingreso bajo,2.9,20523889.0,94451280.0
2012,Federación de Rusia,RUS,Europa y Asia central (excluido altos ingresos),Ingreso mediano alto,66.0,208065063.0,143201721.0
2012,Fiji,FJI,Asia oriental y el Pacífico (excluido altos ingresos),Ingreso mediano alto,33.74,858809.0,911059.0
2012,Filipinas,PHL,Asia oriental y el Pacífico (excluido altos ingresos),Países de ingreso mediano bajo,30.8,101978345.0,98032317.0
2012,Finlandia,FIN,,Ingreso alto,89.88,9320000.0,5413971.0
2012,Francia,FRA,,Ingreso alto,81.44,62260000.0,65662240.0
2012,Gabón,GAB,África al sur del Sahara (excluido altos ingresos),Ingreso mediano alto,24.0,2557728.0,1836705.0
2012,Gambia,GMB,África al sur del Sahara (excluido altos ingresos),Países de ingreso bajo,12.45,1526191.0,2061014.0
2012,Georgia,GEO,Europa y Asia central (excluido altos ingresos),Ingreso mediano alto,36.94,4698582.0,3728874.0
2012,Ghana,GHA,África al sur del Sahara (excluido altos ingresos),Países de ingreso mediano bajo,10.6,25618427.0,26858762.0
2012,Gibraltar,GIB,,Ingreso alto,65.02,34750.0,32160.0
2012,Granada,GRD,América Latina y el Caribe (excluido altos ingresos),Ingreso mediano alto,32.0,129912.0,115912.0
2012,Grecia,GRC,,Ingreso alto,55.07,13360280.0,11045011.0
2012,Groenlandia,GRL,,Ingreso alto,64.9,59455.0,56810.0
2012,Guam,GUM,,Ingreso alto,61.53,,166392.0
2012,Guatemala,GTM,América Latina y el Caribe (excluido altos ingresos),Ingreso mediano alto,16.0,20787080.0,14781942.0
2012,Guinea,GIN,África al sur del Sahara (excluido altos ingresos),Países de ingreso bajo,3.1,5584700.0,10788692.0
2012,Guinea Ecuatorial,GNQ,África al sur del Sahara (excluido altos ingresos),Ingreso mediano alto,13.94,501077.0,1193636.0
2012,Guinea-Bissau,GNB,África al sur del Sahara (excluido altos ingresos),Países de ingreso bajo,2.89,1049193.0,1652717.0
2012,Guyana,GUY,América Latina y el Caribe (excluido altos ingresos),Ingreso mediano alto,30.5,547047.0,743966.0
2012,Haití,HTI,América Latina y el Caribe (excluido altos ingresos),Países de ingreso mediano bajo,9.8,6094947.0,10108539.0
2012,Honduras,HND,América Latina y el Caribe (excluido altos ingresos),Países de ingreso mediano bajo,18.12,7370034.0,8792367.0
2012,"Hong Kong, Región Administrativa Especial",HKG,,Ingreso alto,72.9,16387536.0,7150100.0
2012,Hungría,HUN,,Ingreso alto,70.58,11579425.0,9920362.0
2012,India,IND,Asia meridional,Países de ingreso mediano bajo,11.1,864720917.0,1274487215.0
2012,Indonesia,IDN,Asia oriental y el Pacífico (excluido altos ingresos),Países de ingreso mediano bajo,14.52,281963665.0,250222695.0
2012,Iraq,IRQ,Oriente Medio y Norte de África (excluido altos ingresos),Ingreso mediano alto,7.1,26756000.0,33864447.0
2012,Irlanda,IRL,,Ingreso alto,76.92,5013676.0,4599533.0
2012,"Irán, República Islámica del",IRN,Oriente Medio y Norte de África (excluido altos ingresos),Países de ingreso mediano bajo,22.73,58157539.0,77324451.0
2012,Isla de Man,IMN,,Ingreso alto,,,84338.0
2012,Isla de San Martín (parte francesa),MAF,,Ingreso alto,,,36026.0
2012,Islandia,ISL,,Ingreso alto,96.21,352114.0,320716.0
2012,Islas Caimán,CYM,,Ingreso alto,69.7,98834.0,56860.0
2012,Islas Feroe,FRO,,Ingreso alto,85.34,58722.0,48392.0
2012,Islas Marshall,MHL,Asia oriental y el Pacífico (excluido altos ingresos),Ingreso mediano alto,12.5,,52203.0
2012,Islas Salomón,SLB,Asia oriental y el Pacífico (excluido altos ingresos),Países de ingreso mediano bajo,7.0,302147.0,567763.0
2012,Islas Turcas y Caicos,TCA,,Ingreso alto,,,32081.0
2012,Islas Vírgenes (EE.UU.),VIR,,Ingreso alto,40.55,,108188.0
2012,Islas Vírgenes Británicas,VGB,,Ingreso alto,37.6,48703.0,28421.0
2012,Islas del Canal,CHI,,Ingreso alto,,,158621.0
2012,Israel,ISR,,Ingreso alto,70.8,9225000.0,7910500.0
2012,Italia,ITA,,Ingreso alto,55.83,97188624.0,59539717.0
2012,Jamaica,JAM,América Latina y el Caribe (excluido altos ingresos),Ingreso mediano alto,33.79,2714938.0,2759817.0
2012,Japón,JPN,,Ingreso alto,79.5,141129280.0,127629000.0
2012,Jordania,JOR,Oriente Medio y Norte de África (excluido altos ingresos),Ingreso mediano alto,37.0,8984252.0,7211863.0
2012,Kazajstán,KAZ,Europa y Asia central (excluido altos ingresos),Ingreso mediano alto,61.91,30235400.0,16792090.0
2012,Kenya,KEN,África al sur del Sahara (excluido altos ingresos),Países de ingreso mediano bajo,10.5,30731754.0,43725806.0
2012,Kirguistán,KGZ,Europa y Asia central (excluido altos ingresos),Países de ingreso mediano bajo,19.8,6797852.0,5607200.0
2012,Kiribati,KIR,Asia oriental y el Pacífico (excluido altos ingresos),Países de ingreso mediano bajo,10.75,18000.0,111618.0
2012,Kosovo,XKX,Europa y Asia central (excluido altos ingresos),Ingreso mediano alto,,,1807106.0
2012,Kuwait,KWT,,Ingreso alto,70.45,5100000.0,3394663.0
2012,Lesotho,LSO,África al sur del Sahara (excluido altos ingresos),Países de ingreso mediano bajo,10.0,1544815.0,2054718.0
2012,Letonia,LVA,,Ingreso alto,73.12,2630873.0,2034319.0
2012,Liberia,LBR,África al sur del Sahara (excluido altos ingresos),Países de ingreso bajo,2.6,2379900.0,4331740.0
2012,Libia,LBY,Oriente Medio y Norte de África (excluido altos ingresos),Ingreso mediano alto,15.2,9587000.0,5869870.0
2012,Liechtenstein,LIE,,Ingreso alto,89.41,36080.0,36505.0
2012,Lituania,LTU,,Ingreso alto,67.23,4997265.0,2987773.0
2012,Luxemburgo,LUX,,Ingreso alto,91.95,761314.0,530946.0
2012,Líbano,LBN,Oriente Medio y Norte de África (excluido altos ingresos),Países de ingreso mediano bajo,61.25,3755169.0,5178337.0
2012,Macedonia del Norte,MKD,Europa y Asia central (excluido altos ingresos),Ingreso mediano alto,57.45,2235460.0,2061044.0
2012,Madagascar,MDG,África al sur del Sahara (excluido altos ingresos),Países de ingreso bajo,2.3,8778600.0,22966240.0
2012,Malasia,MYS,Asia oriental y el Pacífico (excluido altos ingresos),Ingreso mediano alto,65.8,41324700.0,29660212.0
2012,Malawi,MWI,África al sur del Sahara (excluido altos ingresos),Países de ingreso bajo,4.35,4646894.0,15581251.0
2012,Maldivas,MDV,Asia meridional,Ingreso mediano alto,38.93,560547.0,387539.0
2012,Malta,MLT,,Ingreso alto,68.2,532228.0,420028.0
2012,Malí,MLI,África al sur del Sahara (excluido altos ingresos),Países de ingreso bajo,2.8,14612835.0,16514687.0
2012,Mariana,MNP,,Ingreso alto,,,52359.0
2012,Marruecos,MAR,Oriente Medio y Norte de África (excluido altos ingresos),Países de ingreso mediano bajo,55.42,39016336.0,33352169.0
2012,Mauricio,MUS,África al sur del Sahara (excluido altos ingresos),Ingreso mediano alto,35.42,1485800.0,1255882.0
2012,Mauritania,MRT,África al sur del Sahara (excluido altos ingresos),Países de ingreso mediano bajo,5.0,4025478.0,3636113.0
2012,Micronesia (Estados Federados de),FSM,Asia oriental y el Pacífico (excluido altos ingresos),Países de ingreso mediano bajo,25.97,31213.0,108232.0
2012,Mongolia,MNG,Asia oriental y el Pacífico (excluido altos ingresos),Países de ingreso mediano bajo,16.4,3375205.0,2792349.0
2012,Montenegro,MNE,Europa y Asia central (excluido altos ingresos),Ingreso mediano alto,56.84,990869.0,620601.0
2012,Mozambique,MOZ,África al sur del Sahara (excluido altos ingresos),Países de ingreso bajo,5.0,8804986.0,24487611.0
2012,Myanmar,MMR,Asia oriental y el Pacífico (excluido altos ingresos),Países de ingreso mediano bajo,1.4,3729617.0,50218185.0
2012,México,MEX,América Latina y el Caribe (excluido altos ingresos),Ingreso mediano alto,39.75,100727228.0,115755909.0
2012,Mónaco,MCO,,Ingreso alto,87.0,33195.0,34700.0
2012,Namibia,NAM,África al sur del Sahara (excluido altos ingresos),Ingreso mediano alto,12.94,2146833.0,2167470.0
2012,Nauru,NRU,,Ingreso alto,,6800.0,10444.0
2012,Nepal,NPL,Asia meridional,Países de ingreso mediano bajo,11.15,16608622.0,27330694.0
2012,Nicaragua,NIC,América Latina y el Caribe (excluido altos ingresos),Países de ingreso mediano bajo,13.5,5851723.0,6030607.0
2012,Nigeria,NGA,África al sur del Sahara (excluido altos ingresos),Países de ingreso mediano bajo,16.1,112777785.0,170075932.0
2012,Noruega,NOR,,Ingreso alto,94.65,5797502.0,5018573.0
2012,Nueva Caledonia,NCL,,Ingreso alto,58.0,231000.0,259000.0
2012,Nueva Zelandia,NZL,,Ingreso alto,81.64,4922000.0,4408100.0
2012,Níger,NER,África al sur del Sahara (excluido altos ingresos),Países de ingreso bajo,1.05,5395540.0,17954407.0
2012,Omán,OMN,,Ingreso alto,60.0,5277591.0,3535579.0
2012,Pakistán,PAK,Asia meridional,Países de ingreso mediano bajo,8.1,120151237.0,202205861.0
2012,Palau,PLW,Asia oriental y el Pacífico (excluido altos ingresos),Ingreso mediano alto,,17151.0,17946.0
2012,Panamá,PAN,,Ingreso alto,40.3,6213564.0,3754862.0
2012,Papua Nueva Guinea,PNG,Asia oriental y el Pacífico (excluido altos ingresos),Países de ingreso mediano bajo,3.5,2709000.0,8026545.0
2012,Paraguay,PRY,América Latina y el Caribe (excluido altos ingresos),Ingreso mediano alto,29.34,6793703.0,5923322.0
2012,Países Bajos,NLD,,Ingreso alto,92.86,19717000.0,16754962.0
2012,Perú,PER,América Latina y el Caribe (excluido altos ingresos),Ingreso mediano alto,38.2,29388077.0,29749589.0
2012,Polinesia Francesa,PYF,,Ingreso alto,52.88,227601.0,286584.0
2012,Polonia,POL,,Ingreso alto,62.31,54086209.0,38063164.0
2012,Portugal,PRT,,Ingreso alto,60.34,11917565.0,10514844.0
2012,Puerto Rico,PRI,,Ingreso alto,69.0,3049697.0,3634488.0
2012,Qatar,QAT,,Ingreso alto,69.3,2601210.0,1905660.0
2012,"Región Administrativa Especial de Macao, China",MAC,,Ingreso alto,61.31,1613457.0,582766.0
2012,Reino Unido,GBR,,Ingreso alto,87.48,78329355.0,63700215.0
2012,República Centroafricana,CAF,África al sur del Sahara (excluido altos ingresos),Países de ingreso bajo,2.4,1143114.0,4773306.0
2012,República Checa,CZE,,Ingreso alto,73.43,13521900.0,10510785.0
2012,República Democrática Popular Lao,LAO,Asia oriental y el Pacífico (excluido altos ingresos),Países de ingreso mediano bajo,10.75,4300000.0,6508803.0
2012,República Dominicana,DOM,América Latina y el Caribe (excluido altos ingresos),Ingreso mediano alto,42.32,8934196.0,10030882.0
2012,República Eslovaca,SVK,,Ingreso alto,76.71,6094466.0,5407579.0
2012,República de Moldova,MDA,Europa y Asia central (excluido altos ingresos),Ingreso mediano alto,43.37,3584283.0,2860324.0
2012,República Árabe Siria,SYR,Oriente Medio y Norte de África (excluido altos ingresos),Países de ingreso bajo,24.3,12980000.0,22605577.0
2012,Ribera Occidental y Gaza,PSE,Oriente Medio y Norte de África (excluido altos ingresos),Países de ingreso mediano bajo,43.4,3134700.0,3979998.0
2012,Rumania,ROU,,Ingreso alto,45.88,22840000.0,20058035.0
2012,Rwanda,RWA,África al sur del Sahara (excluido altos ingresos),Países de ingreso bajo,8.02,5690751.0,10840334.0
2012,Saint Kitts y Nevis,KNA,,Ingreso alto,64.0,76000.0,47727.0
2012,Samoa,WSM,Asia oriental y el Pacífico (excluido altos ingresos),Países de ingreso mediano bajo,12.92,100302.0,198124.0
2012,Samoa Americana,ASM,Asia oriental y el Pacífico (excluido altos ingresos),Ingreso mediano alto,,,53691.0
2012,San Marino,SMR,,Ingreso alto,,36000.0,33132.0
2012,San Vicente y las Granadinas,VCT,América Latina y el Caribe (excluido altos ingresos),Ingreso mediano alto,40.0,126992.0,108083.0
2012,Santa Lucía,LCA,América Latina y el Caribe (excluido altos ingresos),Ingreso mediano alto,34.82,216000.0,173124.0
2012,Santo Tomé y Príncipe,STP,África al sur del Sahara (excluido altos ingresos),Países de ingreso mediano bajo,21.57,122172.0,189924.0
2012,Senegal,SEN,África al sur del Sahara (excluido altos ingresos),Países de ingreso mediano bajo,10.8,11470646.0,13231833.0
2012,Serbia,SRB,Europa y Asia central (excluido altos ingresos),Ingreso mediano alto,48.1,9137894.0,7199077.0
2012,Seychelles,SYC,,Ingreso alto,47.08,136480.0,88303.0
2012,Sierra Leona,SLE,África al sur del Sahara (excluido altos ingresos),Países de ingreso bajo,2.5,2210000.0,6788587.0
2012,Singapur,SGP,,Ingreso alto,72.0,8067600.0,5312437.0
2012,Sint Maarten (Dutch part),SXM,,Ingreso alto,,68840.0,34640.0
2012,Somalia,SOM,África al sur del Sahara (excluido altos ingresos),Países de ingreso bajo,1.38,2300000.0,12440326.0
2012,Sri Lanka,LKA,Asia meridional,Países de ingreso mediano bajo,,19332844.0,20425000.0
2012,Sudáfrica,ZAF,África al sur del Sahara (excluido altos ingresos),Ingreso mediano alto,41.0,68394000.0,53145033.0
2012,Sudán,SDN,África al sur del Sahara (excluido altos ingresos),Países de ingreso bajo,,27658595.0,35159792.0
2012,Sudán del Sur,SSD,África al sur del Sahara (excluido altos ingresos),Países de ingreso bajo,,2300000.0,10701604.0
2012,Suecia,SWE,,Ingreso alto,93.18,11848449.0,9519374.0
2012,Suiza,CHE,,Ingreso alto,85.2,10561075.0,7996861.0
2012,Suriname,SUR,América Latina y el Caribe (excluido altos ingresos),Ingreso mediano alto,34.68,569069.0,558111.0
2012,Tailandia,THA,Asia oriental y el Pacífico (excluido altos ingresos),Ingreso mediano alto,26.46,85012000.0,69157023.0
2012,Tanzanía,TZA,África al sur del Sahara (excluido altos ingresos),Países de ingreso mediano bajo,3.95,27219283.0,47786137.0
2012,Tayikistán,TJK,Europa y Asia central (excluido altos ingresos),Países de ingreso mediano bajo,14.51,6528000.0,7956382.0
2012,Timor-Leste,TLS,Asia oriental y el Pacífico (excluido altos ingresos),Países de ingreso mediano bajo,7.0,621000.0,1137676.0
2012,Togo,TGO,África al sur del Sahara (excluido altos ingresos),Países de ingreso bajo,4.0,3312239.0,6926635.0
2012,Tonga,TON,Asia oriental y el Pacífico (excluido altos ingresos),Ingreso mediano alto,30.0,56000.0,107502.0
2012,Trinidad y Tobago,TTO,,Ingreso alto,57.5,1883683.0,1430377.0
2012,Turkmenistán,TKM,Europa y Asia central (excluido altos ingresos),Ingreso mediano alto,7.2,5900000.0,5458682.0
2012,Turquía,TUR,Europa y Asia central (excluido altos ingresos),Ingreso mediano alto,45.13,67680547.0,75277439.0
2012,Tuvalu,TUV,Asia oriental y el Pacífico (excluido altos ingresos),Ingreso mediano alto,18.7,2800.0,10854.0
2012,Túnez,TUN,Oriente Medio y Norte de África (excluido altos ingresos),Países de ingreso mediano bajo,41.44,12843889.0,11174383.0
2012,Ucrania,UKR,Europa y Asia central (excluido altos ingresos),Países de ingreso mediano bajo,35.27,59343693.0,45593342.0
2012,Uganda,UGA,África al sur del Sahara (excluido altos ingresos),Países de ingreso bajo,4.8,16356387.0,34273295.0
2012,Uruguay,URY,,Ingreso alto,54.45,4995459.0,3371133.0
2012,Uzbekistán,UZB,Europa y Asia central (excluido altos ingresos),Países de ingreso mediano bajo,23.6,20274090.0,29774500.0
2012,Vanuatu,VUT,Asia oriental y el Pacífico (excluido altos ingresos),Países de ingreso mediano bajo,10.6,146084.0,257313.0
2012,Venezuela,VEN,,No clasificado,49.05,30569073.0,29470426.0
2012,Viet Nam,VNM,Asia oriental y el Pacífico (excluido altos ingresos),Países de ingreso mediano bajo,36.8,131673724.0,89301326.0
2012,"Yemen, Rep. del",YEM,Oriente Medio y Norte de África (excluido altos ingresos),Países de ingreso bajo,17.45,13900000.0,26223391.0
2012,Zambia,ZMB,África al sur del Sahara (excluido altos ingresos),Países de ingreso bajo,4.1,10524676.0,14744658.0
2012,Zimbabwe,ZWE,África al sur del Sahara (excluido altos ingresos),Países de ingreso mediano bajo,12.0,12613935.0,13265331.0
2013,Afganistán,AFG,Asia meridional,Países de ingreso bajo,5.9,16807156.0,31541209.0
2013,Albania,ALB,Europa y Asia central (excluido altos ingresos),Ingreso mediano alto,51.8,3685983.0,2895092.0
2013,Alemania,DEU,,Ingreso alto,84.17,100034000.0,80645605.0
2013,Andorra,AND,,Ingreso alto,84.4,63931.0,71367.0
2013,Angola,AGO,África al sur del Sahara (excluido altos ingresos),Países de ingreso mediano bajo,13.0,13285198.0,26147002.0
2013,Antigua y Barbuda,ATG,,Ingreso alto,63.4,114358.0,88497.0
2013,Arabia Saudita,SAU,,Ingreso alto,60.5,53104000.0,31482498.0
2013,Argelia,DZA,Oriente Medio y Norte de África (excluido altos ingresos),Países de ingreso mediano bajo,22.5,39517045.0,38000626.0
2013,Argentina,ARG,América Latina y el Caribe (excluido altos ingresos),Ingreso mediano alto,59.9,67361515.0,42202935.0
2013,Armenia,ARM,Europa y Asia central (excluido altos ingresos),Ingreso mediano alto,41.9,3346275.0,2901385.0
2013,Aruba,ABW,,Ingreso alto,78.9,138800.0,102880.0
2013,Australia,AUS,,Ingreso alto,83.45,24940000.0,23128129.0
2013,Austria,AUT,,Ingreso alto,80.62,13272000.0,8479823.0
2013,Azerbaiyán,AZE,Europa y Asia central (excluido altos ingresos),Ingreso mediano alto,73.0,10130102.0,9416801.0
2013,Bahamas,BHS,,Ingreso alto,72.0,287000.0,385650.0
2013,Bahrein,BHR,,Ingreso alto,90.0,2210190.0,1261673.0
2013,Bangladesh,BGD,Asia meridional,Países de ingreso mediano bajo,6.63,116553076.0,154030139.0
2013,Barbados,BRB,,Ingreso alto,71.8,307708.0,276865.0
2013,Belarús,BLR,Europa y Asia central (excluido altos ingresos),Ingreso mediano alto,54.17,11114440.0,9443211.0
2013,Belice,BLZ,América Latina y el Caribe (excluido altos ingresos),Ingreso mediano alto,33.6,174615.0,344688.0
2013,Benin,BEN,África al sur del Sahara (excluido altos ingresos),Países de ingreso mediano bajo,4.9,9627447.0,10308730.0
2013,Bermudas,BMU,,Ingreso alto,95.3,94300.0,65001.0
2013,Bhután,BTN,Asia meridional,Países de ingreso mediano bajo,22.4,544337.0,728889.0
2013,Bolivia,BOL,América Latina y el Caribe (excluido altos ingresos),Países de ingreso mediano bajo,36.99,10425704.0,10743349.0
2013,Bosnia y Herzegovina,BIH,Europa y Asia central (excluido altos ingresos),Ingreso mediano alto,48.52,3488319.0,3617559.0
2013,Botswana,BWA,África al sur del Sahara (excluido altos ingresos),Ingreso mediano alto,30.0,3246787.0,2217278.0
2013,Brasil,BRA,América Latina y el Caribe (excluido altos ingresos),Ingreso mediano alto,51.04,271099799.0,201721767.0
2013,Brunei Darussalam,BRN,,Ingreso alto,64.5,468814.0,411702.0
2013,Bulgaria,BGR,Europa y Asia central (excluido altos ingresos),Ingreso mediano alto,53.06,10486824.0,7265115.0
2013,Burkina Faso,BFA,África al sur del Sahara (excluido altos ingresos),Países de ingreso bajo,5.0,11240886.0,17636408.0
2013,Burundi,BDI,África al sur del Sahara (excluido altos ingresos),Países de ingreso bajo,1.26,2536831.0,10149577.0
2013,Bélgica,BEL,,Ingreso alto,82.17,12315217.0,11159407.0
2013,Cabo Verde,CPV,África al sur del Sahara (excluido altos ingresos),Países de ingreso mediano bajo,37.5,499458.0,539940.0
2013,Camboya,KHM,Asia oriental y el Pacífico (excluido altos ingresos),Países de ingreso mediano bajo,6.0,20264514.0,14999683.0
2013,Camerún,CMR,África al sur del Sahara (excluido altos ingresos),Países de ingreso mediano bajo,10.0,15664666.0,21632850.0
2013,Canadá,CAN,,Ingreso alto,85.8,28360000.0,35082954.0
2013,Chad,TCD,África al sur del Sahara (excluido altos ingresos),Países de ingreso bajo,2.5,4561243.0,13216766.0
2013,Chile,CHL,,Ingreso alto,58.0,23661339.0,17509925.0
2013,China,CHN,Asia oriental y el Pacífico (excluido altos ingresos),Ingreso mediano alto,45.8,1229113000.0,1363240000.0
2013,Chipre,CYP,,Ingreso alto,65.45,1099621.0,1166968.0
2013,Colombia,COL,América Latina y el Caribe (excluido altos ingresos),Ingreso mediano alto,51.7,50295114.0,46237930.0
2013,Comoras,COM,África al sur del Sahara (excluido altos ingresos),Países de ingreso mediano bajo,6.5,347500.0,699393.0
2013,"Congo, República Democrática del",COD,África al sur del Sahara (excluido altos ingresos),Países de ingreso bajo,2.2,28231900.0,73460021.0
2013,"Congo, República del",COG,África al sur del Sahara (excluido altos ingresos),Países de ingreso mediano bajo,6.6,4659762.0,4828066.0
2013,"Corea, República Popular Democrática de",PRK,Asia oriental y el Pacífico (excluido altos ingresos),Países de ingreso bajo,0.0,2420000.0,25001819.0
2013,"Corea, República de",KOR,,Ingreso alto,84.77,54680840.0,50428893.0
2013,Costa Rica,CRI,América Latina y el Caribe (excluido altos ingresos),Ingreso mediano alto,45.96,7111981.0,4791535.0
2013,Croacia,HRV,,Ingreso alto,66.75,4721015.0,4255689.0
2013,Cuba,CUB,América Latina y el Caribe (excluido altos ingresos),Ingreso mediano alto,27.93,1995698.0,11321579.0
2013,Curacao,CUW,,Ingreso alto,,203502.0,153822.0
2013,Côte d'Ivoire,CIV,África al sur del Sahara (excluido altos ingresos),Países de ingreso mediano bajo,6.6,19390902.0,22469268.0
2013,Dinamarca,DNK,,Ingreso alto,94.63,7031152.0,5614932.0
2013,Djibouti,DJI,Oriente Medio y Norte de África (excluido altos ingresos),Países de ingreso mediano bajo,12.7,244123.0,971753.0
2013,Dominica,DMA,América Latina y el Caribe (excluido altos ingresos),Ingreso mediano alto,51.0,93575.0,68819.0
2013,Ecuador,ECU,América Latina y el Caribe (excluido altos ingresos),Ingreso mediano alto,40.28,16626199.0,15722989.0
2013,"Egipto, República Árabe de",EGY,Oriente Medio y Norte de África (excluido altos ingresos),Países de ingreso mediano bajo,29.4,99704976.0,93377890.0
2013,El Salvador,SLV,América Latina y el Caribe (excluido altos ingresos),Países de ingreso mediano bajo,23.11,8991899.0,6185642.0
2013,Emiratos Árabes Unidos,ARE,,Ingreso alto,88.0,16063547.0,8751847.0
2013,Eritrea,ERI,África al sur del Sahara (excluido altos ingresos),Países de ingreso bajo,0.9,354844.0,3296367.0
2013,Eslovenia,SVN,,Ingreso alto,72.68,2283573.0,2059953.0
2013,España,ESP,,Ingreso alto,71.64,50158689.0,46620045.0
2013,Estados Unidos,USA,,Ingreso alto,71.4,310698000.0,316059947.0
2013,Estonia,EST,,Ingreso alto,80.0,1927423.0,1317997.0
2013,Eswatini,SWZ,África al sur del Sahara (excluido altos ingresos),Países de ingreso mediano bajo,24.7,893000.0,1118319.0
2013,Etiopía,ETH,África al sur del Sahara (excluido altos ingresos),Países de ingreso bajo,4.6,25646865.0,97084366.0
2013,Federación de Rusia,RUS,Europa y Asia central (excluido altos ingresos),Ingreso mediano alto,67.97,218300372.0,143506995.0
2013,Fiji,FJI,Asia oriental y el Pacífico (excluido altos ingresos),Ingreso mediano alto,35.2,930406.0,913453.0
2013,Filipinas,PHL,Asia oriental y el Pacífico (excluido altos ingresos),Países de ingreso mediano bajo,32.7,102823569.0,99700107.0
2013,Finlandia,FIN,,Ingreso alto,91.51,7411200.0,5438972.0
2013,Francia,FRA,,Ingreso alto,81.92,63324000.0,66002289.0
2013,Gabón,GAB,África al sur del Sahara (excluido altos ingresos),Ingreso mediano alto,30.54,2745229.0,1902226.0
2013,Gambia,GMB,África al sur del Sahara (excluido altos ingresos),Países de ingreso bajo,14.0,1848854.0,2124869.0
2013,Georgia,GEO,Europa y Asia central (excluido altos ingresos),Ingreso mediano alto,43.3,4993119.0,3717668.0
2013,Ghana,GHA,África al sur del Sahara (excluido altos ingresos),Países de ingreso mediano bajo,15.0,28026482.0,27525597.0
2013,Gibraltar,GIB,,Ingreso alto,,,32411.0
2013,Granada,GRD,América Latina y el Caribe (excluido altos ingresos),Ingreso mediano alto,35.0,133000.0,116945.0
2013,Grecia,GRC,,Ingreso alto,59.87,12518645.0,10965211.0
2013,Groenlandia,GRL,,Ingreso alto,65.8,60400.0,56483.0
2013,Guam,GUM,,Ingreso alto,65.4,,167054.0
2013,Guatemala,GTM,América Latina y el Caribe (excluido altos ingresos),Ingreso mediano alto,19.7,21716357.0,15043981.0
2013,Guinea,GIN,África al sur del Sahara (excluido altos ingresos),Países de ingreso bajo,4.5,7436471.0,11055430.0
2013,Guinea Ecuatorial,GNQ,África al sur del Sahara (excluido altos ingresos),Ingreso mediano alto,16.4,510783.0,1243941.0
2013,Guinea-Bissau,GNB,África al sur del Sahara (excluido altos ingresos),Países de ingreso bajo,3.1,939909.0,1697753.0
2013,Guyana,GUY,América Latina y el Caribe (excluido altos ingresos),Ingreso mediano alto,31.0,555035.0,747420.0
2013,Haití,HTI,América Latina y el Caribe (excluido altos ingresos),Países de ingreso mediano bajo,10.6,7160200.0,10261206.0
2013,Honduras,HND,América Latina y el Caribe (excluido altos ingresos),Países de ingreso mediano bajo,17.8,7767235.0,8960657.0
2013,"Hong Kong, Región Administrativa Especial",HKG,,Ingreso alto,74.2,16973133.0,7178900.0
2013,Hungría,HUN,,Ingreso alto,72.64,11590326.0,9893082.0
2013,India,IND,Asia meridional,Países de ingreso mediano bajo,12.3,886304245.0,1291132063.0
2013,Indonesia,IDN,Asia oriental y el Pacífico (excluido altos ingresos),Países de ingreso mediano bajo,14.94,313226914.0,253275918.0
2013,Iraq,IRQ,Oriente Medio y Norte de África (excluido altos ingresos),Ingreso mediano alto,9.2,32450000.0,35481800.0
2013,Irlanda,IRL,,Ingreso alto,78.25,4880792.0,4623816.0
2013,"Irán, República Islámica del",IRN,Oriente Medio y Norte de África (excluido altos ingresos),Países de ingreso mediano bajo,29.95,65246219.0,78458928.0
2013,Isla de Man,IMN,,Ingreso alto,,,84144.0
2013,Isla de San Martín (parte francesa),MAF,,Ingreso alto,,,35639.0
2013,Islandia,ISL,,Ingreso alto,96.55,356264.0,323764.0
2013,Islas Caimán,CYM,,Ingreso alto,71.4,98036.0,58212.0
2013,Islas Feroe,FRO,,Ingreso alto,90.0,57751.0,48418.0
2013,Islas Marshall,MHL,Asia oriental y el Pacífico (excluido altos ingresos),Ingreso mediano alto,14.0,,51352.0
2013,Islas Salomón,SLB,Asia oriental y el Pacífico (excluido altos ingresos),Países de ingreso mediano bajo,8.0,323105.0,582365.0
2013,Islas Turcas y Caicos,TCA,,Ingreso alto,,,33594.0
2013,Islas Vírgenes (EE.UU.),VIR,,Ingreso alto,45.3,,108041.0
2013,Islas Vírgenes Británicas,VGB,,Ingreso alto,,53406.0,28657.0
2013,Islas del Canal,CHI,,Ingreso alto,,,159794.0
2013,Israel,ISR,,Ingreso alto,70.25,9500000.0,8059500.0
2013,Italia,ITA,,Ingreso alto,58.46,96863107.0,60233948.0
2013,Jamaica,JAM,América Latina y el Caribe (excluido altos ingresos),Ingreso mediano alto,37.1,2846196.0,2773129.0
2013,Japón,JPN,,Ingreso alto,88.22,147887593.0,127445000.0
2013,Jordania,JOR,Oriente Medio y Norte de África (excluido altos ingresos),Ingreso mediano alto,41.4,10313976.0,7694814.0
2013,Kazajstán,KAZ,Europa y Asia central (excluido altos ingresos),Ingreso mediano alto,63.3,30364900.0,17035551.0
2013,Kenya,KEN,África al sur del Sahara (excluido altos ingresos),Países de ingreso mediano bajo,13.0,31830003.0,44792368.0
2013,Kirguistán,KGZ,Europa y Asia central (excluido altos ingresos),Países de ingreso mediano bajo,23.0,6737487.0,5719600.0
2013,Kiribati,KIR,Asia oriental y el Pacífico (excluido altos ingresos),Países de ingreso mediano bajo,11.5,20000.0,113311.0
2013,Kosovo,XKX,Europa y Asia central (excluido altos ingresos),Ingreso mediano alto,,,1818117.0
2013,Kuwait,KWT,,Ingreso alto,75.46,6410000.0,3646518.0
2013,Lesotho,LSO,África al sur del Sahara (excluido altos ingresos),Países de ingreso mediano bajo,15.0,1790295.0,2073939.0
2013,Letonia,LVA,,Ingreso alto,75.23,2558000.0,2012647.0
2013,Liberia,LBR,África al sur del Sahara (excluido altos ingresos),Países de ingreso bajo,3.2,2550775.0,4427313.0
2013,Libia,LBY,Oriente Medio y Norte de África (excluido altos ingresos),Ingreso mediano alto,16.5,10235300.0,5985221.0
2013,Liechtenstein,LIE,,Ingreso alto,93.8,38427.0,36806.0
2013,Lituania,LTU,,Ingreso alto,68.45,4565976.0,2957689.0
2013,Luxemburgo,LUX,,Ingreso alto,93.78,788371.0,543360.0
2013,Líbano,LBN,Oriente Medio y Norte de África (excluido altos ingresos),Países de ingreso mediano bajo,70.5,3884757.0,5678851.0
2013,Macedonia del Norte,MKD,Europa y Asia central (excluido altos ingresos),Ingreso mediano alto,65.24,2237250.0,2064032.0
2013,Madagascar,MDG,África al sur del Sahara (excluido altos ingresos),Países de ingreso bajo,3.0,8461120.0,23588073.0
2013,Malasia,MYS,Asia oriental y el Pacífico (excluido altos ingresos),Ingreso mediano alto,57.06,43005000.0,30134807.0
2013,Malawi,MWI,África al sur del Sahara (excluido altos ingresos),Países de ingreso bajo,5.05,5290044.0,16024775.0
2013,Maldivas,MDV,Asia meridional,Ingreso mediano alto,44.1,625161.0,400728.0
2013,Malta,MLT,,Ingreso alto,68.91,556652.0,425967.0
2013,Malí,MLI,África al sur del Sahara (excluido altos ingresos),Países de ingreso bajo,3.5,19749371.0,17004033.0
2013,Mariana,MNP,,Ingreso alto,,,52141.0
2013,Marruecos,MAR,Oriente Medio y Norte de África (excluido altos ingresos),Países de ingreso mediano bajo,56.0,42423794.0,33803527.0
2013,Mauricio,MUS,África al sur del Sahara (excluido altos ingresos),Ingreso mediano alto,40.12,1533600.0,1258653.0
2013,Mauritania,MRT,África al sur del Sahara (excluido altos ingresos),Países de ingreso mediano bajo,6.2,3988195.0,3742959.0
2013,Micronesia (Estados Federados de),FSM,Asia oriental y el Pacífico (excluido altos ingresos),Países de ingreso mediano bajo,27.8,31393.0,108609.0
2013,Mongolia,MNG,Asia oriental y el Pacífico (excluido altos ingresos),Países de ingreso mediano bajo,17.7,2877584.0,2845153.0
2013,Montenegro,MNE,Europa y Asia central (excluido altos ingresos),Ingreso mediano alto,60.31,993902.0,621207.0
2013,Mozambique,MOZ,África al sur del Sahara (excluido altos ingresos),Países de ingreso bajo,5.5,12401290.0,25251731.0
2013,Myanmar,MMR,Asia oriental y el Pacífico (excluido altos ingresos),Países de ingreso mediano bajo,1.8,6832380.0,50648334.0
2013,México,MEX,América Latina y el Caribe (excluido altos ingresos),Ingreso mediano alto,43.46,106747373.0,117290686.0
2013,Mónaco,MCO,,Ingreso alto,90.7,35464.0,35425.0
2013,Namibia,NAM,África al sur del Sahara (excluido altos ingresos),Ingreso mediano alto,13.9,2727913.0,2204510.0
2013,Nauru,NRU,,Ingreso alto,,,10694.0
2013,Nepal,NPL,Asia meridional,Países de ingreso mediano bajo,13.3,21362289.0,27381555.0
2013,Nicaragua,NIC,América Latina y el Caribe (excluido altos ingresos),Países de ingreso mediano bajo,15.5,6808930.0,6119379.0
2013,Nigeria,NGA,África al sur del Sahara (excluido altos ingresos),Países de ingreso mediano bajo,19.1,127246092.0,174726123.0
2013,Noruega,NOR,,Ingreso alto,95.05,5692052.0,5079623.0
2013,Nueva Caledonia,NCL,,Ingreso alto,66.0,240500.0,263650.0
2013,Nueva Zelandia,NZL,,Ingreso alto,82.78,4766000.0,4442100.0
2013,Níger,NER,África al sur del Sahara (excluido altos ingresos),Países de ingreso bajo,1.15,7006300.0,18653199.0
2013,Omán,OMN,,Ingreso alto,66.45,5617426.0,3816680.0
2013,Pakistán,PAK,Asia meridional,Países de ingreso mediano bajo,9.0,127737286.0,205337562.0
2013,Palau,PLW,Asia oriental y el Pacífico (excluido altos ingresos),Ingreso mediano alto,,17945.0,17805.0
2013,Panamá,PAN,,Ingreso alto,44.03,6204636.0,3821556.0
2013,Papua Nueva Guinea,PNG,Asia oriental y el Pacífico (excluido altos ingresos),Países de ingreso mediano bajo,5.1,3000000.0,8245627.0
2013,Paraguay,PRY,América Latina y el Caribe (excluido altos ingresos),Ingreso mediano alto,36.9,7053297.0,6005652.0
2013,Países Bajos,NLD,,Ingreso alto,93.96,19467000.0,16804432.0
2013,Perú,PER,América Latina y el Caribe (excluido altos ingresos),Ingreso mediano alto,39.2,29793297.0,30038809.0
2013,Polinesia Francesa,PYF,,Ingreso alto,56.8,243395.0,288032.0
2013,Polonia,POL,,Ingreso alto,62.85,56972803.0,38040196.0
2013,Portugal,PRT,,Ingreso alto,62.1,11990993.0,10457295.0
2013,Puerto Rico,PRI,,Ingreso alto,69.0,3085146.0,3593077.0
2013,Qatar,QAT,,Ingreso alto,85.3,3310353.0,2035501.0
2013,"Región Administrativa Especial de Macao, China",MAC,,Ingreso alto,65.8,1722245.0,593374.0
2013,Reino Unido,GBR,,Ingreso alto,89.84,78673978.0,64128273.0
2013,República Centroafricana,CAF,África al sur del Sahara (excluido altos ingresos),Países de ingreso bajo,2.5,1360300.0,4802428.0
2013,República Checa,CZE,,Ingreso alto,74.11,13719300.0,10514272.0
2013,República Democrática Popular Lao,LAO,Asia oriental y el Pacífico (excluido altos ingresos),Países de ingreso mediano bajo,12.5,4612612.0,6600742.0
2013,República Dominicana,DOM,América Latina y el Caribe (excluido altos ingresos),Ingreso mediano alto,45.9,9200410.0,10157051.0
2013,República Eslovaca,SVK,,Ingreso alto,77.88,6208412.0,5413393.0
2013,República de Moldova,MDA,Europa y Asia central (excluido altos ingresos),Ingreso mediano alto,60.0,3696834.0,2859558.0
2013,República Árabe Siria,SYR,Oriente Medio y Norte de África (excluido altos ingresos),Países de ingreso bajo,26.2,12291150.0,21495821.0
2013,Ribera Occidental y Gaza,PSE,Oriente Medio y Norte de África (excluido altos ingresos),Países de ingreso mediano bajo,46.6,3190233.0,4076708.0
2013,Rumania,ROU,,Ingreso alto,49.76,22910000.0,19983693.0
2013,Rwanda,RWA,África al sur del Sahara (excluido altos ingresos),Países de ingreso bajo,9.0,6689158.0,11101350.0
2013,Saint Kitts y Nevis,KNA,,Ingreso alto,64.6,77000.0,47767.0
2013,Samoa,WSM,Asia oriental y el Pacífico (excluido altos ingresos),Países de ingreso mediano bajo,15.3,99887.0,199939.0
2013,Samoa Americana,ASM,Asia oriental y el Pacífico (excluido altos ingresos),Ingreso mediano alto,,,52995.0
2013,San Marino,SMR,,Ingreso alto,,36780.0,33285.0
2013,San Vicente y las Granadinas,VCT,América Latina y el Caribe (excluido altos ingresos),Ingreso mediano alto,43.5,125378.0,107450.0
2013,Santa Lucía,LCA,América Latina y el Caribe (excluido altos ingresos),Ingreso mediano alto,36.0,212063.0,173978.0
2013,Santo Tomé y Príncipe,STP,África al sur del Sahara (excluido altos ingresos),Países de ingreso mediano bajo,23.0,125329.0,193757.0
2013,Senegal,SEN,África al sur del Sahara (excluido altos ingresos),Países de ingreso mediano bajo,13.1,13133772.0,13595566.0
2013,Serbia,SRB,Europa y Asia central (excluido altos ingresos),Ingreso mediano alto,53.45,9198717.0,7164132.0
2013,Seychelles,SYC,,Ingreso alto,50.4,136790.0,89949.0
2013,Sierra Leona,SLE,África al sur del Sahara (excluido altos ingresos),Países de ingreso bajo,4.0,4000000.0,6964859.0
2013,Singapur,SGP,,Ingreso alto,80.9,8438100.0,5399162.0
2013,Sint Maarten (Dutch part),SXM,,Ingreso alto,,,36607.0
2013,Somalia,SOM,África al sur del Sahara (excluido altos ingresos),Países de ingreso bajo,1.5,5183000.0,12852485.0
2013,Sri Lanka,LKA,Asia meridional,Países de ingreso mediano bajo,,20315150.0,20585000.0
2013,Sudáfrica,ZAF,África al sur del Sahara (excluido altos ingresos),Ingreso mediano alto,46.5,76865278.0,53873616.0
2013,Sudán,SDN,África al sur del Sahara (excluido altos ingresos),Países de ingreso bajo,,27657875.0,35990704.0
2013,Sudán del Sur,SSD,África al sur del Sahara (excluido altos ingresos),Países de ingreso bajo,2.2,2853228.0,11106031.0
2013,Suecia,SWE,,Ingreso alto,94.78,12014368.0,9600379.0
2013,Suiza,CHE,,Ingreso alto,86.34,11048637.0,8089346.0
2013,Suriname,SUR,América Latina y el Caribe (excluido altos ingresos),Ingreso mediano alto,37.4,868600.0,563947.0
2013,Tailandia,THA,Asia oriental y el Pacífico (excluido altos ingresos),Ingreso mediano alto,28.94,93849000.0,69578602.0
2013,Tanzanía,TZA,África al sur del Sahara (excluido altos ingresos),Países de ingreso mediano bajo,4.4,27442823.0,49253643.0
2013,Tayikistán,TJK,Europa y Asia central (excluido altos ingresos),Países de ingreso mediano bajo,16.0,7537100.0,8136610.0
2013,Timor-Leste,TLS,Asia oriental y el Pacífico (excluido altos ingresos),Países de ingreso mediano bajo,11.0,650000.0,1161555.0
2013,Togo,TGO,África al sur del Sahara (excluido altos ingresos),Países de ingreso bajo,4.5,4262993.0,7106229.0
2013,Tonga,TON,Asia oriental y el Pacífico (excluido altos ingresos),Ingreso mediano alto,32.75,57500.0,107089.0
2013,Trinidad y Tobago,TTO,,Ingreso alto,59.9,1943873.0,1440729.0
2013,Turkmenistán,TKM,Europa y Asia central (excluido altos ingresos),Ingreso mediano alto,9.6,6125300.0,5560095.0
2013,Turquía,TUR,Europa y Asia central (excluido altos ingresos),Ingreso mediano alto,46.25,69661108.0,76576117.0
2013,Tuvalu,TUV,Asia oriental y el Pacífico (excluido altos ingresos),Ingreso mediano alto,21.2,3400.0,10918.0
2013,Túnez,TUN,Oriente Medio y Norte de África (excluido altos ingresos),Países de ingreso mediano bajo,43.8,12712365.0,11300284.0
2013,Ucrania,UKR,Europa y Asia central (excluido altos ingresos),Países de ingreso mediano bajo,40.95,62458800.0,45489648.0
2013,Uganda,UGA,África al sur del Sahara (excluido altos ingresos),Países de ingreso bajo,5.1,18068648.0,35273570.0
2013,Uruguay,URY,,Ingreso alto,57.69,5267947.0,3381180.0
2013,Uzbekistán,UZB,Europa y Asia central (excluido altos ingresos),Países de ingreso mediano bajo,26.8,21500000.0,30243200.0
2013,Vanuatu,VUT,Asia oriental y el Pacífico (excluido altos ingresos),Países de ingreso mediano bajo,11.3,127244.0,263534.0
2013,Venezuela,VEN,,No clasificado,54.9,30896079.0,29838021.0
2013,Viet Nam,VNM,Asia oriental y el Pacífico (excluido altos ingresos),Países de ingreso mediano bajo,38.5,123735557.0,90267739.0
2013,"Yemen, Rep. del",YEM,Oriente Medio y Norte de África (excluido altos ingresos),Países de ingreso bajo,20.0,16844700.0,26984002.0
2013,Zambia,ZMB,África al sur del Sahara (excluido altos ingresos),Países de ingreso bajo,4.8,10395801.0,15234976.0
2013,Zimbabwe,ZWE,África al sur del Sahara (excluido altos ingresos),Países de ingreso mediano bajo,15.5,13633167.0,13555422.0
2014,Afganistán,AFG,Asia meridional,Países de ingreso bajo,7.0,18407168.0,32716210.0
2014,Albania,ALB,Europa y Asia central (excluido altos ingresos),Ingreso mediano alto,54.3,3359654.0,2889104.0
2014,Alemania,DEU,,Ingreso alto,86.19,99530000.0,80982500.0
2014,Andorra,AND,,Ingreso alto,86.1,66241.0,71621.0
2014,Angola,AGO,África al sur del Sahara (excluido altos ingresos),Países de ingreso mediano bajo,21.4,14052558.0,27128337.0
2014,Antigua y Barbuda,ATG,,Ingreso alto,67.78,120041.0,89236.0
2014,Arabia Saudita,SAU,,Ingreso alto,64.71,52735000.0,32125564.0
2014,Argelia,DZA,Oriente Medio y Norte de África (excluido altos ingresos),Países de ingreso mediano bajo,29.5,43298174.0,38760168.0
2014,Argentina,ARG,América Latina y el Caribe (excluido altos ingresos),Ingreso mediano alto,64.7,61234216.0,42669500.0
2014,Armenia,ARM,Europa y Asia central (excluido altos ingresos),Ingreso mediano alto,54.62,3459137.0,2889930.0
2014,Aruba,ABW,,Ingreso alto,83.78,139700.0,103594.0
2014,Australia,AUS,,Ingreso alto,84.0,25060000.0,23475686.0
2014,Austria,AUT,,Ingreso alto,81.0,12952605.0,8546356.0
2014,Azerbaiyán,AZE,Europa y Asia central (excluido altos ingresos),Ingreso mediano alto,75.0,10552520.0,9535079.0
2014,Bahamas,BHS,,Ingreso alto,76.92,314842.0,389131.0
2014,Bahrein,BHR,,Ingreso alto,90.5,2328994.0,1311134.0
2014,Bangladesh,BGD,Asia meridional,Países de ingreso mediano bajo,11.9,126866091.0,155961299.0
2014,Barbados,BRB,,Ingreso alto,75.16,305456.0,277493.0
2014,Belarús,BLR,Europa y Asia central (excluido altos ingresos),Ingreso mediano alto,59.02,11401927.0,9448515.0
2014,Belice,BLZ,América Latina y el Caribe (excluido altos ingresos),Ingreso mediano alto,38.7,172300.0,352335.0
2014,Benin,BEN,África al sur del Sahara (excluido altos ingresos),Países de ingreso mediano bajo,6.0,8660432.0,10614844.0
2014,Bermudas,BMU,,Ingreso alto,96.8,59491.0,65138.0
2014,Bhután,BTN,Asia meridional,Países de ingreso mediano bajo,30.3,624536.0,736357.0
2014,Bolivia,BOL,América Latina y el Caribe (excluido altos ingresos),Países de ingreso mediano bajo,34.6,10450341.0,10916987.0
2014,Bosnia y Herzegovina,BIH,Europa y Asia central (excluido altos ingresos),Ingreso mediano alto,49.92,3491188.0,3571068.0
2014,Botswana,BWA,África al sur del Sahara (excluido altos ingresos),Ingreso mediano alto,36.74,3410507.0,2260376.0
2014,Brasil,BRA,América Latina y el Caribe (excluido altos ingresos),Ingreso mediano alto,54.55,280728796.0,203459650.0
2014,Brunei Darussalam,BRN,,Ingreso alto,68.77,452054.0,416656.0
2014,Bulgaria,BGR,Europa y Asia central (excluido altos ingresos),Ingreso mediano alto,55.49,9486927.0,7223938.0
2014,Burkina Faso,BFA,África al sur del Sahara (excluido altos ingresos),Países de ingreso bajo,6.0,12494391.0,18169842.0
2014,Burundi,BDI,África al sur del Sahara (excluido altos ingresos),Países de ingreso bajo,1.4,3193257.0,10494913.0
2014,Bélgica,BEL,,Ingreso alto,85.0,12734724.0,11209057.0
2014,Cabo Verde,CPV,África al sur del Sahara (excluido altos ingresos),Países de ingreso mediano bajo,40.26,613378.0,546076.0
2014,Camboya,KHM,Asia oriental y el Pacífico (excluido altos ingresos),Países de ingreso mediano bajo,14.0,20451982.0,15210817.0
2014,Camerún,CMR,África al sur del Sahara (excluido altos ingresos),Países de ingreso mediano bajo,16.21,17039059.0,22299585.0
2014,Canadá,CAN,,Ingreso alto,87.12,28789000.0,35437435.0
2014,Chad,TCD,África al sur del Sahara (excluido altos ingresos),Países de ingreso bajo,2.9,5251560.0,13697126.0
2014,Chile,CHL,,Ingreso alto,61.11,23680718.0,17687108.0
2014,China,CHN,Asia oriental y el Pacífico (excluido altos ingresos),Ingreso mediano alto,47.9,1286093000.0,1371860000.0
2014,Chipre,CYP,,Ingreso alto,69.33,1110802.0,1176995.0
2014,Colombia,COL,América Latina y el Caribe (excluido altos ingresos),Ingreso mediano alto,52.57,55330272.0,46677947.0
2014,Comoras,COM,África al sur del Sahara (excluido altos ingresos),Países de ingreso mediano bajo,6.98,383000.0,714612.0
2014,"Congo, República Democrática del",COD,África al sur del Sahara (excluido altos ingresos),Países de ingreso bajo,3.0,37102958.0,76035588.0
2014,"Congo, República del",COG,África al sur del Sahara (excluido altos ingresos),Países de ingreso mediano bajo,7.11,4930100.0,4944861.0
2014,"Corea, República Popular Democrática de",PRK,Asia oriental y el Pacífico (excluido altos ingresos),Países de ingreso bajo,,2800000.0,25126131.0
2014,"Corea, República de",KOR,,Ingreso alto,87.56,57290356.0,50746659.0
2014,Costa Rica,CRI,América Latina y el Caribe (excluido altos ingresos),Ingreso mediano alto,53.0,7020412.0,4844288.0
2014,Croacia,HRV,,Ingreso alto,68.57,4461352.0,4238389.0
2014,Cuba,CUB,América Latina y el Caribe (excluido altos ingresos),Ingreso mediano alto,29.07,2530752.0,11332026.0
2014,Curacao,CUW,,Ingreso alto,,192569.0,155909.0
2014,Côte d'Ivoire,CIV,África al sur del Sahara (excluido altos ingresos),Países de ingreso mediano bajo,10.0,22104575.0,22995555.0
2014,Dinamarca,DNK,,Ingreso alto,95.99,7160233.0,5643475.0
2014,Djibouti,DJI,Oriente Medio y Norte de África (excluido altos ingresos),Países de ingreso mediano bajo,17.0,287049.0,989087.0
2014,Dominica,DMA,América Latina y el Caribe (excluido altos ingresos),Ingreso mediano alto,57.5,73886.0,69371.0
2014,Ecuador,ECU,América Latina y el Caribe (excluido altos ingresos),Ingreso mediano alto,45.59,16605737.0,15957994.0
2014,"Egipto, República Árabe de",EGY,Oriente Medio y Norte de África (excluido altos ingresos),Países de ingreso mediano bajo,33.89,95316034.0,95592324.0
2014,El Salvador,SLV,América Latina y el Caribe (excluido altos ingresos),Países de ingreso mediano bajo,24.76,9193342.0,6209526.0
2014,Emiratos Árabes Unidos,ARE,,Ingreso alto,90.4,16819024.0,8835951.0
2014,Eritrea,ERI,África al sur del Sahara (excluido altos ingresos),Países de ingreso bajo,0.99,417400.0,3323425.0
2014,Eslovenia,SVN,,Ingreso alto,71.59,2326386.0,2061980.0
2014,España,ESP,,Ingreso alto,76.19,50806251.0,46480882.0
2014,Estados Unidos,USA,,Ingreso alto,73.0,322597000.0,318386329.0
2014,Estonia,EST,,Ingreso alto,84.24,1897551.0,1314545.0
2014,Eswatini,SWZ,África al sur del Sahara (excluido altos ingresos),Países de ingreso mediano bajo,25.0,916800.0,1125865.0
2014,Etiopía,ETH,África al sur del Sahara (excluido altos ingresos),Países de ingreso bajo,7.7,30490000.0,99746766.0
2014,Federación de Rusia,RUS,Europa y Asia central (excluido altos ingresos),Ingreso mediano alto,70.52,221030353.0,143819667.0
2014,Fiji,FJI,Asia oriental y el Pacífico (excluido altos ingresos),Ingreso mediano alto,37.4,876176.0,915560.0
2014,Filipinas,PHL,Asia oriental y el Pacífico (excluido altos ingresos),Países de ingreso mediano bajo,34.7,111326045.0,101325201.0
2014,Finlandia,FIN,,Ingreso alto,86.53,7602600.0,5461512.0
2014,Francia,FRA,,Ingreso alto,83.75,65425000.0,66312067.0
2014,Gabón,GAB,África al sur del Sahara (excluido altos ingresos),Ingreso mediano alto,38.07,2932731.0,1966855.0
2014,Gambia,GMB,África al sur del Sahara (excluido altos ingresos),Países de ingreso bajo,15.56,2283691.0,2189019.0
2014,Georgia,GEO,Europa y Asia central (excluido altos ingresos),Ingreso mediano alto,44.0,5400766.0,3719414.0
2014,Ghana,GHA,África al sur del Sahara (excluido altos ingresos),Países de ingreso mediano bajo,19.0,30360771.0,28196358.0
2014,Gibraltar,GIB,,Ingreso alto,,38000.0,32452.0
2014,Granada,GRD,América Latina y el Caribe (excluido altos ingresos),Ingreso mediano alto,51.6,117151.0,117972.0
2014,Grecia,GRC,,Ingreso alto,63.21,12144598.0,10892413.0
2014,Groenlandia,GRL,,Ingreso alto,66.7,60800.0,56295.0
2014,Guam,GUM,,Ingreso alto,69.27,,167543.0
2014,Guatemala,GTM,América Latina y el Caribe (excluido altos ingresos),Ingreso mediano alto,23.4,16911811.0,15306316.0
2014,Guinea,GIN,África al sur del Sahara (excluido altos ingresos),Países de ingreso bajo,6.4,8683500.0,11333365.0
2014,Guinea Ecuatorial,GNQ,África al sur del Sahara (excluido altos ingresos),Ingreso mediano alto,18.86,516540.0,1295183.0
2014,Guinea-Bissau,GNB,África al sur del Sahara (excluido altos ingresos),Países de ingreso bajo,3.32,1108297.0,1743309.0
2014,Guyana,GUY,América Latina y el Caribe (excluido altos ingresos),Ingreso mediano alto,32.0,566905.0,751115.0
2014,Haití,HTI,América Latina y el Caribe (excluido altos ingresos),Países de ingreso mediano bajo,11.4,6769312.0,10412740.0
2014,Honduras,HND,América Latina y el Caribe (excluido altos ingresos),Países de ingreso mediano bajo,23.0,7725092.0,9127846.0
2014,"Hong Kong, Región Administrativa Especial",HKG,,Ingreso alto,79.87,16959455.0,7229500.0
2014,Hungría,HUN,,Ingreso alto,75.65,11726491.0,9866468.0
2014,India,IND,Asia meridional,Países de ingreso mediano bajo,13.5,944008677.0,1307246509.0
2014,Indonesia,IDN,Asia oriental y el Pacífico (excluido altos ingresos),Países de ingreso mediano bajo,17.14,325582819.0,256229761.0
2014,Iraq,IRQ,Oriente Medio y Norte de África (excluido altos ingresos),Ingreso mediano alto,13.21,33000000.0,36746488.0
2014,Irlanda,IRL,,Ingreso alto,83.49,4912620.0,4657740.0
2014,"Irán, República Islámica del",IRN,Oriente Medio y Norte de África (excluido altos ingresos),Países de ingreso mediano bajo,39.35,68891151.0,79961672.0
2014,Isla de Man,IMN,,Ingreso alto,,,83896.0
2014,Isla de San Martín (parte francesa),MAF,,Ingreso alto,,,35261.0
2014,Islandia,ISL,,Ingreso alto,98.16,370047.0,327386.0
2014,Islas Caimán,CYM,,Ingreso alto,74.1,91059.0,59559.0
2014,Islas Feroe,FRO,,Ingreso alto,93.3,58282.0,48465.0
2014,Islas Marshall,MHL,Asia oriental y el Pacífico (excluido altos ingresos),Ingreso mediano alto,16.8,15500.0,50419.0
2014,Islas Salomón,SLB,Asia oriental y el Pacífico (excluido altos ingresos),Países de ingreso mediano bajo,9.0,376696.0,597375.0
2014,Islas Turcas y Caicos,TCA,,Ingreso alto,,,34985.0
2014,Islas Vírgenes (EE.UU.),VIR,,Ingreso alto,50.07,,107882.0
2014,Islas Vírgenes Británicas,VGB,,Ingreso alto,,54764.0,28971.0
2014,Islas del Canal,CHI,,Ingreso alto,,,160912.0
2014,Israel,ISR,,Ingreso alto,75.02,9500000.0,8215700.0
2014,Italia,ITA,,Ingreso alto,55.64,89914609.0,60789140.0
2014,Jamaica,JAM,América Latina y el Caribe (excluido altos ingresos),Ingreso mediano alto,40.4,3005490.0,2784543.0
2014,Japón,JPN,,Ingreso alto,89.11,157856591.0,127276000.0
2014,Jordania,JOR,Oriente Medio y Norte de África (excluido altos ingresos),Ingreso mediano alto,46.2,11092404.0,8658026.0
2014,Kazajstán,KAZ,Europa y Asia central (excluido altos ingresos),Ingreso mediano alto,66.0,28595600.0,17288285.0
2014,Kenya,KEN,África al sur del Sahara (excluido altos ingresos),Países de ingreso mediano bajo,16.5,33632631.0,45831863.0
2014,Kirguistán,KGZ,Europa y Asia central (excluido altos ingresos),Países de ingreso mediano bajo,28.3,7563444.0,5835500.0
2014,Kiribati,KIR,Asia oriental y el Pacífico (excluido altos ingresos),Países de ingreso mediano bajo,12.25,30000.0,114985.0
2014,Kosovo,XKX,Europa y Asia central (excluido altos ingresos),Ingreso mediano alto,,,1812771.0
2014,Kuwait,KWT,,Ingreso alto,78.7,7600000.0,3761584.0
2014,Lesotho,LSO,África al sur del Sahara (excluido altos ingresos),Países de ingreso mediano bajo,22.0,2138789.0,2095242.0
2014,Letonia,LVA,,Ingreso alto,75.83,2384000.0,1993782.0
2014,Liberia,LBR,África al sur del Sahara (excluido altos ingresos),Países de ingreso bajo,5.41,3225258.0,4519398.0
2014,Libia,LBY,Oriente Medio y Norte de África (excluido altos ingresos),Ingreso mediano alto,17.76,8497080.0,6097764.0
2014,Liechtenstein,LIE,,Ingreso alto,95.21,40652.0,37096.0
2014,Lituania,LTU,,Ingreso alto,72.13,4267592.0,2932367.0
2014,Luxemburgo,LUX,,Ingreso alto,94.67,802400.0,556319.0
2014,Líbano,LBN,Oriente Medio y Norte de África (excluido altos ingresos),Países de ingreso mediano bajo,73.0,4387275.0,6274342.0
2014,Macedonia del Norte,MKD,Europa y Asia central (excluido altos ingresos),Ingreso mediano alto,68.06,2224439.0,2067471.0
2014,Madagascar,MDG,África al sur del Sahara (excluido altos ingresos),Países de ingreso bajo,3.7,9713883.0,24215976.0
2014,Malasia,MYS,Asia oriental y el Pacífico (excluido altos ingresos),Ingreso mediano alto,63.67,44928600.0,30606459.0
2014,Malawi,MWI,África al sur del Sahara (excluido altos ingresos),Países de ingreso bajo,5.83,5632514.0,16477966.0
2014,Maldivas,MDV,Asia meridional,Ingreso mediano alto,49.28,665818.0,416738.0
2014,Malta,MLT,,Ingreso alto,73.17,546229.0,434558.0
2014,Malí,MLI,África al sur del Sahara (excluido altos ingresos),Países de ingreso bajo,7.0,23505559.0,17551814.0
2014,Mariana,MNP,,Ingreso alto,,,51856.0
2014,Marruecos,MAR,Oriente Medio y Norte de África (excluido altos ingresos),Países de ingreso mediano bajo,56.8,44114534.0,34248603.0
2014,Mauricio,MUS,África al sur del Sahara (excluido altos ingresos),Ingreso mediano alto,44.8,1652000.0,1260934.0
2014,Mauritania,MRT,África al sur del Sahara (excluido altos ingresos),Países de ingreso mediano bajo,11.8,3753330.0,3843174.0
2014,Micronesia (Estados Federados de),FSM,Asia oriental y el Pacífico (excluido altos ingresos),Países de ingreso mediano bajo,29.65,,109024.0
2014,Mongolia,MNG,Asia oriental y el Pacífico (excluido altos ingresos),Países de ingreso mediano bajo,19.94,3027243.0,2902823.0
2014,Montenegro,MNE,Europa y Asia central (excluido altos ingresos),Ingreso mediano alto,61.0,1013296.0,621810.0
2014,Mozambique,MOZ,África al sur del Sahara (excluido altos ingresos),Países de ingreso bajo,6.0,18482638.0,26038704.0
2014,Myanmar,MMR,Asia oriental y el Pacífico (excluido altos ingresos),Países de ingreso mediano bajo,7.4,29029342.0,51072436.0
2014,México,MEX,América Latina y el Caribe (excluido altos ingresos),Ingreso mediano alto,44.39,104948339.0,118755887.0
2014,Mónaco,MCO,,Ingreso alto,92.4,33675.0,36110.0
2014,Namibia,NAM,África al sur del Sahara (excluido altos ingresos),Ingreso mediano alto,14.84,2670983.0,2243001.0
2014,Nauru,NRU,,Ingreso alto,,,10940.0
2014,Nepal,NPL,Asia meridional,Países de ingreso mediano bajo,15.44,23021340.0,27462106.0
2014,Nicaragua,NIC,América Latina y el Caribe (excluido altos ingresos),Países de ingreso mediano bajo,17.6,7067860.0,6208676.0
2014,Nigeria,NGA,África al sur del Sahara (excluido altos ingresos),Países de ingreso mediano bajo,21.0,138960320.0,179379016.0
2014,Noruega,NOR,,Ingreso alto,96.3,5737961.0,5137232.0
2014,Nueva Caledonia,NCL,,Ingreso alto,70.0,243100.0,268050.0
2014,Nueva Zelandia,NZL,,Ingreso alto,84.0,5100000.0,4516500.0
2014,Níger,NER,África al sur del Sahara (excluido altos ingresos),Países de ingreso bajo,1.25,8236400.0,19372014.0
2014,Omán,OMN,,Ingreso alto,70.22,6194169.0,4009267.0
2014,Pakistán,PAK,Asia meridional,Países de ingreso mediano bajo,10.0,135762031.0,208251628.0
2014,Palau,PLW,Asia oriental y el Pacífico (excluido altos ingresos),Ingreso mediano alto,,19114.0,17796.0
2014,Panamá,PAN,,Ingreso alto,44.92,6906090.0,3888793.0
2014,Papua Nueva Guinea,PNG,Asia oriental y el Pacífico (excluido altos ingresos),Países de ingreso mediano bajo,6.5,3358900.0,8464153.0
2014,Paraguay,PRY,América Latina y el Caribe (excluido altos ingresos),Ingreso mediano alto,43.0,7305277.0,6090721.0
2014,Países Bajos,NLD,,Ingreso alto,91.67,19562000.0,16865008.0
2014,Perú,PER,América Latina y el Caribe (excluido altos ingresos),Ingreso mediano alto,40.2,31880043.0,30353951.0
2014,Polinesia Francesa,PYF,,Ingreso alto,60.68,255123.0,289873.0
2014,Polonia,POL,,Ingreso alto,66.6,56905306.0,38011735.0
2014,Portugal,PRT,,Ingreso alto,64.59,11895627.0,10401062.0
2014,Puerto Rico,PRI,,Ingreso alto,69.0,3208824.0,3534874.0
2014,Qatar,QAT,,Ingreso alto,91.49,3305822.0,2214465.0
2014,"Región Administrativa Especial de Macao, China",MAC,,Ingreso alto,69.78,1856453.0,604167.0
2014,Reino Unido,GBR,,Ingreso alto,91.61,78460684.0,64602298.0
2014,República Centroafricana,CAF,África al sur del Sahara (excluido altos ingresos),Países de ingreso bajo,2.7,1155620.0,4798734.0
2014,República Checa,CZE,,Ingreso alto,74.23,13913100.0,10525347.0
2014,República Democrática Popular Lao,LAO,Asia oriental y el Pacífico (excluido altos ingresos),Países de ingreso mediano bajo,14.26,4618586.0,6691454.0
2014,República Dominicana,DOM,América Latina y el Caribe (excluido altos ingresos),Ingreso mediano alto,49.58,8303536.0,10282115.0
2014,República Eslovaca,SVK,,Ingreso alto,79.98,6378095.0,5418649.0
2014,República de Moldova,MDA,Europa y Asia central (excluido altos ingresos),Ingreso mediano alto,67.0,3738125.0,2857815.0
2014,República Árabe Siria,SYR,Oriente Medio y Norte de África (excluido altos ingresos),Países de ingreso bajo,28.09,14039749.0,20072232.0
2014,Ribera Occidental y Gaza,PSE,Oriente Medio y Norte de África (excluido altos ingresos),Países de ingreso mediano bajo,53.67,3197550.0,4173398.0
2014,Rumania,ROU,,Ingreso alto,54.08,22920000.0,19908979.0
2014,Rwanda,RWA,África al sur del Sahara (excluido altos ingresos),Países de ingreso bajo,10.6,7747019.0,11368451.0
2014,Saint Kitts y Nevis,KNA,,Ingreso alto,68.0,65000.0,47789.0
2014,Samoa,WSM,Asia oriental y el Pacífico (excluido altos ingresos),Países de ingreso mediano bajo,21.2,106524.0,201757.0
2014,Samoa Americana,ASM,Asia oriental y el Pacífico (excluido altos ingresos),Ingreso mediano alto,,,52217.0
2014,San Marino,SMR,,Ingreso alto,,37600.0,33389.0
2014,San Vicente y las Granadinas,VCT,América Latina y el Caribe (excluido altos ingresos),Ingreso mediano alto,47.4,115017.0,106912.0
2014,Santa Lucía,LCA,América Latina y el Caribe (excluido altos ingresos),Ingreso mediano alto,39.7,188351.0,174804.0
2014,Santo Tomé y Príncipe,STP,África al sur del Sahara (excluido altos ingresos),Países de ingreso mediano bajo,24.41,128500.0,197497.0
2014,Senegal,SEN,África al sur del Sahara (excluido altos ingresos),Países de ingreso mediano bajo,17.7,14379729.0,13970308.0
2014,Serbia,SRB,Europa y Asia central (excluido altos ingresos),Ingreso mediano alto,62.08,9344977.0,7130576.0
2014,Seychelles,SYC,,Ingreso alto,51.25,151336.0,91359.0
2014,Sierra Leona,SLE,África al sur del Sahara (excluido altos ingresos),Países de ingreso bajo,6.06,4756800.0,7140688.0
2014,Singapur,SGP,,Ingreso alto,82.1,8103800.0,5469724.0
2014,Sint Maarten (Dutch part),SXM,,Ingreso alto,,,37685.0
2014,Somalia,SOM,África al sur del Sahara (excluido altos ingresos),Países de ingreso bajo,1.63,5500000.0,13309235.0
2014,Sri Lanka,LKA,Asia meridional,Países de ingreso mediano bajo,10.5,22123000.0,20778000.0
2014,Sudáfrica,ZAF,África al sur del Sahara (excluido altos ingresos),Ingreso mediano alto,49.0,79280731.0,54729551.0
2014,Sudán,SDN,África al sur del Sahara (excluido altos ingresos),Países de ingreso bajo,,27796611.0,37003245.0
2014,Sudán del Sur,SSD,África al sur del Sahara (excluido altos ingresos),Países de ingreso bajo,2.6,2876097.0,11213284.0
2014,Suecia,SWE,,Ingreso alto,92.52,12312533.0,9696110.0
2014,Suiza,CHE,,Ingreso alto,87.4,11150000.0,8188649.0
2014,Suriname,SUR,América Latina y el Caribe (excluido altos ingresos),Ingreso mediano alto,40.08,927800.0,569682.0
2014,Tailandia,THA,Asia oriental y el Pacífico (excluido altos ingresos),Ingreso mediano alto,34.89,97096000.0,69960943.0
2014,Tanzanía,TZA,África al sur del Sahara (excluido altos ingresos),Países de ingreso mediano bajo,7.0,31862656.0,50814552.0
2014,Tayikistán,TJK,Europa y Asia central (excluido altos ingresos),Países de ingreso mediano bajo,17.49,7999100.0,8326348.0
2014,Timor-Leste,TLS,Asia oriental y el Pacífico (excluido altos ingresos),Países de ingreso mediano bajo,17.5,1375749.0,1184830.0
2014,Togo,TGO,África al sur del Sahara (excluido altos ingresos),Países de ingreso bajo,5.7,4516114.0,7288383.0
2014,Tonga,TON,Asia oriental y el Pacífico (excluido altos ingresos),Ingreso mediano alto,35.95,68000.0,106626.0
2014,Trinidad y Tobago,TTO,,Ingreso alto,62.4,1980566.0,1450661.0
2014,Turkmenistán,TKM,Europa y Asia central (excluido altos ingresos),Ingreso mediano alto,12.2,7206100.0,5663152.0
2014,Turquía,TUR,Europa y Asia central (excluido altos ingresos),Ingreso mediano alto,51.04,71888416.0,78112073.0
2014,Tuvalu,TUV,Asia oriental y el Pacífico (excluido altos ingresos),Ingreso mediano alto,24.1,3800.0,10899.0
2014,Túnez,TUN,Oriente Medio y Norte de África (excluido altos ingresos),Países de ingreso mediano bajo,46.16,14283633.0,11428948.0
2014,Ucrania,UKR,Europa y Asia central (excluido altos ingresos),Países de ingreso mediano bajo,46.24,61170229.0,45272155.0
2014,Uganda,UGA,África al sur del Sahara (excluido altos ingresos),Países de ingreso bajo,5.4,20365941.0,36336539.0
2014,Uruguay,URY,,Ingreso alto,61.46,5497094.0,3391662.0
2014,Uzbekistán,UZB,Europa y Asia central (excluido altos ingresos),Países de ingreso mediano bajo,35.5,21639200.0,30757700.0
2014,Vanuatu,VUT,Asia oriental y el Pacífico (excluido altos ingresos),Países de ingreso mediano bajo,18.8,156051.0,269927.0
2014,Venezuela,VEN,,No clasificado,57.0,30528022.0,30193258.0
2014,Viet Nam,VNM,Asia oriental y el Pacífico (excluido altos ingresos),Países de ingreso mediano bajo,41.0,136148124.0,91235504.0
2014,"Yemen, Rep. del",YEM,Oriente Medio y Norte de África (excluido altos ingresos),Países de ingreso bajo,22.55,17100000.0,27753304.0
2014,Zambia,ZMB,África al sur del Sahara (excluido altos ingresos),Países de ingreso bajo,6.5,10114867.0,15737793.0
2014,Zimbabwe,ZWE,África al sur del Sahara (excluido altos ingresos),Países de ingreso mediano bajo,16.36,11798652.0,13855753.0
2015,Afganistán,AFG,Asia meridional,Países de ingreso bajo,8.26,19709038.0,33753499.0
2015,Albania,ALB,Europa y Asia central (excluido altos ingresos),Ingreso mediano alto,56.9,3400955.0,2880703.0
2015,Alemania,DEU,,Ingreso alto,87.59,96360000.0,81686611.0
2015,Andorra,AND,,Ingreso alto,87.9,71336.0,71746.0
2015,Angola,AGO,África al sur del Sahara (excluido altos ingresos),Países de ingreso mediano bajo,22.0,13884532.0,28127721.0
2015,Antigua y Barbuda,ATG,,Ingreso alto,70.0,176000.0,89941.0
2015,Arabia Saudita,SAU,,Ingreso alto,69.62,52796066.0,32749848.0
2015,Argelia,DZA,Oriente Medio y Norte de África (excluido altos ingresos),Países de ingreso mediano bajo,38.2,43227643.0,39543154.0
2015,Argentina,ARG,América Latina y el Caribe (excluido altos ingresos),Ingreso mediano alto,68.04,61842011.0,43131966.0
2015,Armenia,ARM,Europa y Asia central (excluido altos ingresos),Ingreso mediano alto,59.1,3464490.0,2878595.0
2015,Aruba,ABW,,Ingreso alto,88.66,141000.0,104257.0
2015,Australia,AUS,,Ingreso alto,84.56,25770000.0,23815995.0
2015,Austria,AUT,,Ingreso alto,83.94,13470623.0,8642699.0
2015,Azerbaiyán,AZE,Europa y Asia central (excluido altos ingresos),Ingreso mediano alto,77.0,10697132.0,9649341.0
2015,Bahamas,BHS,,Ingreso alto,78.0,311175.0,392697.0
2015,Bahrein,BHR,,Ingreso alto,93.48,2519055.0,1362142.0
2015,Bangladesh,BGD,Asia meridional,Países de ingreso mediano bajo,12.9,131375724.0,157830000.0
2015,Barbados,BRB,,Ingreso alto,76.11,334792.0,278083.0
2015,Belarús,BLR,Europa y Asia central (excluido altos ingresos),Ingreso mediano alto,62.23,11448281.0,9461076.0
2015,Belice,BLZ,América Latina y el Caribe (excluido altos ingresos),Ingreso mediano alto,41.59,211946.0,359871.0
2015,Benin,BEN,África al sur del Sahara (excluido altos ingresos),Países de ingreso mediano bajo,11.25,9317955.0,10932783.0
2015,Bermudas,BMU,,Ingreso alto,98.32,38000.0,65237.0
2015,Bhután,BTN,Asia meridional,Países de ingreso mediano bajo,39.8,675747.0,743274.0
2015,Bolivia,BOL,América Latina y el Caribe (excluido altos ingresos),Países de ingreso mediano bajo,37.49,10162829.0,11090085.0
2015,Bosnia y Herzegovina,BIH,Europa y Asia central (excluido altos ingresos),Ingreso mediano alto,52.6,3443520.0,3524324.0
2015,Botswana,BWA,África al sur del Sahara (excluido altos ingresos),Ingreso mediano alto,37.31,3475327.0,2305171.0
2015,Brasil,BRA,América Latina y el Caribe (excluido altos ingresos),Ingreso mediano alto,58.33,257814274.0,205188205.0
2015,Brunei Darussalam,BRN,,Ingreso alto,71.2,463384.0,421437.0
2015,Bulgaria,BGR,Europa y Asia central (excluido altos ingresos),Ingreso mediano alto,56.66,9194633.0,7177991.0
2015,Burkina Faso,BFA,África al sur del Sahara (excluido altos ingresos),Países de ingreso bajo,8.0,14446897.0,18718019.0
2015,Burundi,BDI,África al sur del Sahara (excluido altos ingresos),Países de ingreso bajo,2.0,4997696.0,10727148.0
2015,Bélgica,BEL,,Ingreso alto,85.05,12774090.0,11274196.0
2015,Cabo Verde,CPV,África al sur del Sahara (excluido altos ingresos),Países de ingreso mediano bajo,42.68,611468.0,552166.0
2015,Camboya,KHM,Asia oriental y el Pacífico (excluido altos ingresos),Países de ingreso mediano bajo,18.0,20850543.0,15417523.0
2015,Camerún,CMR,África al sur del Sahara (excluido altos ingresos),Países de ingreso mediano bajo,18.3,18160667.0,23012646.0
2015,Canadá,CAN,,Ingreso alto,90.0,29765000.0,35702908.0
2015,Chad,TCD,África al sur del Sahara (excluido altos ingresos),Países de ingreso bajo,3.5,5465797.0,14140274.0
2015,Chile,CHL,,Ingreso alto,76.63,23206353.0,17870124.0
2015,China,CHN,Asia oriental y el Pacífico (excluido altos ingresos),Ingreso mediano alto,50.3,1291984200.0,1379860000.0
2015,Chipre,CYP,,Ingreso alto,71.72,1111123.0,1187280.0
2015,Colombia,COL,América Latina y el Caribe (excluido altos ingresos),Ingreso mediano alto,55.9,57327470.0,47119728.0
2015,Comoras,COM,África al sur del Sahara (excluido altos ingresos),Países de ingreso mediano bajo,7.46,424786.0,730216.0
2015,"Congo, República Democrática del",COD,África al sur del Sahara (excluido altos ingresos),Países de ingreso bajo,3.8,37752782.0,78656904.0
2015,"Congo, República del",COG,África al sur del Sahara (excluido altos ingresos),Países de ingreso mediano bajo,7.62,5216000.0,5064386.0
2015,"Corea, República Popular Democrática de",PRK,Asia oriental y el Pacífico (excluido altos ingresos),Países de ingreso bajo,,3240000.0,25258015.0
2015,"Corea, República de",KOR,,Ingreso alto,89.9,58935081.0,51014947.0
2015,Costa Rica,CRI,América Latina y el Caribe (excluido altos ingresos),Ingreso mediano alto,59.76,7535599.0,4895242.0
2015,Croacia,HRV,,Ingreso alto,69.85,4415660.0,4203604.0
2015,Cuba,CUB,América Latina y el Caribe (excluido altos ingresos),Ingreso mediano alto,37.31,3335346.0,11339894.0
2015,Curacao,CUW,,Ingreso alto,,190489.0,157980.0
2015,Côte d'Ivoire,CIV,África al sur del Sahara (excluido altos ingresos),Países de ingreso mediano bajo,16.7,25407610.0,23596741.0
2015,Dinamarca,DNK,,Ingreso alto,96.33,7079249.0,5683483.0
2015,Djibouti,DJI,Oriente Medio y Norte de África (excluido altos ingresos),Países de ingreso mediano bajo,22.9,314350.0,1006259.0
2015,Dominica,DMA,América Latina y el Caribe (excluido altos ingresos),Ingreso mediano alto,65.0,77254.0,70007.0
2015,Ecuador,ECU,América Latina y el Caribe (excluido altos ingresos),Ingreso mediano alto,48.94,12943791.0,16195902.0
2015,"Egipto, República Árabe de",EGY,Oriente Medio y Norte de África (excluido altos ingresos),Países de ingreso mediano bajo,37.82,94016152.0,97723799.0
2015,El Salvador,SLV,América Latina y el Caribe (excluido altos ingresos),Países de ingreso mediano bajo,26.8,9334132.0,6231066.0
2015,Emiratos Árabes Unidos,ARE,,Ingreso alto,90.5,17942560.0,8916899.0
2015,Eritrea,ERI,África al sur del Sahara (excluido altos ingresos),Países de ingreso bajo,1.08,475000.0,3340006.0
2015,Eslovenia,SVN,,Ingreso alto,73.1,2353926.0,2063531.0
2015,España,ESP,,Ingreso alto,78.69,51067770.0,46444832.0
2015,Estados Unidos,USA,,Ingreso alto,74.55,332101000.0,320738994.0
2015,Estonia,EST,,Ingreso alto,88.41,1903545.0,1315407.0
2015,Eswatini,SWZ,África al sur del Sahara (excluido altos ingresos),Países de ingreso mediano bajo,25.64,941000.0,1133936.0
2015,Etiopía,ETH,África al sur del Sahara (excluido altos ingresos),Países de ingreso bajo,13.86,42311629.0,102471895.0
2015,Federación de Rusia,RUS,Europa y Asia central (excluido altos ingresos),Ingreso mediano alto,70.1,227288088.0,144096870.0
2015,Fiji,FJI,Asia oriental y el Pacífico (excluido altos ingresos),Ingreso mediano alto,42.5,965950.0,917200.0
2015,Filipinas,PHL,Asia oriental y el Pacífico (excluido altos ingresos),Países de ingreso mediano bajo,36.9,117838074.0,103031365.0
2015,Finlandia,FIN,,Ingreso alto,86.42,7396200.0,5479531.0
2015,Francia,FRA,,Ingreso alto,78.01,66681000.0,66548272.0
2015,Gabón,GAB,África al sur del Sahara (excluido altos ingresos),Ingreso mediano alto,45.78,2821555.0,2028517.0
2015,Gambia,GMB,África al sur del Sahara (excluido altos ingresos),Países de ingreso bajo,18.2,2715672.0,2253133.0
2015,Georgia,GEO,Europa y Asia central (excluido altos ingresos),Ingreso mediano alto,47.57,5550730.0,3725276.0
2015,Ghana,GHA,África al sur del Sahara (excluido altos ingresos),Países de ingreso mediano bajo,23.0,35008387.0,28870939.0
2015,Gibraltar,GIB,,Ingreso alto,,41441.0,32520.0
2015,Granada,GRD,América Latina y el Caribe (excluido altos ingresos),Ingreso mediano alto,52.5,119767.0,118980.0
2015,Grecia,GRC,,Ingreso alto,66.83,12566649.0,10820883.0
2015,Groenlandia,GRL,,Ingreso alto,67.6,61000.0,56114.0
2015,Guam,GUM,,Ingreso alto,73.14,,167978.0
2015,Guatemala,GTM,América Latina y el Caribe (excluido altos ingresos),Ingreso mediano alto,28.81,18121390.0,15567419.0
2015,Guinea,GIN,África al sur del Sahara (excluido altos ingresos),Países de ingreso bajo,9.2,10764000.0,11625998.0
2015,Guinea Ecuatorial,GNQ,África al sur del Sahara (excluido altos ingresos),Ingreso mediano alto,21.32,533336.0,1346973.0
2015,Guinea-Bissau,GNB,África al sur del Sahara (excluido altos ingresos),Países de ingreso bajo,6.1,1238493.0,1788919.0
2015,Guyana,GUY,América Latina y el Caribe (excluido altos ingresos),Ingreso mediano alto,34.0,542598.0,755031.0
2015,Haití,HTI,América Latina y el Caribe (excluido altos ingresos),Países de ingreso mediano bajo,14.2,7300000.0,10563757.0
2015,Honduras,HND,América Latina y el Caribe (excluido altos ingresos),Países de ingreso mediano bajo,27.1,8048388.0,9294505.0
2015,"Hong Kong, Región Administrativa Especial",HKG,,Ingreso alto,84.95,16724440.0,7291300.0
2015,Hungría,HUN,,Ingreso alto,72.83,9900582.0,9843028.0
2015,India,IND,Asia meridional,Países de ingreso mediano bajo,14.9,1001056000.0,1322866505.0
2015,Indonesia,IDN,Asia oriental y el Pacífico (excluido altos ingresos),Países de ingreso mediano bajo,22.06,338948340.0,259091970.0
2015,Iraq,IRQ,Oriente Medio y Norte de África (excluido altos ingresos),Ingreso mediano alto,16.8,33559000.0,37757813.0
2015,Irlanda,IRL,,Ingreso alto,83.49,4902009.0,4701957.0
2015,"Irán, República Islámica del",IRN,Oriente Medio y Norte de África (excluido altos ingresos),Países de ingreso mediano bajo,45.33,74218815.0,81790841.0
2015,Isla de Man,IMN,,Ingreso alto,,,83593.0
2015,Isla de San Martín (parte francesa),MAF,,Ingreso alto,,,35020.0
2015,Islandia,ISL,,Ingreso alto,98.2,383919.0,330815.0
2015,Islas Caimán,CYM,,Ingreso alto,77.0,93244.0,60911.0
2015,Islas Feroe,FRO,,Ingreso alto,94.2,53213.0,48816.0
2015,Islas Marshall,MHL,Asia oriental y el Pacífico (excluido altos ingresos),Ingreso mediano alto,19.28,15500.0,49410.0
2015,Islas Salomón,SLB,Asia oriental y el Pacífico (excluido altos ingresos),Países de ingreso mediano bajo,10.0,424712.0,612660.0
2015,Islas Turcas y Caicos,TCA,,Ingreso alto,,,36538.0
2015,Islas Vírgenes (EE.UU.),VIR,,Ingreso alto,54.84,,107712.0
2015,Islas Vírgenes Británicas,VGB,,Ingreso alto,,57195.0,29366.0
2015,Islas del Canal,CHI,,Ingreso alto,,,162190.0
2015,Israel,ISR,,Ingreso alto,77.35,10570000.0,8380100.0
2015,Italia,ITA,,Ingreso alto,58.14,87691238.0,60730582.0
2015,Jamaica,JAM,América Latina y el Caribe (excluido altos ingresos),Ingreso mediano alto,42.22,3137213.0,2794445.0
2015,Japón,JPN,,Ingreso alto,91.06,160559734.0,127141000.0
2015,Jordania,JOR,Oriente Medio y Norte de África (excluido altos ingresos),Ingreso mediano alto,54.22,13797968.0,9494246.0
2015,Kazajstán,KAZ,Europa y Asia central (excluido altos ingresos),Ingreso mediano alto,70.83,26309300.0,17542806.0
2015,Kenya,KEN,África al sur del Sahara (excluido altos ingresos),Países de ingreso mediano bajo,16.59,37715944.0,46851488.0
2015,Kirguistán,KGZ,Europa y Asia central (excluido altos ingresos),Países de ingreso mediano bajo,30.25,7579439.0,5956900.0
2015,Kiribati,KIR,Asia oriental y el Pacífico (excluido altos ingresos),Países de ingreso mediano bajo,14.9,41000.0,116707.0
2015,Kosovo,XKX,Europa y Asia central (excluido altos ingresos),Ingreso mediano alto,,,1788196.0
2015,Kuwait,KWT,,Ingreso alto,82.0,7664743.0,3908743.0
2015,Lesotho,LSO,África al sur del Sahara (excluido altos ingresos),Países de ingreso mediano bajo,25.0,2140141.0,2118521.0
2015,Letonia,LVA,,Ingreso alto,79.2,2590000.0,1977527.0
2015,Liberia,LBR,África al sur del Sahara (excluido altos ingresos),Países de ingreso bajo,10.0,3652000.0,4612329.0
2015,Libia,LBY,Oriente Medio y Norte de África (excluido altos ingresos),Ingreso mediano alto,,9747080.0,6192235.0
2015,Liechtenstein,LIE,,Ingreso alto,96.64,40950.0,37355.0
2015,Lituania,LTU,,Ingreso alto,71.38,4184053.0,2904910.0
2015,Luxemburgo,LUX,,Ingreso alto,96.38,806800.0,569604.0
2015,Líbano,LBN,Oriente Medio y Norte de África (excluido altos ingresos),Países de ingreso mediano bajo,74.0,4657651.0,6398940.0
2015,Macedonia del Norte,MKD,Europa y Asia central (excluido altos ingresos),Ingreso mediano alto,70.38,2083583.0,2070226.0
2015,Madagascar,MDG,África al sur del Sahara (excluido altos ingresos),Países de ingreso bajo,4.17,10693765.0,24850912.0
2015,Malasia,MYS,Asia oriental y el Pacífico (excluido altos ingresos),Ingreso mediano alto,71.06,44104000.0,31068833.0
2015,Malawi,MWI,África al sur del Sahara (excluido altos ingresos),Países de ingreso bajo,6.0,6566707.0,16938942.0
2015,Maldivas,MDV,Asia meridional,Ingreso mediano alto,54.46,739790.0,435582.0
2015,Malta,MLT,,Ingreso alto,75.96,524161.0,445053.0
2015,Malí,MLI,África al sur del Sahara (excluido altos ingresos),Países de ingreso bajo,10.33,22698915.0,18112907.0
2015,Mariana,MNP,,Ingreso alto,,,51514.0
2015,Marruecos,MAR,Oriente Medio y Norte de África (excluido altos ingresos),Países de ingreso mediano bajo,57.08,43079696.0,34680458.0
2015,Mauricio,MUS,África al sur del Sahara (excluido altos ingresos),Ingreso mediano alto,50.14,1762300.0,1262605.0
2015,Mauritania,MRT,África al sur del Sahara (excluido altos ingresos),Países de ingreso mediano bajo,17.6,3644483.0,3946220.0
2015,Micronesia (Estados Federados de),FSM,Asia oriental y el Pacífico (excluido altos ingresos),Países de ingreso mediano bajo,31.5,22505.0,109462.0
2015,Mongolia,MNG,Asia oriental y el Pacífico (excluido altos ingresos),Países de ingreso mediano bajo,22.5,3068156.0,2964749.0
2015,Montenegro,MNE,Europa y Asia central (excluido altos ingresos),Ingreso mediano alto,68.12,1007890.0,622159.0
2015,Mozambique,MOZ,África al sur del Sahara (excluido altos ingresos),Países de ingreso bajo,6.5,20134932.0,26843246.0
2015,Myanmar,MMR,Asia oriental y el Pacífico (excluido altos ingresos),Países de ingreso mediano bajo,10.9,40993717.0,51483949.0
2015,México,MEX,América Latina y el Caribe (excluido altos ingresos),Ingreso mediano alto,57.43,107688282.0,120149897.0
2015,Mónaco,MCO,,Ingreso alto,93.36,34020.0,36760.0
2015,Namibia,NAM,África al sur del Sahara (excluido altos ingresos),Ingreso mediano alto,25.69,2549817.0,2282704.0
2015,Nauru,NRU,,Ingreso alto,,9400.0,11185.0
2015,Nepal,NPL,Asia meridional,Países de ingreso mediano bajo,17.58,27516055.0,27610325.0
2015,Nicaragua,NIC,América Latina y el Caribe (excluido altos ingresos),Países de ingreso mediano bajo,19.7,7264151.0,6298598.0
2015,Nigeria,NGA,África al sur del Sahara (excluido altos ingresos),Países de ingreso mediano bajo,24.5,150830089.0,183995785.0
2015,Noruega,NOR,,Ingreso alto,96.81,5714890.0,5188607.0
2015,Nueva Caledonia,NCL,,Ingreso alto,74.0,260277.0,269460.0
2015,Nueva Zelandia,NZL,,Ingreso alto,85.2,5600000.0,4609400.0
2015,Níger,NER,África al sur del Sahara (excluido altos ingresos),Países de ingreso bajo,2.48,8959000.0,20128124.0
2015,Omán,OMN,,Ingreso alto,73.53,6646655.0,4191776.0
2015,Pakistán,PAK,Asia meridional,Países de ingreso mediano bajo,11.0,125899638.0,210969298.0
2015,Palau,PLW,Asia oriental y el Pacífico (excluido altos ingresos),Ingreso mediano alto,,23743.0,17794.0
2015,Panamá,PAN,,Ingreso alto,51.21,5741929.0,3957099.0
2015,Papua Nueva Guinea,PNG,Asia oriental y el Pacífico (excluido altos ingresos),Países de ingreso mediano bajo,7.9,3560000.0,8682174.0
2015,Paraguay,PRY,América Latina y el Caribe (excluido altos ingresos),Ingreso mediano alto,49.72,7411986.0,6177950.0
2015,Países Bajos,NLD,,Ingreso alto,91.72,20809054.0,16939923.0
2015,Perú,PER,América Latina y el Caribe (excluido altos ingresos),Ingreso mediano alto,40.85,34235810.0,30711863.0
2015,Polinesia Francesa,PYF,,Ingreso alto,64.56,268334.0,291787.0
2015,Polonia,POL,,Ingreso alto,68.0,54537230.0,37986412.0
2015,Portugal,PRT,,Ingreso alto,68.63,11714693.0,10358076.0
2015,Puerto Rico,PRI,,Ingreso alto,63.47,3204993.0,3473232.0
2015,Qatar,QAT,,Ingreso alto,92.88,3740469.0,2414573.0
2015,"Región Administrativa Especial de Macao, China",MAC,,Ingreso alto,77.6,1896097.0,615239.0
2015,Reino Unido,GBR,,Ingreso alto,92.0,79250793.0,65116219.0
2015,República Centroafricana,CAF,África al sur del Sahara (excluido altos ingresos),Países de ingreso bajo,2.9,1242494.0,4819333.0
2015,República Checa,CZE,,Ingreso alto,75.67,12454575.01,10546059.0
2015,República Democrática Popular Lao,LAO,Asia oriental y el Pacífico (excluido altos ingresos),Países de ingreso mediano bajo,18.2,3727162.0,6787419.0
2015,República Dominicana,DOM,América Latina y el Caribe (excluido altos ingresos),Ingreso mediano alto,54.22,8797247.0,10405832.0
2015,República Eslovaca,SVK,,Ingreso alto,77.63,6675553.0,5423801.0
2015,República de Moldova,MDA,Europa y Asia central (excluido altos ingresos),Ingreso mediano alto,69.0,3713137.0,2835978.0
2015,República Árabe Siria,SYR,Oriente Medio y Norte de África (excluido altos ingresos),Países de ingreso bajo,29.98,14312271.0,19205178.0
2015,Ribera Occidental y Gaza,PSE,Oriente Medio y Norte de África (excluido altos ingresos),Países de ingreso mediano bajo,56.7,3531000.0,4270092.0
2015,Rumania,ROU,,Ingreso alto,55.76,23120000.0,19815616.0
2015,Rwanda,RWA,África al sur del Sahara (excluido altos ingresos),Países de ingreso bajo,18.0,8759619.0,11642959.0
2015,Saint Kitts y Nevis,KNA,,Ingreso alto,75.7,73009.0,47790.0
2015,Samoa,WSM,Asia oriental y el Pacífico (excluido altos ingresos),Países de ingreso mediano bajo,25.41,120517.0,203571.0
2015,Samoa Americana,ASM,Asia oriental y el Pacífico (excluido altos ingresos),Ingreso mediano alto,,,51368.0
2015,San Marino,SMR,,Ingreso alto,,36624.0,33570.0
2015,San Vicente y las Granadinas,VCT,América Latina y el Caribe (excluido altos ingresos),Ingreso mediano alto,49.4,113371.0,106482.0
2015,Santa Lucía,LCA,América Latina y el Caribe (excluido altos ingresos),Ingreso mediano alto,41.7,187741.0,175623.0
2015,Santo Tomé y Príncipe,STP,África al sur del Sahara (excluido altos ingresos),Países de ingreso mediano bajo,25.82,184971.0,201124.0
2015,Senegal,SEN,África al sur del Sahara (excluido altos ingresos),Países de ingreso mediano bajo,21.7,14959477.0,14356181.0
2015,Serbia,SRB,Europa y Asia central (excluido altos ingresos),Ingreso mediano alto,65.32,9155664.0,7095383.0
2015,Seychelles,SYC,,Ingreso alto,54.26,148244.0,93419.0
2015,Sierra Leona,SLE,África al sur del Sahara (excluido altos ingresos),Países de ingreso bajo,6.34,5657000.0,7314773.0
2015,Singapur,SGP,,Ingreso alto,83.2,8233100.0,5535002.0
2015,Sint Maarten (Dutch part),SXM,,Ingreso alto,,,38825.0
2015,Somalia,SOM,África al sur del Sahara (excluido altos ingresos),Países de ingreso bajo,1.76,5836000.0,13763906.0
2015,Sri Lanka,LKA,Asia meridional,Países de ingreso mediano bajo,12.1,23899642.0,20970000.0
2015,Sudáfrica,ZAF,África al sur del Sahara (excluido altos ingresos),Ingreso mediano alto,51.92,87999492.0,55876504.0
2015,Sudán,SDN,África al sur del Sahara (excluido altos ingresos),Países de ingreso bajo,,27938507.0,38171178.0
2015,Sudán del Sur,SSD,África al sur del Sahara (excluido altos ingresos),Países de ingreso bajo,3.0,2899000.0,11194299.0
2015,Suecia,SWE,,Ingreso alto,90.61,12638827.0,9799186.0
2015,Suiza,CHE,,Ingreso alto,87.48,11243210.0,8282396.0
2015,Suriname,SUR,América Latina y el Caribe (excluido altos ingresos),Ingreso mediano alto,42.76,750458.0,575475.0
2015,Tailandia,THA,Asia oriental y el Pacífico (excluido altos ingresos),Ingreso mediano alto,39.32,102942000.0,70294397.0
2015,Tanzanía,TZA,África al sur del Sahara (excluido altos ingresos),Países de ingreso mediano bajo,10.0,39665600.0,52542823.0
2015,Tayikistán,TJK,Europa y Asia central (excluido altos ingresos),Países de ingreso mediano bajo,18.98,8489000.0,8524063.0
2015,Timor-Leste,TLS,Asia oriental y el Pacífico (excluido altos ingresos),Países de ingreso mediano bajo,18.6,1376669.0,1205813.0
2015,Togo,TGO,África al sur del Sahara (excluido altos ingresos),Países de ingreso bajo,7.12,4855206.0,7473229.0
2015,Tonga,TON,Asia oriental y el Pacífico (excluido altos ingresos),Ingreso mediano alto,38.65,73493.0,106122.0
2015,Trinidad y Tobago,TTO,,Ingreso alto,65.1,2123374.0,1460177.0
2015,Turkmenistán,TKM,Europa y Asia central (excluido altos ingresos),Ingreso mediano alto,15.0,7842000.0,5766431.0
2015,Turquía,TUR,Europa y Asia central (excluido altos ingresos),Ingreso mediano alto,53.74,73639261.0,79646178.0
2015,Tuvalu,TUV,Asia oriental y el Pacífico (excluido altos ingresos),Ingreso mediano alto,27.3,6600.0,10877.0
2015,Túnez,TUN,Oriente Medio y Norte de África (excluido altos ingresos),Países de ingreso mediano bajo,46.5,14595875.0,11557779.0
2015,Ucrania,UKR,Europa y Asia central (excluido altos ingresos),Países de ingreso mediano bajo,48.88,60720073.0,45154036.0
2015,Uganda,UGA,África al sur del Sahara (excluido altos ingresos),Países de ingreso bajo,5.7,20220273.0,37477356.0
2015,Uruguay,URY,,Ingreso alto,64.57,5165474.0,3402818.0
2015,Uzbekistán,UZB,Europa y Asia central (excluido altos ingresos),Países de ingreso mediano bajo,42.8,21783300.0,31298900.0
2015,Vanuatu,VUT,Asia oriental y el Pacífico (excluido altos ingresos),Países de ingreso mediano bajo,22.35,174818.0,276438.0
2015,Venezuela,VEN,,No clasificado,58.0,29093517.0,30529716.0
2015,Viet Nam,VNM,Asia oriental y el Pacífico (excluido altos ingresos),Países de ingreso mediano bajo,45.0,120324052.0,92191398.0
2015,"Yemen, Rep. del",YEM,Oriente Medio y Norte de África (excluido altos ingresos),Países de ingreso bajo,24.09,15021953.0,28516545.0
2015,Zambia,ZMB,África al sur del Sahara (excluido altos ingresos),Países de ingreso bajo,8.8,11557725.0,16248230.0
2015,Zimbabwe,ZWE,África al sur del Sahara (excluido altos ingresos),Países de ingreso mediano bajo,22.74,12757410.0,14154937.0
2016,Afganistán,AFG,Asia meridional,Países de ingreso bajo,11.0,21602982.0,34636207.0
2016,Albania,ALB,Europa y Asia central (excluido altos ingresos),Ingreso mediano alto,59.6,3369756.0,2876101.0
2016,Alemania,DEU,,Ingreso alto,84.17,103470000.0,82348669.0
2016,Andorra,AND,,Ingreso alto,89.7,76132.0,72540.0
2016,Angola,AGO,África al sur del Sahara (excluido altos ingresos),Países de ingreso mediano bajo,23.2,13001124.0,29154746.0
2016,Antigua y Barbuda,ATG,,Ingreso alto,73.0,180000.0,90564.0
2016,Arabia Saudita,SAU,,Ingreso alto,74.88,47932521.0,33416270.0
2016,Argelia,DZA,Oriente Medio y Norte de África (excluido altos ingresos),Países de ingreso mediano bajo,42.95,47041321.0,40339329.0
2016,Argentina,ARG,América Latina y el Caribe (excluido altos ingresos),Ingreso mediano alto,70.97,63719805.0,43590368.0
2016,Armenia,ARM,Europa y Asia central (excluido altos ingresos),Ingreso mediano alto,64.35,3434567.0,2865835.0
2016,Aruba,ABW,,Ingreso alto,93.54,,104874.0
2016,Australia,AUS,,Ingreso alto,86.54,26551000.0,24190907.0
2016,Austria,AUT,,Ingreso alto,84.32,11079460.0,8736668.0
2016,Azerbaiyán,AZE,Europa y Asia central (excluido altos ingresos),Ingreso mediano alto,78.2,10189000.0,9757812.0
2016,Bahamas,BHS,,Ingreso alto,80.0,360200.0,395976.0
2016,Bahrein,BHR,,Ingreso alto,98.0,2994865.0,1409661.0
2016,Bangladesh,BGD,Asia meridional,Países de ingreso mediano bajo,18.1,135981846.0,159784568.0
2016,Barbados,BRB,,Ingreso alto,79.55,332208.0,278649.0
2016,Belarús,BLR,Europa y Asia central (excluido altos ingresos),Ingreso mediano alto,71.11,11439866.0,9469379.0
2016,Belice,BLZ,América Latina y el Caribe (excluido altos ingresos),Ingreso mediano alto,44.58,222928.0,367313.0
2016,Benin,BEN,África al sur del Sahara (excluido altos ingresos),Países de ingreso mediano bajo,14.5,8892490.0,11260085.0
2016,Bermudas,BMU,,Ingreso alto,98.0,63891.0,64554.0
2016,Bhután,BTN,Asia meridional,Países de ingreso mediano bajo,41.77,698373.0,749761.0
2016,Bolivia,BOL,América Latina y el Caribe (excluido altos ingresos),Países de ingreso mediano bajo,39.7,10106216.0,11263015.0
2016,Bosnia y Herzegovina,BIH,Europa y Asia central (excluido altos ingresos),Ingreso mediano alto,60.26,3404043.0,3480986.0
2016,Botswana,BWA,África al sur del Sahara (excluido altos ingresos),Ingreso mediano alto,39.36,3288986.0,2352416.0
2016,Brasil,BRA,América Latina y el Caribe (excluido altos ingresos),Ingreso mediano alto,60.87,244067356.0,206859578.0
2016,Brunei Darussalam,BRN,,Ingreso alto,90.0,523453.0,425994.0
2016,Bulgaria,BGR,Europa y Asia central (excluido altos ingresos),Ingreso mediano alto,59.83,8973869.0,7127822.0
2016,Burkina Faso,BFA,África al sur del Sahara (excluido altos ingresos),Países de ingreso bajo,12.0,15404040.0,19275498.0
2016,Burundi,BDI,África al sur del Sahara (excluido altos ingresos),Países de ingreso bajo,2.2,5357816.0,10903327.0
2016,Bélgica,BEL,,Ingreso alto,86.52,12550821.0,11331422.0
2016,Cabo Verde,CPV,África al sur del Sahara (excluido altos ingresos),Países de ingreso mediano bajo,50.32,601956.0,558394.0
2016,Camboya,KHM,Asia oriental y el Pacífico (excluido altos ingresos),Países de ingreso mediano bajo,32.4,19915503.0,15624584.0
2016,Camerún,CMR,África al sur del Sahara (excluido altos ingresos),Países de ingreso mediano bajo,20.6,18717503.0,23711630.0
2016,Canadá,CAN,,Ingreso alto,91.16,30752000.0,36109487.0
2016,Chad,TCD,África al sur del Sahara (excluido altos ingresos),Países de ingreso bajo,5.8,5585709.0,14592585.0
2016,Chile,CHL,,Ingreso alto,83.56,23302603.0,18083879.0
2016,China,CHN,Asia oriental y el Pacífico (excluido altos ingresos),Ingreso mediano alto,53.2,1364934000.0,1387790000.0
2016,Chipre,CYP,,Ingreso alto,75.9,1133780.0,1197881.0
2016,Colombia,COL,América Latina y el Caribe (excluido altos ingresos),Ingreso mediano alto,58.14,58684924.0,47625955.0
2016,Comoras,COM,África al sur del Sahara (excluido altos ingresos),Países de ingreso mediano bajo,7.94,454389.0,746232.0
2016,"Congo, República Democrática del",COD,África al sur del Sahara (excluido altos ingresos),Países de ingreso bajo,10.1,28889317.0,81430977.0
2016,"Congo, República del",COG,África al sur del Sahara (excluido altos ingresos),Países de ingreso mediano bajo,8.12,5424000.0,5186824.0
2016,"Corea, República Popular Democrática de",PRK,Asia oriental y el Pacífico (excluido altos ingresos),Países de ingreso bajo,,3606000.0,25389611.0
2016,"Corea, República de",KOR,,Ingreso alto,92.84,61295538.0,51217803.0
2016,Costa Rica,CRI,América Latina y el Caribe (excluido altos ingresos),Ingreso mediano alto,65.88,8330664.0,4945205.0
2016,Croacia,HRV,,Ingreso alto,72.7,4414347.0,4174349.0
2016,Cuba,CUB,América Latina y el Caribe (excluido altos ingresos),Ingreso mediano alto,42.98,3987900.0,11342012.0
2016,Curacao,CUW,,Ingreso alto,61.86,186644.0,159664.0
2016,Côte d'Ivoire,CIV,África al sur del Sahara (excluido altos ingresos),Países de ingreso mediano bajo,41.21,27451250.0,24213622.0
2016,Dinamarca,DNK,,Ingreso alto,96.97,6985035.0,5728010.0
2016,Djibouti,DJI,Oriente Medio y Norte de África (excluido altos ingresos),Países de ingreso mediano bajo,30.8,345246.0,1023261.0
2016,Dominica,DMA,América Latina y el Caribe (excluido altos ingresos),Ingreso mediano alto,67.03,78444.0,70075.0
2016,Ecuador,ECU,América Latina y el Caribe (excluido altos ingresos),Ingreso mediano alto,54.06,13882280.0,16439585.0
2016,"Egipto, República Árabe de",EGY,Oriente Medio y Norte de África (excluido altos ingresos),Países de ingreso mediano bajo,41.25,97791441.0,99784030.0
2016,El Salvador,SLV,América Latina y el Caribe (excluido altos ingresos),Países de ingreso mediano bajo,29.0,9637259.0,6250510.0
2016,Emiratos Árabes Unidos,ARE,,Ingreso alto,90.6,19905093.0,8994263.0
2016,Eritrea,ERI,África al sur del Sahara (excluido altos ingresos),Países de ingreso bajo,1.18,506000.0,3365287.0
2016,Eslovenia,SVN,,Ingreso alto,75.5,2385757.0,2065042.0
2016,España,ESP,,Ingreso alto,80.56,51521507.0,46484062.0
2016,Estados Unidos,USA,,Ingreso alto,85.54,338238000.0,323071755.0
2016,Estonia,EST,,Ingreso alto,87.24,1897921.0,1315790.0
2016,Eswatini,SWZ,África al sur del Sahara (excluido altos ingresos),Países de ingreso mediano bajo,28.57,995000.0,1142524.0
2016,Etiopía,ETH,África al sur del Sahara (excluido altos ingresos),Países de ingreso bajo,15.37,51224000.0,105293228.0
2016,Federación de Rusia,RUS,Europa y Asia central (excluido altos ingresos),Ingreso mediano alto,73.09,229126152.0,144342397.0
2016,Fiji,FJI,Asia oriental y el Pacífico (excluido altos ingresos),Ingreso mediano alto,49.42,1044685.0,918371.0
2016,Filipinas,PHL,Asia oriental y el Pacífico (excluido altos ingresos),Países de ingreso mediano bajo,39.2,120096895.0,104875266.0
2016,Finlandia,FIN,,Ingreso alto,87.7,7220100.0,5495303.0
2016,Francia,FRA,,Ingreso alto,79.27,67571000.0,66724104.0
2016,Gabón,GAB,África al sur del Sahara (excluido altos ingresos),Ingreso mediano alto,48.05,2962486.0,2086206.0
2016,Gambia,GMB,África al sur del Sahara (excluido altos ingresos),Países de ingreso bajo,21.4,2838127.0,2317206.0
2016,Georgia,GEO,Europa y Asia central (excluido altos ingresos),Ingreso mediano alto,58.46,5531875.0,3727505.0
2016,Ghana,GHA,África al sur del Sahara (excluido altos ingresos),Países de ingreso mediano bajo,28.0,38305078.0,29554303.0
2016,Gibraltar,GIB,,Ingreso alto,94.44,41136.0,32565.0
2016,Granada,GRD,América Latina y el Caribe (excluido altos ingresos),Ingreso mediano alto,53.3,118973.0,119966.0
2016,Grecia,GRC,,Ingreso alto,69.09,12538927.0,10775971.0
2016,Groenlandia,GRL,,Ingreso alto,68.5,,56186.0
2016,Guam,GUM,,Ingreso alto,77.01,,168346.0
2016,Guatemala,GTM,América Latina y el Caribe (excluido altos ingresos),Ingreso mediano alto,34.51,18264520.0,15827690.0
2016,Guinea,GIN,África al sur del Sahara (excluido altos ingresos),Países de ingreso bajo,13.1,11110000.0,11930985.0
2016,Guinea Ecuatorial,GNQ,África al sur del Sahara (excluido altos ingresos),Ingreso mediano alto,23.78,575650.0,1398927.0
2016,Guinea-Bissau,GNB,África al sur del Sahara (excluido altos ingresos),Países de ingreso bajo,13.8,1285835.0,1834552.0
2016,Guyana,GUY,América Latina y el Caribe (excluido altos ingresos),Ingreso mediano alto,35.66,584659.0,759087.0
2016,Haití,HTI,América Latina y el Caribe (excluido altos ingresos),Países de ingreso mediano bajo,22.8,6504010.0,10713849.0
2016,Honduras,HND,América Latina y el Caribe (excluido altos ingresos),Países de ingreso mediano bajo,29.5,7832802.0,9460798.0
2016,"Hong Kong, Región Administrativa Especial",HKG,,Ingreso alto,87.48,17584969.0,7336600.0
2016,Hungría,HUN,,Ingreso alto,79.26,9952001.0,9814023.0
2016,India,IND,Asia meridional,Países de ingreso mediano bajo,16.5,1127809000.0,1338636340.0
2016,Indonesia,IDN,Asia oriental y el Pacífico (excluido altos ingresos),Países de ingreso mediano bajo,25.45,385573398.0,261850182.0
2016,Iraq,IRQ,Oriente Medio y Norte de África (excluido altos ingresos),Ingreso mediano alto,37.67,33447000.0,38697943.0
2016,Irlanda,IRL,,Ingreso alto,83.5,4875116.0,4755335.0
2016,"Irán, República Islámica del",IRN,Oriente Medio y Norte de África (excluido altos ingresos),Países de ingreso mediano bajo,53.23,80520249.0,83306231.0
2016,Isla de Man,IMN,,Ingreso alto,,,83450.0
2016,Isla de San Martín (parte francesa),MAF,,Ingreso alto,,,34811.0
2016,Islandia,ISL,,Ingreso alto,98.24,401613.0,335439.0
2016,Islas Caimán,CYM,,Ingreso alto,79.0,95656.0,62255.0
2016,Islas Feroe,FRO,,Ingreso alto,95.11,54487.0,49500.0
2016,Islas Marshall,MHL,Asia oriental y el Pacífico (excluido altos ingresos),Ingreso mediano alto,29.79,,48329.0
2016,Islas Salomón,SLB,Asia oriental y el Pacífico (excluido altos ingresos),Países de ingreso mediano bajo,11.0,416572.0,628102.0
2016,Islas Turcas y Caicos,TCA,,Ingreso alto,,,38246.0
2016,Islas Vírgenes (EE.UU.),VIR,,Ingreso alto,59.61,,107516.0
2016,Islas Vírgenes Británicas,VGB,,Ingreso alto,77.7,39689.0,29739.0
2016,Islas del Canal,CHI,,Ingreso alto,,,163721.0
2016,Israel,ISR,,Ingreso alto,79.65,10570000.0,8546000.0
2016,Italia,ITA,,Ingreso alto,61.32,85955905.0,60627498.0
2016,Jamaica,JAM,América Latina y el Caribe (excluido altos ingresos),Ingreso mediano alto,44.37,3267344.0,2802695.0
2016,Japón,JPN,,Ingreso alto,93.18,166852753.0,127076000.0
2016,Jordania,JOR,Oriente Medio y Norte de África (excluido altos ingresos),Ingreso mediano alto,56.15,9818446.0,9964656.0
2016,Kazajstán,KAZ,Europa y Asia central (excluido altos ingresos),Ingreso mediano alto,74.59,25534800.0,17794055.0
2016,Kenya,KEN,África al sur del Sahara (excluido altos ingresos),Países de ingreso mediano bajo,16.6,38982188.0,47894670.0
2016,Kirguistán,KGZ,Europa y Asia central (excluido altos ingresos),Países de ingreso mediano bajo,34.5,7613528.0,6079500.0
2016,Kiribati,KIR,Asia oriental y el Pacífico (excluido altos ingresos),Países de ingreso mediano bajo,18.7,52000.0,118513.0
2016,Kosovo,XKX,Europa y Asia central (excluido altos ingresos),Ingreso mediano alto,,,1777557.0
2016,Kuwait,KWT,,Ingreso alto,85.6,7659365.0,4048085.0
2016,Lesotho,LSO,África al sur del Sahara (excluido altos ingresos),Países de ingreso mediano bajo,32.45,2282917.0,2143872.0
2016,Letonia,LVA,,Ingreso alto,79.84,2650273.0,1959537.0
2016,Liberia,LBR,África al sur del Sahara (excluido altos ingresos),Países de ingreso bajo,15.7,3117002.0,4706097.0
2016,Libia,LBY,Oriente Medio y Norte de África (excluido altos ingresos),Ingreso mediano alto,,7660068.0,6282196.0
2016,Liechtenstein,LIE,,Ingreso alto,98.09,44298.0,37609.0
2016,Lituania,LTU,,Ingreso alto,74.38,4204692.0,2868231.0
2016,Luxemburgo,LUX,,Ingreso alto,98.14,764000.0,582014.0
2016,Líbano,LBN,Oriente Medio y Norte de África (excluido altos ingresos),Países de ingreso mediano bajo,76.11,4277043.0,6258619.0
2016,Macedonia del Norte,MKD,Europa y Asia central (excluido altos ingresos),Ingreso mediano alto,72.16,2050494.0,2072490.0
2016,Madagascar,MDG,África al sur del Sahara (excluido altos ingresos),Países de ingreso bajo,4.71,7998253.0,25501941.0
2016,Malasia,MYS,Asia oriental y el Pacífico (excluido altos ingresos),Ingreso mediano alto,78.79,43464500.0,31526418.0
2016,Malawi,MWI,África al sur del Sahara (excluido altos ingresos),Países de ingreso bajo,6.3,7178384.0,17405624.0
2016,Maldivas,MDV,Asia meridional,Ingreso mediano alto,59.09,812128.0,454252.0
2016,Malta,MLT,,Ingreso alto,78.08,585470.0,455356.0
2016,Malí,MLI,África al sur del Sahara (excluido altos ingresos),Países de ingreso bajo,14.0,20217697.0,18700106.0
2016,Mariana,MNP,,Ingreso alto,,,51133.0
2016,Marruecos,MAR,Oriente Medio y Norte de África (excluido altos ingresos),Países de ingreso mediano bajo,58.27,41513933.0,35107264.0
2016,Mauricio,MUS,África al sur del Sahara (excluido altos ingresos),Ingreso mediano alto,52.19,1814000.0,1263473.0
2016,Mauritania,MRT,África al sur del Sahara (excluido altos ingresos),Países de ingreso mediano bajo,24.1,3614172.0,4051890.0
2016,Micronesia (Estados Federados de),FSM,Asia oriental y el Pacífico (excluido altos ingresos),Países de ingreso mediano bajo,33.35,23412.0,109925.0
2016,Mongolia,MNG,Asia oriental y el Pacífico (excluido altos ingresos),Países de ingreso mediano bajo,22.27,3367573.0,3029555.0
2016,Montenegro,MNE,Europa y Asia central (excluido altos ingresos),Ingreso mediano alto,69.88,1040747.0,622303.0
2016,Mozambique,MOZ,África al sur del Sahara (excluido altos ingresos),Países de ingreso bajo,7.0,15025598.0,27696493.0
2016,Myanmar,MMR,Asia oriental y el Pacífico (excluido altos ingresos),Países de ingreso mediano bajo,16.0,50586416.0,51892349.0
2016,México,MEX,América Latina y el Caribe (excluido altos ingresos),Ingreso mediano alto,59.54,111730635.0,121519221.0
2016,Mónaco,MCO,,Ingreso alto,95.21,33297.0,37071.0
2016,Namibia,NAM,África al sur del Sahara (excluido altos ingresos),Ingreso mediano alto,31.03,2659951.0,2323352.0
2016,Nauru,NRU,,Ingreso alto,,9900.0,11437.0
2016,Nepal,NPL,Asia meridional,Países de ingreso mediano bajo,20.7,32120305.0,27861186.0
2016,Nicaragua,NIC,América Latina y el Caribe (excluido altos ingresos),Países de ingreso mediano bajo,24.57,7745512.0,6389235.0
2016,Nigeria,NGA,África al sur del Sahara (excluido altos ingresos),Países de ingreso mediano bajo,25.67,154342168.0,188666931.0
2016,Noruega,NOR,,Ingreso alto,97.3,5729569.0,5234519.0
2016,Nueva Caledonia,NCL,,Ingreso alto,,,270220.0
2016,Nueva Zelandia,NZL,,Ingreso alto,86.5,6100000.0,4714100.0
2016,Níger,NER,África al sur del Sahara (excluido altos ingresos),Países de ingreso bajo,4.32,7471802.0,20921743.0
2016,Omán,OMN,,Ingreso alto,76.85,6866260.0,4398070.0
2016,Pakistán,PAK,Asia meridional,Países de ingreso mediano bajo,12.39,136489014.0,213524840.0
2016,Palau,PLW,Asia oriental y el Pacífico (excluido altos ingresos),Ingreso mediano alto,,,17816.0
2016,Panamá,PAN,,Ingreso alto,54.0,5141768.0,4026336.0
2016,Papua Nueva Guinea,PNG,Asia oriental y el Pacífico (excluido altos ingresos),Países de ingreso mediano bajo,9.6,3782000.0,8899169.0
2016,Paraguay,PRY,América Latina y el Caribe (excluido altos ingresos),Ingreso mediano alto,53.4,7489474.0,6266615.0
2016,Países Bajos,NLD,,Ingreso alto,90.41,20890000.0,17030314.0
2016,Perú,PER,América Latina y el Caribe (excluido altos ingresos),Ingreso mediano alto,45.46,36933161.0,31132779.0
2016,Polinesia Francesa,PYF,,Ingreso alto,68.44,280111.0,293541.0
2016,Polonia,POL,,Ingreso alto,73.3,53001776.0,37970087.0
2016,Portugal,PRT,,Ingreso alto,70.42,11572085.0,10325452.0
2016,Puerto Rico,PRI,,Ingreso alto,68.64,3252176.0,3406672.0
2016,Qatar,QAT,,Ingreso alto,95.12,3652579.0,2595166.0
2016,"Región Administrativa Especial de Macao, China",MAC,,Ingreso alto,81.64,1969972.0,626688.0
2016,Reino Unido,GBR,,Ingreso alto,94.78,78931386.0,65611593.0
2016,República Centroafricana,CAF,África al sur del Sahara (excluido altos ingresos),Países de ingreso bajo,3.1,1248346.0,4904177.0
2016,República Checa,CZE,,Ingreso alto,76.48,12485045.0,10566332.0
2016,República Democrática Popular Lao,LAO,Asia oriental y el Pacífico (excluido altos ingresos),Países de ingreso mediano bajo,21.87,3958510.0,6891363.0
2016,República Dominicana,DOM,América Latina y el Caribe (excluido altos ingresos),Ingreso mediano alto,63.87,8708131.0,10527592.0
2016,República Eslovaca,SVK,,Ingreso alto,80.48,6989902.0,5430798.0
2016,República de Moldova,MDA,Europa y Asia central (excluido altos ingresos),Ingreso mediano alto,71.0,3788490.0,2803186.0
2016,República Árabe Siria,SYR,Oriente Medio y Norte de África (excluido altos ingresos),Países de ingreso bajo,31.87,13349860.0,18964252.0
2016,Ribera Occidental y Gaza,PSE,Oriente Medio y Norte de África (excluido altos ingresos),Países de ingreso mediano bajo,59.9,3713190.0,4367088.0
2016,Rumania,ROU,,Ingreso alto,59.5,22900000.0,19702267.0
2016,Rwanda,RWA,África al sur del Sahara (excluido altos ingresos),Países de ingreso bajo,20.0,8921533.0,11930899.0
2016,Saint Kitts y Nevis,KNA,,Ingreso alto,76.82,76583.0,47788.0
2016,Samoa,WSM,Asia oriental y el Pacífico (excluido altos ingresos),Países de ingreso mediano bajo,29.41,151008.0,205544.0
2016,Samoa Americana,ASM,Asia oriental y el Pacífico (excluido altos ingresos),Ingreso mediano alto,,,50448.0
2016,San Marino,SMR,,Ingreso alto,,36570.0,33834.0
2016,San Vicente y las Granadinas,VCT,América Latina y el Caribe (excluido altos ingresos),Ingreso mediano alto,51.5,112649.0,105963.0
2016,Santa Lucía,LCA,América Latina y el Caribe (excluido altos ingresos),Ingreso mediano alto,43.8,176648.0,176413.0
2016,Santo Tomé y Príncipe,STP,África al sur del Sahara (excluido altos ingresos),Países de ingreso mediano bajo,28.0,178047.0,204632.0
2016,Senegal,SEN,África al sur del Sahara (excluido altos ingresos),Países de ingreso mediano bajo,25.66,15186485.0,14751356.0
2016,Serbia,SRB,Europa y Asia central (excluido altos ingresos),Ingreso mediano alto,67.06,9094447.0,7058322.0
2016,Seychelles,SYC,,Ingreso alto,56.51,151857.0,94677.0
2016,Sierra Leona,SLE,África al sur del Sahara (excluido altos ingresos),Países de ingreso bajo,11.77,6279270.0,7493913.0
2016,Singapur,SGP,,Ingreso alto,84.45,8460700.0,5607283.0
2016,Sint Maarten (Dutch part),SXM,,Ingreso alto,,,39969.0
2016,Somalia,SOM,África al sur del Sahara (excluido altos ingresos),Países de ingreso bajo,1.88,6653040.0,14292847.0
2016,Sri Lanka,LKA,Asia meridional,Países de ingreso mediano bajo,15.1,25797199.0,21203000.0
2016,Sudáfrica,ZAF,África al sur del Sahara (excluido altos ingresos),Ingreso mediano alto,54.0,82412880.0,56422274.0
2016,Sudán,SDN,África al sur del Sahara (excluido altos ingresos),Países de ingreso bajo,14.1,27807293.0,39377169.0
2016,Sudán del Sur,SSD,África al sur del Sahara (excluido altos ingresos),Países de ingreso bajo,3.5,2700000.0,11066105.0
2016,Suecia,SWE,,Ingreso alto,89.65,12543188.0,9923085.0
2016,Suiza,CHE,,Ingreso alto,89.13,11242105.0,8373338.0
2016,Suriname,SUR,América Latina y el Caribe (excluido altos ingresos),Ingreso mediano alto,45.4,806881.0,581453.0
2016,Tailandia,THA,Asia oriental y el Pacífico (excluido altos ingresos),Ingreso mediano alto,47.5,119669000.0,70607037.0
2016,Tanzanía,TZA,África al sur del Sahara (excluido altos ingresos),Países de ingreso mediano bajo,13.5,40044186.0,54401802.0
2016,Tayikistán,TJK,Europa y Asia central (excluido altos ingresos),Países de ingreso mediano bajo,20.47,9400000.0,8725318.0
2016,Timor-Leste,TLS,Asia oriental y el Pacífico (excluido altos ingresos),Países de ingreso mediano bajo,21.2,1492124.0,1224562.0
2016,Togo,TGO,África al sur del Sahara (excluido altos ingresos),Países de ingreso bajo,11.31,5505424.0,7661354.0
2016,Tonga,TON,Asia oriental y el Pacífico (excluido altos ingresos),Ingreso mediano alto,39.95,80000.0,105707.0
2016,Trinidad y Tobago,TTO,,Ingreso alto,67.8,2165847.0,1469330.0
2016,Turkmenistán,TKM,Europa y Asia central (excluido altos ingresos),Ingreso mediano alto,17.99,8575000.0,5868561.0
2016,Turquía,TUR,Europa y Asia central (excluido altos ingresos),Ingreso mediano alto,58.35,75061699.0,81019394.0
2016,Tuvalu,TUV,Asia oriental y el Pacífico (excluido altos ingresos),Ingreso mediano alto,31.0,7600.0,10852.0
2016,Túnez,TUN,Oriente Medio y Norte de África (excluido altos ingresos),Países de ingreso mediano bajo,49.6,14282078.0,11685667.0
2016,Ucrania,UKR,Europa y Asia central (excluido altos ingresos),Países de ingreso mediano bajo,53.0,56717856.0,45004673.0
2016,Uganda,UGA,África al sur del Sahara (excluido altos ingresos),Países de ingreso bajo,6.0,22838486.0,38748299.0
2016,Uruguay,URY,,Ingreso alto,66.4,5116736.0,3413766.0
2016,Uzbekistán,UZB,Europa y Asia central (excluido altos ingresos),Países de ingreso mediano bajo,46.79,23265389.0,31847900.0
2016,Vanuatu,VUT,Asia oriental y el Pacífico (excluido altos ingresos),Países de ingreso mediano bajo,24.0,218603.0,283218.0
2016,Venezuela,VEN,,No clasificado,60.0,27600893.0,30741464.0
2016,Viet Nam,VNM,Asia oriental y el Pacífico (excluido altos ingresos),Países de ingreso mediano bajo,53.0,120600235.0,93126529.0
2016,"Yemen, Rep. del",YEM,Oriente Medio y Norte de África (excluido altos ingresos),Países de ingreso bajo,24.58,16433055.0,29274002.0
2016,Zambia,ZMB,África al sur del Sahara (excluido altos ingresos),Países de ingreso bajo,10.3,12017034.0,16767761.0
2016,Zimbabwe,ZWE,África al sur del Sahara (excluido altos ingresos),Países de ingreso mediano bajo,23.12,12878926.0,14452704.0
2017,Afganistán,AFG,Asia meridional,Países de ingreso bajo,13.5,23929713.0,35643418.0
2017,Albania,ALB,Europa y Asia central (excluido altos ingresos),Ingreso mediano alto,62.4,3625699.0,2873457.0
2017,Alemania,DEU,,Ingreso alto,84.39,109700000.0,82657002.0
2017,Andorra,AND,,Ingreso alto,91.57,80337.0,73837.0
2017,Angola,AGO,África al sur del Sahara (excluido altos ingresos),Países de ingreso mediano bajo,26.0,13323952.0,30208628.0
2017,Antigua y Barbuda,ATG,,Ingreso alto,,184000.0,91119.0
2017,Arabia Saudita,SAU,,Ingreso alto,94.18,40210965.0,34193122.0
2017,Argelia,DZA,Oriente Medio y Norte de África (excluido altos ingresos),Países de ingreso mediano bajo,47.69,45845665.0,41136546.0
2017,Argentina,ARG,América Latina y el Caribe (excluido altos ingresos),Ingreso mediano alto,74.29,61897379.0,44044811.0
2017,Armenia,ARM,Europa y Asia central (excluido altos ingresos),Ingreso mediano alto,64.74,3488524.0,2851923.0
2017,Aruba,ABW,,Ingreso alto,97.17,,105439.0
2017,Australia,AUS,,Ingreso alto,86.55,26660000.0,24594202.0
2017,Austria,AUT,,Ingreso alto,87.94,10859000.0,8797566.0
2017,Azerbaiyán,AZE,Europa y Asia central (excluido altos ingresos),Ingreso mediano alto,79.0,10127000.0,9854033.0
2017,Bahamas,BHS,,Ingreso alto,80.6,353540.0,399020.0
2017,Bahrein,BHR,,Ingreso alto,95.88,2364477.0,1456834.0
2017,Bangladesh,BGD,Asia meridional,Países de ingreso mediano bajo,19.8,150945000.0,161793964.0
2017,Barbados,BRB,,Ingreso alto,81.76,329565.0,279187.0
2017,Belarús,BLR,Europa y Asia central (excluido altos ingresos),Ingreso mediano alto,74.44,11415141.0,9458989.0
2017,Belice,BLZ,América Latina y el Caribe (excluido altos ingresos),Ingreso mediano alto,47.08,239441.0,374693.0
2017,Benin,BEN,África al sur del Sahara (excluido altos ingresos),Países de ingreso mediano bajo,18.7,8773044.0,11596779.0
2017,Bermudas,BMU,,Ingreso alto,98.37,64997.0,63873.0
2017,Bhután,BTN,Asia meridional,Países de ingreso mediano bajo,46.2,730623.0,756121.0
2017,Bolivia,BOL,América Latina y el Caribe (excluido altos ingresos),Países de ingreso mediano bajo,43.83,10963224.0,11435533.0
2017,Bosnia y Herzegovina,BIH,Europa y Asia central (excluido altos ingresos),Ingreso mediano alto,64.89,3440085.0,3440027.0
2017,Botswana,BWA,África al sur del Sahara (excluido altos ingresos),Ingreso mediano alto,41.41,3240589.0,2401840.0
2017,Brasil,BRA,América Latina y el Caribe (excluido altos ingresos),Ingreso mediano alto,67.47,221269215.0,208504960.0
2017,Brunei Darussalam,BRN,,Ingreso alto,94.87,544732.0,430276.0
2017,Bulgaria,BGR,Europa y Asia central (excluido altos ingresos),Ingreso mediano alto,63.41,8532908.0,7075947.0
2017,Burkina Faso,BFA,África al sur del Sahara (excluido altos ingresos),Países de ingreso bajo,16.8,17946375.0,19835858.0
2017,Burundi,BDI,África al sur del Sahara (excluido altos ingresos),Países de ingreso bajo,2.66,5920612.0,11155593.0
2017,Bélgica,BEL,,Ingreso alto,87.68,11357286.0,11375158.0
2017,Cabo Verde,CPV,África al sur del Sahara (excluido altos ingresos),Países de ingreso mediano bajo,57.16,612259.0,564954.0
2017,Camboya,KHM,Asia oriental y el Pacífico (excluido altos ingresos),Países de ingreso mediano bajo,32.9,18572973.0,15830689.0
2017,Camerún,CMR,África al sur del Sahara (excluido altos ingresos),Países de ingreso mediano bajo,23.2,20135388.0,24393181.0
2017,Canadá,CAN,,Ingreso alto,92.7,31693000.0,36545236.0
2017,Chad,TCD,África al sur del Sahara (excluido altos ingresos),Países de ingreso bajo,7.4,6368600.0,15085884.0
2017,Chile,CHL,,Ingreso alto,82.33,23013147.0,18368577.0
2017,China,CHN,Asia oriental y el Pacífico (excluido altos ingresos),Ingreso mediano alto,54.3,1469882500.0,1396215000.0
2017,Chipre,CYP,,Ingreso alto,80.74,1176801.0,1208523.0
2017,Colombia,COL,América Latina y el Caribe (excluido altos ingresos),Ingreso mediano alto,62.26,62220014.0,48351671.0
2017,Comoras,COM,África al sur del Sahara (excluido altos ingresos),Países de ingreso mediano bajo,8.48,468914.0,761664.0
2017,"Congo, República Democrática del",COD,África al sur del Sahara (excluido altos ingresos),Países de ingreso bajo,8.62,35375246.0,84283273.0
2017,"Congo, República del",COG,África al sur del Sahara (excluido altos ingresos),Países de ingreso mediano bajo,8.65,5056000.0,5312340.0
2017,"Corea, República Popular Democrática de",PRK,Asia oriental y el Pacífico (excluido altos ingresos),Países de ingreso bajo,,3810000.0,25516321.0
2017,"Corea, República de",KOR,,Ingreso alto,95.07,63658688.0,51361911.0
2017,Costa Rica,CRI,América Latina y el Caribe (excluido altos ingresos),Ingreso mediano alto,71.58,8840342.0,4993842.0
2017,Croacia,HRV,,Ingreso alto,67.1,4315580.0,4124531.0
2017,Cuba,CUB,América Latina y el Caribe (excluido altos ingresos),Ingreso mediano alto,57.15,4613782.0,11336405.0
2017,Curacao,CUW,,Ingreso alto,68.13,187184.0,160175.0
2017,Côte d'Ivoire,CIV,África al sur del Sahara (excluido altos ingresos),Países de ingreso mediano bajo,43.84,31747233.0,24848016.0
2017,Dinamarca,DNK,,Ingreso alto,97.1,7140859.0,5764980.0
2017,Djibouti,DJI,Oriente Medio y Norte de África (excluido altos ingresos),Países de ingreso mediano bajo,55.68,373052.0,1040233.0
2017,Dominica,DMA,América Latina y el Caribe (excluido altos ingresos),Ingreso mediano alto,69.62,75230.0,70403.0
2017,Ecuador,ECU,América Latina y el Caribe (excluido altos ingresos),Ingreso mediano alto,55.8,14651404.0,16696944.0
2017,"Egipto, República Árabe de",EGY,Oriente Medio y Norte de África (excluido altos ingresos),Países de ingreso mediano bajo,44.95,102958194.0,101789386.0
2017,El Salvador,SLV,América Latina y el Caribe (excluido altos ingresos),Países de ingreso mediano bajo,33.82,9478044.0,6266654.0
2017,Emiratos Árabes Unidos,ARE,,Ingreso alto,94.82,19826224.0,9068296.0
2017,Eritrea,ERI,África al sur del Sahara (excluido altos ingresos),Países de ingreso bajo,1.31,695000.0,3396933.0
2017,Eslovenia,SVN,,Ingreso alto,78.89,2443172.0,2066388.0
2017,España,ESP,,Ingreso alto,84.6,52506928.0,46593236.0
2017,Estados Unidos,USA,,Ingreso alto,87.27,340113000.0,325122128.0
2017,Estonia,EST,,Ingreso alto,88.1,1904425.0,1317384.0
2017,Eswatini,SWZ,África al sur del Sahara (excluido altos ingresos),Países de ingreso mediano bajo,30.3,1052000.0,1151390.0
2017,Etiopía,ETH,África al sur del Sahara (excluido altos ingresos),Países de ingreso bajo,18.62,39600000.0,108197950.0
2017,Federación de Rusia,RUS,Europa y Asia central (excluido altos ingresos),Ingreso mediano alto,76.01,227299663.0,144496739.0
2017,Fiji,FJI,Asia oriental y el Pacífico (excluido altos ingresos),Ingreso mediano alto,65.78,1033915.0,919019.0
2017,Filipinas,PHL,Asia oriental y el Pacífico (excluido altos ingresos),Países de ingreso mediano bajo,41.6,119971922.0,106738501.0
2017,Finlandia,FIN,,Ingreso alto,87.47,7160000.0,5508214.0
2017,Francia,FRA,,Ingreso alto,80.5,69018000.0,66918020.0
2017,Gabón,GAB,África al sur del Sahara (excluido altos ingresos),Ingreso mediano alto,50.32,2663243.0,2140215.0
2017,Gambia,GMB,África al sur del Sahara (excluido altos ingresos),Países de ingreso bajo,25.1,2966000.0,2381182.0
2017,Georgia,GEO,Europa y Asia central (excluido altos ingresos),Ingreso mediano alto,59.71,5502395.0,3728004.0
2017,Ghana,GHA,África al sur del Sahara (excluido altos ingresos),Países de ingreso mediano bajo,37.88,36751761.0,30222262.0
2017,Gibraltar,GIB,,Ingreso alto,,41035.0,32602.0
2017,Granada,GRD,América Latina y el Caribe (excluido altos ingresos),Ingreso mediano alto,54.2,113177.0,120921.0
2017,Grecia,GRC,,Ingreso alto,69.89,12937106.0,10754679.0
2017,Groenlandia,GRL,,Ingreso alto,69.48,62320.0,56171.0
2017,Guam,GUM,,Ingreso alto,80.51,,168606.0
2017,Guatemala,GTM,América Latina y el Caribe (excluido altos ingresos),Ingreso mediano alto,37.9,19986482.0,16087418.0
2017,Guinea,GIN,África al sur del Sahara (excluido altos ingresos),Países de ingreso bajo,18.7,11700000.0,12240789.0
2017,Guinea Ecuatorial,GNQ,África al sur del Sahara (excluido altos ingresos),Ingreso mediano alto,26.24,566113.0,1450694.0
2017,Guinea-Bissau,GNB,África al sur del Sahara (excluido altos ingresos),Países de ingreso bajo,14.8,1434822.0,1879826.0
2017,Guyana,GUY,América Latina y el Caribe (excluido altos ingresos),Ingreso mediano alto,37.33,643210.0,763252.0
2017,Haití,HTI,América Latina y el Caribe (excluido altos ingresos),Países de ingreso mediano bajo,27.2,6305862.0,10863543.0
2017,Honduras,HND,América Latina y el Caribe (excluido altos ingresos),Países de ingreso mediano bajo,31.7,8233499.0,9626842.0
2017,"Hong Kong, Región Administrativa Especial",HKG,,Ingreso alto,89.42,18394762.0,7393200.0
2017,Hungría,HUN,,Ingreso alto,76.75,9945037.0,9787966.0
2017,India,IND,Asia meridional,Países de ingreso mediano bajo,18.2,1168902277.0,1354195680.0
2017,Indonesia,IDN,Asia oriental y el Pacífico (excluido altos ingresos),Países de ingreso mediano bajo,32.34,435193605.0,264498852.0
2017,Iraq,IRQ,Oriente Medio y Norte de África (excluido altos ingresos),Ingreso mediano alto,49.36,33415690.0,39621162.0
2017,Irlanda,IRL,,Ingreso alto,84.11,4898872.0,4807388.0
2017,"Irán, República Islámica del",IRN,Oriente Medio y Norte de África (excluido altos ingresos),Países de ingreso mediano bajo,64.04,87046953.0,84505076.0
2017,Isla de Man,IMN,,Ingreso alto,,,83580.0
2017,Isla de San Martín (parte francesa),MAF,,Ingreso alto,,,34496.0
2017,Islandia,ISL,,Ingreso alto,98.26,401231.0,343400.0
2017,Islas Caimán,CYM,,Ingreso alto,81.07,96656.0,63581.0
2017,Islas Feroe,FRO,,Ingreso alto,97.58,56619.0,50230.0
2017,Islas Marshall,MHL,Asia oriental y el Pacífico (excluido altos ingresos),Ingreso mediano alto,38.7,16000.0,47187.0
2017,Islas Salomón,SLB,Asia oriental y el Pacífico (excluido altos ingresos),Países de ingreso mediano bajo,11.92,465331.0,643634.0
2017,Islas Turcas y Caicos,TCA,,Ingreso alto,,,39844.0
2017,Islas Vírgenes (EE.UU.),VIR,,Ingreso alto,64.38,,107281.0
2017,Islas Vírgenes Británicas,VGB,,Ingreso alto,77.7,44043.0,30060.0
2017,Islas del Canal,CHI,,Ingreso alto,,,165215.0
2017,Israel,ISR,,Ingreso alto,81.58,10540000.0,8713300.0
2017,Italia,ITA,,Ingreso alto,63.08,83871543.0,60536709.0
2017,Jamaica,JAM,América Latina y el Caribe (excluido altos ingresos),Ingreso mediano alto,55.07,3091222.0,2808376.0
2017,Japón,JPN,,Ingreso alto,91.73,172789990.0,126972000.0
2017,Jordania,JOR,Oriente Medio y Norte de África (excluido altos ingresos),Ingreso mediano alto,64.5,9703287.0,10215381.0
2017,Kazajstán,KAZ,Europa y Asia central (excluido altos ingresos),Ingreso mediano alto,76.43,26693300.0,18037776.0
2017,Kenya,KEN,África al sur del Sahara (excluido altos ingresos),Países de ingreso mediano bajo,17.83,42815109.0,48948137.0
2017,Kirguistán,KGZ,Europa y Asia central (excluido altos ingresos),Países de ingreso mediano bajo,38.2,8467966.0,6198200.0
2017,Kiribati,KIR,Asia oriental y el Pacífico (excluido altos ingresos),Países de ingreso mediano bajo,23.4,46123.0,120362.0
2017,Kosovo,XKX,Europa y Asia central (excluido altos ingresos),Ingreso mediano alto,83.89,,1791003.0
2017,Kuwait,KWT,,Ingreso alto,98.0,7138833.0,4124904.0
2017,Lesotho,LSO,África al sur del Sahara (excluido altos ingresos),Países de ingreso mediano bajo,39.0,2380804.0,2170617.0
2017,Letonia,LVA,,Ingreso alto,80.11,2464122.0,1942248.0
2017,Liberia,LBR,África al sur del Sahara (excluido altos ingresos),Países de ingreso bajo,16.3,2660000.0,4796631.0
2017,Libia,LBY,Oriente Medio y Norte de África (excluido altos ingresos),Ingreso mediano alto,,6020000.0,6378261.0
2017,Liechtenstein,LIE,,Ingreso alto,99.55,46402.0,37889.0
2017,Lituania,LTU,,Ingreso alto,77.62,4361329.0,2828403.0
2017,Luxemburgo,LUX,,Ingreso alto,97.36,794000.0,596336.0
2017,Líbano,LBN,Oriente Medio y Norte de África (excluido altos ingresos),Países de ingreso mediano bajo,78.18,4399085.0,6109252.0
2017,Macedonia del Norte,MKD,Europa y Asia central (excluido altos ingresos),Ingreso mediano alto,74.52,2008008.0,2074502.0
2017,Madagascar,MDG,África al sur del Sahara (excluido altos ingresos),Países de ingreso bajo,9.8,8730499.0,26169542.0
2017,Malasia,MYS,Asia oriental y el Pacífico (excluido altos ingresos),Ingreso mediano alto,80.14,42338500.0,31975806.0
2017,Malawi,MWI,África al sur del Sahara (excluido altos ingresos),Países de ingreso bajo,7.0,7772503.0,17881167.0
2017,Maldivas,MDV,Asia meridional,Ingreso mediano alto,61.25,900120.0,472442.0
2017,Malta,MLT,,Ingreso alto,81.01,604759.0,467999.0
2017,Malí,MLI,África al sur del Sahara (excluido altos ingresos),Países de ingreso bajo,18.9,22034110.0,19311355.0
2017,Mariana,MNP,,Ingreso alto,,,50729.0
2017,Marruecos,MAR,Oriente Medio y Norte de África (excluido altos ingresos),Países de ingreso mediano bajo,61.76,43916066.0,35528115.0
2017,Mauricio,MUS,África al sur del Sahara (excluido altos ingresos),Ingreso mediano alto,55.4,1839500.0,1264613.0
2017,Mauritania,MRT,África al sur del Sahara (excluido altos ingresos),Países de ingreso mediano bajo,24.2,4074157.0,4160015.0
2017,Micronesia (Estados Federados de),FSM,Asia oriental y el Pacífico (excluido altos ingresos),Países de ingreso mediano bajo,35.3,23114.0,110430.0
2017,Mongolia,MNG,Asia oriental y el Pacífico (excluido altos ingresos),Países de ingreso mediano bajo,23.71,3886167.0,3096030.0
2017,Montenegro,MNE,Europa y Asia central (excluido altos ingresos),Ingreso mediano alto,71.27,1044674.0,622373.0
2017,Mozambique,MOZ,África al sur del Sahara (excluido altos ingresos),Países de ingreso bajo,7.8,11875506.0,28569441.0
2017,Myanmar,MMR,Asia oriental y el Pacífico (excluido altos ingresos),Países de ingreso mediano bajo,23.62,47946665.0,52288341.0
2017,México,MEX,América Latina y el Caribe (excluido altos ingresos),Ingreso mediano alto,63.85,114329353.0,122839258.0
2017,Mónaco,MCO,,Ingreso alto,97.05,32978.0,37044.0
2017,Namibia,NAM,África al sur del Sahara (excluido altos ingresos),Ingreso mediano alto,36.84,2680196.0,2364534.0
2017,Nauru,NRU,,Ingreso alto,62.39,10000.0,11682.0
2017,Nepal,NPL,Asia meridional,Países de ingreso mediano bajo,24.3,36096396.0,28183426.0
2017,Nicaragua,NIC,América Latina y el Caribe (excluido altos ingresos),Países de ingreso mediano bajo,30.4,8179876.0,6480532.0
2017,Nigeria,NGA,África al sur del Sahara (excluido altos ingresos),Países de ingreso mediano bajo,28.0,144920170.0,193495907.0
2017,Noruega,NOR,,Ingreso alto,96.36,5719665.0,5276968.0
2017,Nueva Caledonia,NCL,,Ingreso alto,82.01,,270810.0
2017,Nueva Zelandia,NZL,,Ingreso alto,87.7,6400000.0,4813600.0
2017,Níger,NER,África al sur del Sahara (excluido altos ingresos),Países de ingreso bajo,10.22,8778884.0,21737922.0
2017,Omán,OMN,,Ingreso alto,80.19,6943910.0,4541854.0
2017,Pakistán,PAK,Asia meridional,Países de ingreso mediano bajo,13.78,144525637.0,216379655.0
2017,Palau,PLW,Asia oriental y el Pacífico (excluido altos ingresos),Ingreso mediano alto,,,17837.0
2017,Panamá,PAN,,Ingreso alto,59.95,5280195.0,4096063.0
2017,Papua Nueva Guinea,PNG,Asia oriental y el Pacífico (excluido altos ingresos),Países de ingreso mediano bajo,11.21,4018000.0,9114796.0
2017,Paraguay,PRY,América Latina y el Caribe (excluido altos ingresos),Ingreso mediano alto,61.08,7468275.0,6355404.0
2017,Países Bajos,NLD,,Ingreso alto,93.2,20532000.0,17131296.0
2017,Perú,PER,América Latina y el Caribe (excluido altos ingresos),Ingreso mediano alto,50.45,38915386.0,31605486.0
2017,Polinesia Francesa,PYF,,Ingreso alto,72.7,287839.0,295450.0
2017,Polonia,POL,,Ingreso alto,75.99,50458854.0,37974826.0
2017,Portugal,PRT,,Ingreso alto,73.79,11764106.0,10300300.0
2017,Puerto Rico,PRI,,Ingreso alto,68.74,3389402.0,3325286.0
2017,Qatar,QAT,,Ingreso alto,97.39,3988562.0,2711755.0
2017,"Región Administrativa Especial de Macao, China",MAC,,Ingreso alto,83.17,2047000.0,638609.0
2017,Reino Unido,GBR,,Ingreso alto,90.42,79099000.0,66058859.0
2017,República Centroafricana,CAF,África al sur del Sahara (excluido altos ingresos),Países de ingreso bajo,4.0,1175389.0,4996741.0
2017,República Checa,CZE,,Ingreso alto,78.72,12636359.0,10594438.0
2017,República Democrática Popular Lao,LAO,Asia oriental y el Pacífico (excluido altos ingresos),Países de ingreso mediano bajo,25.51,3711813.0,6997917.0
2017,República Dominicana,DOM,América Latina y el Caribe (excluido altos ingresos),Ingreso mediano alto,67.57,8769127.0,10647244.0
2017,República Eslovaca,SVK,,Ingreso alto,81.63,7117753.0,5439232.0
2017,República de Moldova,MDA,Europa y Asia central (excluido altos ingresos),Ingreso mediano alto,76.12,3746644.0,2755189.0
2017,República Árabe Siria,SYR,Oriente Medio y Norte de África (excluido altos ingresos),Países de ingreso bajo,32.7,15386000.0,18983373.0
2017,Ribera Occidental y Gaza,PSE,Oriente Medio y Norte de África (excluido altos ingresos),Países de ingreso mediano bajo,63.3,3996206.0,4454805.0
2017,Rumania,ROU,,Ingreso alto,63.75,22400000.0,19588715.0
2017,Rwanda,RWA,África al sur del Sahara (excluido altos ingresos),Países de ingreso bajo,17.2,8819217.0,12230339.0
2017,Saint Kitts y Nevis,KNA,,Ingreso alto,80.71,76878.0,47785.0
2017,Samoa,WSM,Asia oriental y el Pacífico (excluido altos ingresos),Países de ingreso mediano bajo,33.61,124211.0,207630.0
2017,Samoa Americana,ASM,Asia oriental y el Pacífico (excluido altos ingresos),Ingreso mediano alto,,,49463.0
2017,San Marino,SMR,,Ingreso alto,60.18,38000.0,34056.0
2017,San Vicente y las Granadinas,VCT,América Latina y el Caribe (excluido altos ingresos),Ingreso mediano alto,53.7,115844.0,105549.0
2017,Santa Lucía,LCA,América Latina y el Caribe (excluido altos ingresos),Ingreso mediano alto,46.0,176694.0,177163.0
2017,Santo Tomé y Príncipe,STP,África al sur del Sahara (excluido altos ingresos),Países de ingreso mediano bajo,29.93,173963.0,208036.0
2017,Senegal,SEN,África al sur del Sahara (excluido altos ingresos),Países de ingreso mediano bajo,29.64,15758366.0,15157793.0
2017,Serbia,SRB,Europa y Asia central (excluido altos ingresos),Ingreso mediano alto,70.33,8621771.0,7020858.0
2017,Seychelles,SYC,,Ingreso alto,58.77,167282.0,95843.0
2017,Sierra Leona,SLE,África al sur del Sahara (excluido altos ingresos),Países de ingreso bajo,13.24,6625000.0,7677565.0
2017,Singapur,SGP,,Ingreso alto,84.45,8381900.0,5612253.0
2017,Sint Maarten (Dutch part),SXM,,Ingreso alto,,,40574.0
2017,Somalia,SOM,África al sur del Sahara (excluido altos ingresos),Países de ingreso bajo,2.0,7119000.0,14864221.0
2017,Sri Lanka,LKA,Asia meridional,Países de ingreso mediano bajo,21.3,28199083.0,21444000.0
2017,Sudáfrica,ZAF,África al sur del Sahara (excluido altos ingresos),Ingreso mediano alto,56.17,88497610.0,56641209.0
2017,Sudán,SDN,África al sur del Sahara (excluido altos ingresos),Países de ingreso bajo,18.6,28644139.0,40679828.0
2017,Sudán del Sur,SSD,África al sur del Sahara (excluido altos ingresos),Países de ingreso bajo,4.1,2788933.0,10658226.0
2017,Suecia,SWE,,Ingreso alto,93.01,12519313.0,10057698.0
2017,Suiza,CHE,,Ingreso alto,89.69,11088598.0,8451840.0
2017,Suriname,SUR,América Latina y el Caribe (excluido altos ingresos),Ingreso mediano alto,48.95,795871.0,587559.0
2017,Tailandia,THA,Asia oriental y el Pacífico (excluido altos ingresos),Ingreso mediano alto,52.89,121530000.0,70898202.0
2017,Tanzanía,TZA,África al sur del Sahara (excluido altos ingresos),Países de ingreso mediano bajo,16.0,39953860.0,56267032.0
2017,Tayikistán,TJK,Europa y Asia central (excluido altos ingresos),Países de ingreso mediano bajo,21.96,9904000.0,8925525.0
2017,Timor-Leste,TLS,Asia oriental y el Pacífico (excluido altos ingresos),Países de ingreso mediano bajo,24.2,1556624.0,1243235.0
2017,Togo,TGO,África al sur del Sahara (excluido altos ingresos),Países de ingreso bajo,12.36,6069905.0,7852795.0
2017,Tonga,TON,Asia oriental y el Pacífico (excluido altos ingresos),Ingreso mediano alto,41.25,107938.0,105415.0
2017,Trinidad y Tobago,TTO,,Ingreso alto,70.6,2030637.0,1478607.0
2017,Turkmenistán,TKM,Europa y Asia central (excluido altos ingresos),Ingreso mediano alto,21.25,9377000.0,5968383.0
2017,Turquía,TUR,Europa y Asia central (excluido altos ingresos),Ingreso mediano alto,64.68,77800170.0,82089826.0
2017,Tuvalu,TUV,Asia oriental y el Pacífico (excluido altos ingresos),Ingreso mediano alto,35.2,8000.0,10828.0
2017,Túnez,TUN,Oriente Medio y Norte de África (excluido altos ingresos),Países de ingreso mediano bajo,55.5,14334080.0,11811443.0
2017,Ucrania,UKR,Europa y Asia central (excluido altos ingresos),Países de ingreso mediano bajo,58.89,55714733.0,44831135.0
2017,Uganda,UGA,África al sur del Sahara (excluido altos ingresos),Países de ingreso bajo,8.1,24948878.0,40127085.0
2017,Uruguay,URY,,Ingreso alto,70.32,5097569.0,3422200.0
2017,Uzbekistán,UZB,Europa y Asia central (excluido altos ingresos),Países de ingreso mediano bajo,48.7,24265460.0,32388600.0
2017,Vanuatu,VUT,Asia oriental y el Pacífico (excluido altos ingresos),Países de ingreso mediano bajo,25.72,228016.0,290239.0
2017,Venezuela,VEN,,No clasificado,61.6,24493687.0,30563433.0
2017,Viet Nam,VNM,Asia oriental y el Pacífico (excluido altos ingresos),Países de ingreso mediano bajo,58.14,120016181.0,94033048.0
2017,"Yemen, Rep. del",YEM,Oriente Medio y Norte de África (excluido altos ingresos),Países de ingreso bajo,26.72,15357868.0,30034389.0
2017,Zambia,ZMB,África al sur del Sahara (excluido altos ingresos),Países de ingreso bajo,12.2,13438539.0,17298054.0
2017,Zimbabwe,ZWE,África al sur del Sahara (excluido altos ingresos),Países de ingreso mediano bajo,24.4,14092104.0,14751101.0
2018,Afganistán,AFG,Asia meridional,Países de ingreso bajo,16.8,21976355.0,36686784.0
2018,Albania,ALB,Europa y Asia central (excluido altos ingresos),Ingreso mediano alto,65.4,2714878.0,2866376.0
2018,Alemania,DEU,,Ingreso alto,87.04,107500000.0,82905782.0
2018,Andorra,AND,,Ingreso alto,,82614.0,75013.0
2018,Angola,AGO,África al sur del Sahara (excluido altos ingresos),Países de ingreso mediano bajo,29.0,13288421.0,31273533.0
2018,Antigua y Barbuda,ATG,,Ingreso alto,,,91626.0
2018,Arabia Saudita,SAU,,Ingreso alto,93.31,41310584.0,35018133.0
2018,Argelia,DZA,Oriente Medio y Norte de África (excluido altos ingresos),Países de ingreso mediano bajo,49.04,47154264.0,41927007.0
2018,Argentina,ARG,América Latina y el Caribe (excluido altos ingresos),Ingreso mediano alto,77.7,58598041.0,44494502.0
2018,Armenia,ARM,Europa y Asia central (excluido altos ingresos),Ingreso mediano alto,68.25,3579257.0,2836557.0
2018,Aruba,ABW,,Ingreso alto,,,105962.0
2018,Australia,AUS,,Ingreso alto,87.6,27640000.0,24966643.0
2018,Austria,AUT,,Ingreso alto,87.48,10984000.0,8840521.0
2018,Azerbaiyán,AZE,Europa y Asia central (excluido altos ingresos),Ingreso mediano alto,79.8,10339700.0,9939771.0
2018,Bahamas,BHS,,Ingreso alto,83.0,388707.0,401906.0
2018,Bahrein,BHR,,Ingreso alto,98.64,2092714.0,1487340.0
2018,Bangladesh,BGD,Asia meridional,Países de ingreso mediano bajo,21.8,161771617.0,163683958.0
2018,Barbados,BRB,,Ingreso alto,,329326.0,279688.0
2018,Belarús,BLR,Europa y Asia central (excluido altos ingresos),Ingreso mediano alto,79.13,11619651.0,9438785.0
2018,Belice,BLZ,América Latina y el Caribe (excluido altos ingresos),Ingreso mediano alto,49.8,246311.0,382066.0
2018,Benin,BEN,África al sur del Sahara (excluido altos ingresos),Países de ingreso mediano bajo,19.0,9461872.0,11940683.0
2018,Bermudas,BMU,,Ingreso alto,,,63918.0
2018,Bhután,BTN,Asia meridional,Países de ingreso mediano bajo,49.5,703554.0,762096.0
2018,Bolivia,BOL,América Latina y el Caribe (excluido altos ingresos),Países de ingreso mediano bajo,44.29,11445830.0,11606905.0
2018,Bosnia y Herzegovina,BIH,Europa y Asia central (excluido altos ingresos),Ingreso mediano alto,70.12,3461058.0,3400129.0
2018,Botswana,BWA,África al sur del Sahara (excluido altos ingresos),Ingreso mediano alto,58.0,3381228.0,2451409.0
2018,Brasil,BRA,América Latina y el Caribe (excluido altos ingresos),Ingreso mediano alto,70.43,209410048.0,210166592.0
2018,Brunei Darussalam,BRN,,Ingreso alto,95.0,565949.0,434274.0
2018,Bulgaria,BGR,Europa y Asia central (excluido altos ingresos),Ingreso mediano alto,64.78,8387160.0,7025037.0
2018,Burkina Faso,BFA,África al sur del Sahara (excluido altos ingresos),Países de ingreso bajo,17.4,19339109.0,20392723.0
2018,Burundi,BDI,África al sur del Sahara (excluido altos ingresos),Países de ingreso bajo,4.1,6317965.0,11493472.0
2018,Bélgica,BEL,,Ingreso alto,88.65,11447351.0,11427054.0
2018,Cabo Verde,CPV,África al sur del Sahara (excluido altos ingresos),Países de ingreso mediano bajo,59.5,610328.0,571202.0
2018,Camboya,KHM,Asia oriental y el Pacífico (excluido altos ingresos),Países de ingreso mediano bajo,,19417123.0,16025238.0
2018,Camerún,CMR,África al sur del Sahara (excluido altos ingresos),Países de ingreso mediano bajo,29.7,18455836.0,25076747.0
2018,Canadá,CAN,,Ingreso alto,94.64,33211000.0,37065084.0
2018,Chad,TCD,África al sur del Sahara (excluido altos ingresos),Países de ingreso bajo,8.0,6984130.0,15604210.0
2018,Chile,CHL,,Ingreso alto,84.9,25178981.0,18701450.0
2018,China,CHN,Asia oriental y el Pacífico (excluido altos ingresos),Ingreso mediano alto,59.2,1649301700.0,1402760000.0
2018,Chipre,CYP,,Ingreso alto,84.43,1200378.0,1218831.0
2018,Colombia,COL,América Latina y el Caribe (excluido altos ingresos),Ingreso mediano alto,64.13,64513977.0,49276961.0
2018,Comoras,COM,África al sur del Sahara (excluido altos ingresos),Países de ingreso mediano bajo,,498903.0,776313.0
2018,"Congo, República Democrática del",COD,África al sur del Sahara (excluido altos ingresos),Países de ingreso bajo,11.7,36470600.0,87087355.0
2018,"Congo, República del",COG,África al sur del Sahara (excluido altos ingresos),Países de ingreso mediano bajo,,5000000.0,5441062.0
2018,"Corea, República Popular Democrática de",PRK,Asia oriental y el Pacífico (excluido altos ingresos),Países de ingreso bajo,,,25638149.0
2018,"Corea, República de",KOR,,Ingreso alto,96.02,66355778.0,51585058.0
2018,Costa Rica,CRI,América Latina y el Caribe (excluido altos ingresos),Ingreso mediano alto,73.48,8495585.0,5040734.0
2018,Croacia,HRV,,Ingreso alto,75.29,4388476.0,4087843.0
2018,Cuba,CUB,América Latina y el Caribe (excluido altos ingresos),Ingreso mediano alto,62.68,5373316.0,11328244.0
2018,Curacao,CUW,,Ingreso alto,,186390.0,159336.0
2018,Côte d'Ivoire,CIV,África al sur del Sahara (excluido altos ingresos),Países de ingreso mediano bajo,37.55,33807850.0,25493988.0
2018,Dinamarca,DNK,,Ingreso alto,97.32,7216215.0,5793636.0
2018,Djibouti,DJI,Oriente Medio y Norte de África (excluido altos ingresos),Países de ingreso mediano bajo,58.0,395037.0,1057198.0
2018,Dominica,DMA,América Latina y el Caribe (excluido altos ingresos),Ingreso mediano alto,,76820.0,70823.0
2018,Ecuador,ECU,América Latina y el Caribe (excluido altos ingresos),Ingreso mediano alto,57.5,15772838.0,17015672.0
2018,"Egipto, República Árabe de",EGY,Oriente Medio y Norte de África (excluido altos ingresos),Países de ingreso mediano bajo,46.92,93784497.0,103740765.0
2018,El Salvador,SLV,América Latina y el Caribe (excluido altos ingresos),Países de ingreso mediano bajo,43.8,9433495.0,6276342.0
2018,Emiratos Árabes Unidos,ARE,,Ingreso alto,98.45,20081015.0,9140169.0
2018,Eritrea,ERI,África al sur del Sahara (excluido altos ingresos),Países de ingreso bajo,,,3445374.0
2018,Eslovenia,SVN,,Ingreso alto,79.75,2465857.0,2073894.0
2018,España,ESP,,Ingreso alto,86.11,54161014.0,46797754.0
2018,Estados Unidos,USA,,Ingreso alto,88.5,348242000.0,326838199.0
2018,Estonia,EST,,Ingreso alto,89.36,1924034.0,1321977.0
2018,Eswatini,SWZ,África al sur del Sahara (excluido altos ingresos),Países de ingreso mediano bajo,,,1160428.0
2018,Etiopía,ETH,África al sur del Sahara (excluido altos ingresos),Países de ingreso bajo,20.0,,111129438.0
2018,Federación de Rusia,RUS,Europa y Asia central (excluido altos ingresos),Ingreso mediano alto,80.86,229431008.0,144477859.0
2018,Fiji,FJI,Asia oriental y el Pacífico (excluido altos ingresos),Ingreso mediano alto,68.9,1015000.0,918996.0
2018,Filipinas,PHL,Asia oriental y el Pacífico (excluido altos ingresos),Países de ingreso mediano bajo,44.1,134599017.0,108568836.0
2018,Finlandia,FIN,,Ingreso alto,88.89,7150000.0,5515525.0
2018,Francia,FRA,,Ingreso alto,82.04,70422000.0,67158348.0
2018,Gabón,GAB,África al sur del Sahara (excluido altos ingresos),Ingreso mediano alto,59.6,2930554.0,2192012.0
2018,Gambia,GMB,África al sur del Sahara (excluido altos ingresos),Países de ingreso bajo,32.6,3181393.0,2444916.0
2018,Georgia,GEO,Europa y Asia central (excluido altos ingresos),Ingreso mediano alto,62.72,5459239.0,3726549.0
2018,Ghana,GHA,África al sur del Sahara (excluido altos ingresos),Países de ingreso mediano bajo,43.0,40934875.0,30870641.0
2018,Gibraltar,GIB,,Ingreso alto,,41045.0,32648.0
2018,Granada,GRD,América Latina y el Caribe (excluido altos ingresos),Ingreso mediano alto,55.1,118721.0,121838.0
2018,Grecia,GRC,,Ingreso alto,72.24,12170757.0,10732882.0
2018,Groenlandia,GRL,,Ingreso alto,,61394.0,56023.0
2018,Guam,GUM,,Ingreso alto,,,168678.0
2018,Guatemala,GTM,América Latina y el Caribe (excluido altos ingresos),Ingreso mediano alto,41.5,20467520.0,16346950.0
2018,Guinea,GIN,África al sur del Sahara (excluido altos ingresos),Países de ingreso bajo,21.83,12013000.0,12554864.0
2018,Guinea Ecuatorial,GNQ,África al sur del Sahara (excluido altos ingresos),Ingreso mediano alto,,591223.0,1502091.0
2018,Guinea-Bissau,GNB,África al sur del Sahara (excluido altos ingresos),Países de ingreso bajo,15.7,1480491.0,1924955.0
2018,Guyana,GUY,América Latina y el Caribe (excluido altos ingresos),Ingreso mediano alto,,,785514.0
2018,Haití,HTI,América Latina y el Caribe (excluido altos ingresos),Países de ingreso mediano bajo,32.47,6602878.0,11012421.0
2018,Honduras,HND,América Latina y el Caribe (excluido altos ingresos),Países de ingreso mediano bajo,36.0,7588554.0,9792850.0
2018,"Hong Kong, Región Administrativa Especial",HKG,,Ingreso alto,90.51,19898785.0,7452600.0
2018,Hungría,HUN,,Ingreso alto,76.07,10041939.0,9775564.0
2018,India,IND,Asia meridional,Países de ingreso mediano bajo,20.08,1176021869.0,1369003306.0
2018,Indonesia,IDN,Asia oriental y el Pacífico (excluido altos ingresos),Países de ingreso mediano bajo,39.9,319434605.0,267066843.0
2018,Iraq,IRQ,Oriente Medio y Norte de África (excluido altos ingresos),Ingreso mediano alto,43.3,36527353.0,40590700.0
2018,Irlanda,IRL,,Ingreso alto,87.0,4971493.0,4867316.0
2018,"Irán, República Islámica del",IRN,Oriente Medio y Norte de África (excluido altos ingresos),Países de ingreso mediano bajo,70.2,88722442.0,85617562.0
2018,Isla de Man,IMN,,Ingreso alto,,,83775.0
2018,Isla de San Martín (parte francesa),MAF,,Ingreso alto,,,33852.0
2018,Islandia,ISL,,Ingreso alto,99.01,411361.0,352721.0
2018,Islas Caimán,CYM,,Ingreso alto,,,64884.0
2018,Islas Feroe,FRO,,Ingreso alto,,56792.0,50955.0
2018,Islas Marshall,MHL,Asia oriental y el Pacífico (excluido altos ingresos),Ingreso mediano alto,,,45989.0
2018,Islas Salomón,SLB,Asia oriental y el Pacífico (excluido altos ingresos),Países de ingreso mediano bajo,,482029.0,659249.0
2018,Islas Turcas y Caicos,TCA,,Ingreso alto,,,41487.0
2018,Islas Vírgenes (EE.UU.),VIR,,Ingreso alto,,,107001.0
2018,Islas Vírgenes Británicas,VGB,,Ingreso alto,,39954.0,30335.0
2018,Islas del Canal,CHI,,Ingreso alto,,,167259.0
2018,Israel,ISR,,Ingreso alto,83.73,10700000.0,8882800.0
2018,Italia,ITA,,Ingreso alto,74.39,83342486.0,60421760.0
2018,Jamaica,JAM,América Latina y el Caribe (excluido altos ingresos),Ingreso mediano alto,68.21,2964974.0,2811835.0
2018,Japón,JPN,,Ingreso alto,88.75,179872794.0,126811000.0
2018,Jordania,JOR,Oriente Medio y Norte de África (excluido altos ingresos),Ingreso mediano alto,65.2,8731760.0,10459865.0
2018,Kazajstán,KAZ,Europa y Asia central (excluido altos ingresos),Ingreso mediano alto,78.9,26065600.0,18276452.0
2018,Kenya,KEN,África al sur del Sahara (excluido altos ingresos),Países de ingreso mediano bajo,19.5,49501430.0,49953304.0
2018,Kirguistán,KGZ,Europa y Asia central (excluido altos ingresos),Países de ingreso mediano bajo,62.8,8735246.0,6322800.0
2018,Kiribati,KIR,Asia oriental y el Pacífico (excluido altos ingresos),Países de ingreso mediano bajo,29.4,53338.0,122261.0
2018,Kosovo,XKX,Europa y Asia central (excluido altos ingresos),Ingreso mediano alto,89.44,,1797085.0
2018,Kuwait,KWT,,Ingreso alto,99.6,7099848.0,4317185.0
2018,Lesotho,LSO,África al sur del Sahara (excluido altos ingresos),Países de ingreso mediano bajo,40.8,1582141.0,2198017.0
2018,Letonia,LVA,,Ingreso alto,83.58,2070180.0,1927174.0
2018,Liberia,LBR,África al sur del Sahara (excluido altos ingresos),Países de ingreso bajo,18.9,,4889391.0
2018,Libia,LBY,Oriente Medio y Norte de África (excluido altos ingresos),Ingreso mediano alto,,,6477793.0
2018,Liechtenstein,LIE,,Ingreso alto,,47272.0,38181.0
2018,Lituania,LTU,,Ingreso alto,79.72,3764670.0,2801543.0
2018,Luxemburgo,LUX,,Ingreso alto,97.06,798600.0,607950.0
2018,Líbano,LBN,Oriente Medio y Norte de África (excluido altos ingresos),Países de ingreso mediano bajo,80.9,4424185.0,5950839.0
2018,Macedonia del Norte,MKD,Europa y Asia central (excluido altos ingresos),Ingreso mediano alto,79.17,1969109.0,2076217.0
2018,Madagascar,MDG,África al sur del Sahara (excluido altos ingresos),Países de ingreso bajo,15.0,10654710.0,26846541.0
2018,Malasia,MYS,Asia oriental y el Pacífico (excluido altos ingresos),Ingreso mediano alto,81.2,42413400.0,32399271.0
2018,Malawi,MWI,África al sur del Sahara (excluido altos ingresos),Países de ingreso bajo,8.0,7076906.0,18367883.0
2018,Maldivas,MDV,Asia meridional,Ingreso mediano alto,62.07,857934.0,489758.0
2018,Malta,MLT,,Ingreso alto,81.66,615843.0,484630.0
2018,Malí,MLI,África al sur del Sahara (excluido altos ingresos),Países de ingreso bajo,21.4,21955565.0,19934298.0
2018,Mariana,MNP,,Ingreso alto,,,50304.0
2018,Marruecos,MAR,Oriente Medio y Norte de África (excluido altos ingresos),Países de ingreso mediano bajo,64.8,44737885.0,35927511.0
2018,Mauricio,MUS,África al sur del Sahara (excluido altos ingresos),Ingreso mediano alto,58.6,1918000.0,1265303.0
2018,Mauritania,MRT,África al sur del Sahara (excluido altos ingresos),Países de ingreso mediano bajo,35.1,4566502.0,4270712.0
2018,Micronesia (Estados Federados de),FSM,Asia oriental y el Pacífico (excluido altos ingresos),Países de ingreso mediano bajo,,,110929.0
2018,Mongolia,MNG,Asia oriental y el Pacífico (excluido altos ingresos),Países de ingreso mediano bajo,47.13,4222041.0,3163991.0
2018,Montenegro,MNE,Europa y Asia central (excluido altos ingresos),Ingreso mediano alto,71.52,1134412.0,622227.0
2018,Mozambique,MOZ,África al sur del Sahara (excluido altos ingresos),Países de ingreso bajo,10.9,14074248.0,29423878.0
2018,Myanmar,MMR,Asia oriental y el Pacífico (excluido altos ingresos),Países de ingreso mediano bajo,28.7,61143964.0,52666014.0
2018,México,MEX,América Latina y el Caribe (excluido altos ingresos),Ingreso mediano alto,65.77,120165322.0,124013861.0
2018,Mónaco,MCO,,Ingreso alto,,32689.0,37029.0
2018,Namibia,NAM,África al sur del Sahara (excluido altos ingresos),Ingreso mediano alto,40.0,2759293.0,2405680.0
2018,Nauru,NRU,,Ingreso alto,,,11924.0
2018,Nepal,NPL,Asia meridional,Países de ingreso mediano bajo,28.6,39178451.0,28506712.0
2018,Nicaragua,NIC,América Latina y el Caribe (excluido altos ingresos),Países de ingreso mediano bajo,37.6,7441527.0,6572233.0
2018,Nigeria,NGA,África al sur del Sahara (excluido altos ingresos),Países de ingreso mediano bajo,31.9,172730603.0,198387623.0
2018,Noruega,NOR,,Ingreso alto,96.49,5720892.0,5311916.0
2018,Nueva Caledonia,NCL,,Ingreso alto,,,271170.0
2018,Nueva Zelandia,NZL,,Ingreso alto,89.0,6319000.0,4900600.0
2018,Níger,NER,África al sur del Sahara (excluido altos ingresos),Países de ingreso bajo,,,22577058.0
2018,Omán,OMN,,Ingreso alto,85.5,6440889.0,4601157.0
2018,Pakistán,PAK,Asia meridional,Países de ingreso mediano bajo,15.34,153986607.0,219731479.0
2018,Palau,PLW,Asia oriental y el Pacífico (excluido altos ingresos),Ingreso mediano alto,,,17864.0
2018,Panamá,PAN,,Ingreso alto,61.81,5722370.0,4165255.0
2018,Papua Nueva Guinea,PNG,Asia oriental y el Pacífico (excluido altos ingresos),Países de ingreso mediano bajo,,4300000.0,9329227.0
2018,Paraguay,PRY,América Latina y el Caribe (excluido altos ingresos),Ingreso mediano alto,64.99,7439692.0,6443328.0
2018,Países Bajos,NLD,,Ingreso alto,91.89,21108000.0,17231624.0
2018,Perú,PER,América Latina y el Caribe (excluido altos ingresos),Ingreso mediano alto,55.05,42154771.0,32203944.0
2018,Polinesia Francesa,PYF,,Ingreso alto,,302673.0,297606.0
2018,Polonia,POL,,Ingreso alto,77.54,48285544.0,37974750.0
2018,Portugal,PRT,,Ingreso alto,74.66,11859548.0,10283822.0
2018,Puerto Rico,PRI,,Ingreso alto,70.86,3330286.0,3193354.0
2018,Qatar,QAT,,Ingreso alto,99.65,3945978.0,2766732.0
2018,"Región Administrativa Especial de Macao, China",MAC,,Ingreso alto,83.79,2181194.0,650991.0
2018,Reino Unido,GBR,,Ingreso alto,90.69,78891000.0,66460344.0
2018,República Centroafricana,CAF,África al sur del Sahara (excluido altos ingresos),Países de ingreso bajo,5.1,1279261.0,5094780.0
2018,República Checa,CZE,,Ingreso alto,80.69,12704262.0,10629928.0
2018,República Democrática Popular Lao,LAO,Asia oriental y el Pacífico (excluido altos ingresos),Países de ingreso mediano bajo,29.1,3662336.0,7105006.0
2018,República Dominicana,DOM,América Latina y el Caribe (excluido altos ingresos),Ingreso mediano alto,74.82,8937647.0,10765531.0
2018,República Eslovaca,SVK,,Ingreso alto,80.45,7241702.0,5446771.0
2018,República de Moldova,MDA,Europa y Asia central (excluido altos ingresos),Ingreso mediano alto,,3636931.0,2707203.0
2018,República Árabe Siria,SYR,Oriente Medio y Norte de África (excluido altos ingresos),Países de ingreso bajo,33.77,17129676.0,19333463.0
2018,Ribera Occidental y Gaza,PSE,Oriente Medio y Norte de África (excluido altos ingresos),Países de ingreso mediano bajo,64.4,4375502.0,4569087.0
2018,Rumania,ROU,,Ingreso alto,70.68,22634000.0,19473970.0
2018,Rwanda,RWA,África al sur del Sahara (excluido altos ingresos),Países de ingreso bajo,25.0,9700609.0,12531808.0
2018,Saint Kitts y Nevis,KNA,,Ingreso alto,,71594.0,47761.0
2018,Samoa,WSM,Asia oriental y el Pacífico (excluido altos ingresos),Países de ingreso mediano bajo,,100000.0,209701.0
2018,Samoa Americana,ASM,Asia oriental y el Pacífico (excluido altos ingresos),Ingreso mediano alto,,,48424.0
2018,San Marino,SMR,,Ingreso alto,,38500.0,34156.0
2018,San Vicente y las Granadinas,VCT,América Latina y el Caribe (excluido altos ingresos),Ingreso mediano alto,56.0,112443.0,105281.0
2018,Santa Lucía,LCA,América Latina y el Caribe (excluido altos ingresos),Ingreso mediano alto,48.3,184944.0,177888.0
2018,Santo Tomé y Príncipe,STP,África al sur del Sahara (excluido altos ingresos),Países de ingreso mediano bajo,31.9,162610.0,211344.0
2018,Senegal,SEN,África al sur del Sahara (excluido altos ingresos),Países de ingreso mediano bajo,35.3,16559942.0,15574909.0
2018,Serbia,SRB,Europa y Asia central (excluido altos ingresos),Ingreso mediano alto,73.36,8431365.0,6982604.0
2018,Seychelles,SYC,,Ingreso alto,70.1,178946.0,96762.0
2018,Sierra Leona,SLE,África al sur del Sahara (excluido altos ingresos),Países de ingreso bajo,15.8,6355151.0,7861281.0
2018,Singapur,SGP,,Ingreso alto,88.17,8568400.0,5638676.0
2018,Sint Maarten (Dutch part),SXM,,Ingreso alto,,,40895.0
2018,Somalia,SOM,África al sur del Sahara (excluido altos ingresos),Países de ingreso bajo,,7653040.0,15411094.0
2018,Sri Lanka,LKA,Asia meridional,Países de ingreso mediano bajo,26.0,30282984.0,21670000.0
2018,Sudáfrica,ZAF,África al sur del Sahara (excluido altos ingresos),Ingreso mediano alto,62.4,92427958.0,57339635.0
2018,Sudán,SDN,África al sur del Sahara (excluido altos ingresos),Países de ingreso bajo,24.6,30100412.0,41999059.0
2018,Sudán del Sur,SSD,África al sur del Sahara (excluido altos ingresos),Países de ingreso bajo,4.8,1916255.0,10395329.0
2018,Suecia,SWE,,Ingreso alto,89.25,12626282.0,10175214.0
2018,Suiza,CHE,,Ingreso alto,91.8,10788602.0,8514329.0
2018,Suriname,SUR,América Latina y el Caribe (excluido altos ingresos),Ingreso mediano alto,53.8,752270.0,593715.0
2018,Tailandia,THA,Asia oriental y el Pacífico (excluido altos ingresos),Ingreso mediano alto,56.82,125098000.0,71127802.0
2018,Tanzanía,TZA,África al sur del Sahara (excluido altos ingresos),Países de ingreso mediano bajo,19.0,43497261.0,58090443.0
2018,Tayikistán,TJK,Europa y Asia central (excluido altos ingresos),Países de ingreso mediano bajo,,10000000.0,9128132.0
2018,Timor-Leste,TLS,Asia oriental y el Pacífico (excluido altos ingresos),Países de ingreso mediano bajo,27.6,1468493.0,1261845.0
2018,Togo,TGO,África al sur del Sahara (excluido altos ingresos),Países de ingreso bajo,15.5,6144507.0,8046679.0
2018,Tonga,TON,Asia oriental y el Pacífico (excluido altos ingresos),Ingreso mediano alto,,107938.0,105150.0
2018,Trinidad y Tobago,TTO,,Ingreso alto,,1972595.0,1504709.0
2018,Turkmenistán,TKM,Europa y Asia central (excluido altos ingresos),Ingreso mediano alto,,9377000.0,6065066.0
2018,Turquía,TUR,Europa y Asia central (excluido altos ingresos),Ingreso mediano alto,71.04,80117999.0,82809304.0
2018,Tuvalu,TUV,Asia oriental y el Pacífico (excluido altos ingresos),Ingreso mediano alto,,8500.0,10865.0
2018,Túnez,TUN,Oriente Medio y Norte de África (excluido altos ingresos),Países de ingreso mediano bajo,64.19,14769594.0,11933041.0
2018,Ucrania,UKR,Europa y Asia central (excluido altos ingresos),Países de ingreso mediano bajo,62.55,53933592.0,44622518.0
2018,Uganda,UGA,África al sur del Sahara (excluido altos ingresos),Países de ingreso bajo,10.9,24472033.0,41515395.0
2018,Uruguay,URY,,Ingreso alto,80.73,4459173.0,3427042.0
2018,Uzbekistán,UZB,Europa y Asia central (excluido altos ingresos),Países de ingreso mediano bajo,55.2,23226156.0,32956100.0
2018,Vanuatu,VUT,Asia oriental y el Pacífico (excluido altos ingresos),Países de ingreso mediano bajo,,251428.0,297298.0
2018,Venezuela,VEN,,No clasificado,,20731169.0,29825653.0
2018,Viet Nam,VNM,Asia oriental y el Pacífico (excluido altos ingresos),Países de ingreso mediano bajo,69.85,140639140.0,94914330.0
2018,"Yemen, Rep. del",YEM,Oriente Medio y Norte de África (excluido altos ingresos),Países de ingreso bajo,,15297789.0,30790513.0
2018,Zambia,ZMB,África al sur del Sahara (excluido altos ingresos),Países de ingreso bajo,14.3,15470270.0,17835893.0
2018,Zimbabwe,ZWE,África al sur del Sahara (excluido altos ingresos),Países de ingreso mediano bajo,25.0,12908992.0,15052184.0
2019,Afganistán,AFG,Asia meridional,Países de ingreso bajo,17.6,22580071.0,37769499.0
2019,Albania,ALB,Europa y Asia central (excluido altos ingresos),Ingreso mediano alto,68.55,2630076.0,2854191.0
2019,Alemania,DEU,,Ingreso alto,88.13,107200000.0,83092962.0
2019,Andorra,AND,,Ingreso alto,,87909.0,76343.0
2019,Angola,AGO,África al sur del Sahara (excluido altos ingresos),Países de ingreso mediano bajo,32.4,14830154.0,32353588.0
2019,Antigua y Barbuda,ATG,,Ingreso alto,,184000.0,92117.0
2019,Arabia Saudita,SAU,,Ingreso alto,95.72,41298629.0,35827362.0
2019,Argelia,DZA,Oriente Medio y Norte de África (excluido altos ingresos),Países de ingreso mediano bajo,57.9,45425533.0,42705368.0
2019,Argentina,ARG,América Latina y el Caribe (excluido altos ingresos),Ingreso mediano alto,79.9,56352947.0,44938712.0
2019,Armenia,ARM,Europa y Asia central (excluido altos ingresos),Ingreso mediano alto,66.54,3618747.0,2820602.0
2019,Aruba,ABW,,Ingreso alto,,141000.0,106442.0
2019,Australia,AUS,,Ingreso alto,88.6,27535000.0,25340217.0
2019,Austria,AUT,,Ingreso alto,87.75,10726000.0,8879920.0
2019,Azerbaiyán,AZE,Europa y Asia central (excluido altos ingresos),Ingreso mediano alto,81.1,10750300.0,10024283.0
2019,Bahamas,BHS,,Ingreso alto,85.0,425507.0,404557.0
2019,Bahrein,BHR,,Ingreso alto,99.7,1918635.0,1494188.0
2019,Bangladesh,BGD,Asia meridional,Países de ingreso mediano bajo,23.8,165572000.0,165516222.0
2019,Barbados,BRB,,Ingreso alto,,329326.0,280180.0
2019,Belarús,BLR,Europa y Asia central (excluido altos ingresos),Ingreso mediano alto,82.79,11627249.0,9419758.0
2019,Belice,BLZ,América Latina y el Caribe (excluido altos ingresos),Ingreso mediano alto,50.8,254919.0,389095.0
2019,Benin,BEN,África al sur del Sahara (excluido altos ingresos),Países de ingreso mediano bajo,22.4,10349847.0,12290444.0
2019,Bermudas,BMU,,Ingreso alto,,67000.0,63911.0
2019,Bhután,BTN,Asia meridional,Países de ingreso mediano bajo,53.5,729239.0,767459.0
2019,Bolivia,BOL,América Latina y el Caribe (excluido altos ingresos),Países de ingreso mediano bajo,47.47,11688830.0,11777315.0
2019,Bosnia y Herzegovina,BIH,Europa y Asia central (excluido altos ingresos),Ingreso mediano alto,69.95,3755521.0,3360711.0
2019,Botswana,BWA,África al sur del Sahara (excluido altos ingresos),Ingreso mediano alto,61.0,3746760.0,2499702.0
2019,Brasil,BRA,América Latina y el Caribe (excluido altos ingresos),Ingreso mediano alto,73.91,202009209.0,211782878.0
2019,Brunei Darussalam,BRN,,Ingreso alto,95.0,574799.0,438048.0
2019,Bulgaria,BGR,Europa y Asia central (excluido altos ingresos),Ingreso mediano alto,67.95,8134581.0,6975761.0
2019,Burkina Faso,BFA,África al sur del Sahara (excluido altos ingresos),Países de ingreso bajo,9.27,20364508.0,20951639.0
2019,Burundi,BDI,África al sur del Sahara (excluido altos ingresos),Países de ingreso bajo,6.2,6532039.0,11874838.0
2019,Bélgica,BEL,,Ingreso alto,90.28,11509573.0,11488980.0
2019,Cabo Verde,CPV,África al sur del Sahara (excluido altos ingresos),Países de ingreso mediano bajo,61.94,595681.0,577030.0
2019,Camboya,KHM,Asia oriental y el Pacífico (excluido altos ingresos),Países de ingreso mediano bajo,,21418681.0,16207746.0
2019,Camerún,CMR,África al sur del Sahara (excluido altos ingresos),Países de ingreso mediano bajo,33.5,21400736.0,25782341.0
2019,Canadá,CAN,,Ingreso alto,96.5,34366950.0,37601230.0
2019,Chad,TCD,África al sur del Sahara (excluido altos ingresos),Países de ingreso bajo,9.8,7664839.0,16126866.0
2019,Chile,CHL,,Ingreso alto,7.66,25051668.0,19039485.0
2019,China,CHN,Asia oriental y el Pacífico (excluido altos ingresos),Ingreso mediano alto,64.11,1746238000.0,1407745000.0
2019,Chipre,CYP,,Ingreso alto,86.06,1243151.0,1228836.0
2019,Colombia,COL,América Latina y el Caribe (excluido altos ingresos),Ingreso mediano alto,65.01,66283175.0,50187406.0
2019,Comoras,COM,África al sur del Sahara (excluido altos ingresos),Países de ingreso mediano bajo,,575218.0,790986.0
2019,"Congo, República Democrática del",COD,África al sur del Sahara (excluido altos ingresos),Países de ingreso bajo,12.5,37123208.0,89906890.0
2019,"Congo, República del",COG,África al sur del Sahara (excluido altos ingresos),Países de ingreso mediano bajo,,4945000.0,5570733.0
2019,"Corea, República Popular Democrática de",PRK,Asia oriental y el Pacífico (excluido altos ingresos),Países de ingreso bajo,,4253000.0,25755441.0
2019,"Corea, República de",KOR,,Ingreso alto,96.16,68892541.0,51764822.0
2019,Costa Rica,CRI,América Latina y el Caribe (excluido altos ingresos),Ingreso mediano alto,81.2,8550243.0,5084532.0
2019,Croacia,HRV,,Ingreso alto,79.08,4404652.0,4065253.0
2019,Cuba,CUB,América Latina y el Caribe (excluido altos ingresos),Ingreso mediano alto,67.97,6042629.0,11316697.0
2019,Curacao,CUW,,Ingreso alto,,184236.0,157441.0
2019,Côte d'Ivoire,CIV,África al sur del Sahara (excluido altos ingresos),Países de ingreso mediano bajo,36.29,37376603.0,26147551.0
2019,Dinamarca,DNK,,Ingreso alto,98.05,7243465.0,5814422.0
2019,Djibouti,DJI,Oriente Medio y Norte de África (excluido altos ingresos),Países de ingreso mediano bajo,59.0,413866.0,1073994.0
2019,Dominica,DMA,América Latina y el Caribe (excluido altos ingresos),Ingreso mediano alto,,78132.0,71428.0
2019,Ecuador,ECU,América Latina y el Caribe (excluido altos ingresos),Ingreso mediano alto,59.2,15853100.0,17343740.0
2019,"Egipto, República Árabe de",EGY,Oriente Medio y Norte de África (excluido altos ingresos),Países de ingreso mediano bajo,57.28,95340262.0,105618671.0
2019,El Salvador,SLV,América Latina y el Caribe (excluido altos ingresos),Países de ingreso mediano bajo,50.49,10396786.0,6280217.0
2019,Emiratos Árabes Unidos,ARE,,Ingreso alto,99.15,19602815.0,9211657.0
2019,Eritrea,ERI,África al sur del Sahara (excluido altos ingresos),Países de ingreso bajo,,1311000.0,3498818.0
2019,Eslovenia,SVN,,Ingreso alto,83.11,2511979.0,2088385.0
2019,España,ESP,,Ingreso alto,90.72,55354944.0,47134837.0
2019,Estados Unidos,USA,,Ingreso alto,89.43,355763000.0,328329953.0
2019,Estonia,EST,,Ingreso alto,90.23,1951051.0,1326898.0
2019,Eswatini,SWZ,África al sur del Sahara (excluido altos ingresos),Países de ingreso mediano bajo,,1176000.0,1169613.0
2019,Etiopía,ETH,África al sur del Sahara (excluido altos ingresos),Países de ingreso bajo,22.0,41920000.0,114120594.0
2019,Federación de Rusia,RUS,Europa y Asia central (excluido altos ingresos),Ingreso mediano alto,82.64,239795946.0,144406261.0
2019,Fiji,FJI,Asia oriental y el Pacífico (excluido altos ingresos),Ingreso mediano alto,,1030000.0,918465.0
2019,Filipinas,PHL,Asia oriental y el Pacífico (excluido altos ingresos),Países de ingreso mediano bajo,43.03,167322432.0,110380804.0
2019,Finlandia,FIN,,Ingreso alto,89.61,7150000.0,5521606.0
2019,Francia,FRA,,Ingreso alto,83.34,72040000.0,67388001.0
2019,Gabón,GAB,África al sur del Sahara (excluido altos ingresos),Ingreso mediano alto,61.0,2992811.0,2242785.0
2019,Gambia,GMB,África al sur del Sahara (excluido altos ingresos),Países de ingreso bajo,34.5,2584714.0,2508883.0
2019,Georgia,GEO,Europa y Asia central (excluido altos ingresos),Ingreso mediano alto,68.85,5382059.0,3720161.0
2019,Ghana,GHA,África al sur del Sahara (excluido altos ingresos),Países de ingreso mediano bajo,22.07,40857077.0,31522290.0
2019,Gibraltar,GIB,,Ingreso alto,,40537.0,32685.0
2019,Granada,GRD,América Latina y el Caribe (excluido altos ingresos),Ingreso mediano alto,56.0,116184.0,122724.0
2019,Grecia,GRC,,Ingreso alto,75.67,11882081.0,10721582.0
2019,Groenlandia,GRL,,Ingreso alto,,61656.0,56225.0
2019,Guam,GUM,,Ingreso alto,,,168624.0
2019,Guatemala,GTM,América Latina y el Caribe (excluido altos ingresos),Ingreso mediano alto,44.4,20874130.0,16604026.0
2019,Guinea,GIN,África al sur del Sahara (excluido altos ingresos),Países de ingreso bajo,23.0,12873000.0,12877539.0
2019,Guinea Ecuatorial,GNQ,África al sur del Sahara (excluido altos ingresos),Ingreso mediano alto,,617000.0,1553031.0
2019,Guinea-Bissau,GNB,África al sur del Sahara (excluido altos ingresos),Países de ingreso bajo,19.4,1590381.0,1970457.0
2019,Guyana,GUY,América Latina y el Caribe (excluido altos ingresos),Ingreso mediano alto,,778000.0,798753.0
2019,Haití,HTI,América Latina y el Caribe (excluido altos ingresos),Países de ingreso mediano bajo,33.3,6843380.0,11160438.0
2019,Honduras,HND,América Latina y el Caribe (excluido altos ingresos),Países de ingreso mediano bajo,39.39,7559829.0,9958829.0
2019,"Hong Kong, Región Administrativa Especial",HKG,,Ingreso alto,91.74,21455736.0,7507900.0
2019,Hungría,HUN,,Ingreso alto,80.37,10272694.0,9771141.0
2019,India,IND,Asia meridional,Países de ingreso mediano bajo,29.4,1151480361.0,1383112050.0
2019,Indonesia,IDN,Asia oriental y el Pacífico (excluido altos ingresos),Países de ingreso mediano bajo,47.69,341277549.0,269582878.0
2019,Iraq,IRQ,Oriente Medio y Norte de África (excluido altos ingresos),Ingreso mediano alto,44.33,37224759.0,41563520.0
2019,Irlanda,IRL,,Ingreso alto,87.0,5160309.0,4934340.0
2019,"Irán, República Islámica del",IRN,Oriente Medio y Norte de África (excluido altos ingresos),Países de ingreso mediano bajo,72.45,118061419.0,86564202.0
2019,Isla de Man,IMN,,Ingreso alto,,,83933.0
2019,Isla de San Martín (parte francesa),MAF,,Ingreso alto,,,33121.0
2019,Islandia,ISL,,Ingreso alto,99.5,413446.0,360563.0
2019,Islas Caimán,CYM,,Ingreso alto,,99000.0,66134.0
2019,Islas Feroe,FRO,,Ingreso alto,,54959.0,51681.0
2019,Islas Marshall,MHL,Asia oriental y el Pacífico (excluido altos ingresos),Ingreso mediano alto,,16000.0,44728.0
2019,Islas Salomón,SLB,Asia oriental y el Pacífico (excluido altos ingresos),Países de ingreso mediano bajo,,478116.0,674993.0
2019,Islas Turcas y Caicos,TCA,,Ingreso alto,,,43080.0
2019,Islas Vírgenes (EE.UU.),VIR,,Ingreso alto,,80000.0,106669.0
2019,Islas Vírgenes Británicas,VGB,,Ingreso alto,,39534.0,30610.0
2019,Islas del Canal,CHI,,Ingreso alto,,,169410.0
2019,Israel,ISR,,Ingreso alto,86.79,11700000.0,9054000.0
2019,Italia,ITA,,Ingreso alto,67.85,79480756.0,59729081.0
2019,Jamaica,JAM,América Latina y el Caribe (excluido altos ingresos),Ingreso mediano alto,,3023873.0,2813773.0
2019,Japón,JPN,,Ingreso alto,92.73,186514109.0,126633000.0
2019,Jordania,JOR,Oriente Medio y Norte de África (excluido altos ingresos),Ingreso mediano alto,,7778770.0,10698683.0
2019,Kazajstán,KAZ,Europa y Asia central (excluido altos ingresos),Ingreso mediano alto,81.88,25717700.0,18513673.0
2019,Kenya,KEN,África al sur del Sahara (excluido altos ingresos),Países de ingreso mediano bajo,22.67,54555497.0,50951450.0
2019,Kirguistán,KGZ,Europa y Asia central (excluido altos ingresos),Países de ingreso mediano bajo,64.1,8622565.0,6456200.0
2019,Kiribati,KIR,Asia oriental y el Pacífico (excluido altos ingresos),Países de ingreso mediano bajo,36.9,54658.0,124241.0
2019,Kosovo,XKX,Europa y Asia central (excluido altos ingresos),Ingreso mediano alto,,,1788878.0
2019,Kuwait,KWT,,Ingreso alto,99.54,7327028.0,4441100.0
2019,Lesotho,LSO,África al sur del Sahara (excluido altos ingresos),Países de ingreso mediano bajo,42.3,1681633.0,2225702.0
2019,Letonia,LVA,,Ingreso alto,86.14,2071652.0,1913822.0
2019,Liberia,LBR,África al sur del Sahara (excluido altos ingresos),Países de ingreso bajo,22.0,1937000.0,4985289.0
2019,Libia,LBY,Oriente Medio y Norte de África (excluido altos ingresos),Ingreso mediano alto,,3718000.0,6569088.0
2019,Liechtenstein,LIE,,Ingreso alto,,47748.0,38482.0
2019,Lituania,LTU,,Ingreso alto,81.58,3704258.0,2794137.0
2019,Luxemburgo,LUX,,Ingreso alto,97.12,835900.0,620001.0
2019,Líbano,LBN,Oriente Medio y Norte de África (excluido altos ingresos),Países de ingreso mediano bajo,80.9,4237962.0,5781907.0
2019,Macedonia del Norte,MKD,Europa y Asia central (excluido altos ingresos),Ingreso mediano alto,81.41,1921013.0,2076694.0
2019,Madagascar,MDG,África al sur del Sahara (excluido altos ingresos),Países de ingreso bajo,,13003000.0,27533134.0
2019,Malasia,MYS,Asia oriental y el Pacífico (excluido altos ingresos),Ingreso mediano alto,84.19,44600700.0,32804020.0
2019,Malawi,MWI,África al sur del Sahara (excluido altos ingresos),Países de ingreso bajo,9.9,8901027.0,18867337.0
2019,Maldivas,MDV,Asia meridional,Ingreso mediano alto,62.5,828042.0,504508.0
2019,Malta,MLT,,Ingreso alto,85.78,634386.0,504062.0
2019,Malí,MLI,África al sur del Sahara (excluido altos ingresos),Países de ingreso bajo,24.2,22925482.0,20567424.0
2019,Mariana,MNP,,Ingreso alto,,,49858.0
2019,Marruecos,MAR,Oriente Medio y Norte de África (excluido altos ingresos),Países de ingreso mediano bajo,84.12,46666722.0,36304408.0
2019,Mauricio,MUS,África al sur del Sahara (excluido altos ingresos),Ingreso mediano alto,61.73,1866600.0,1265711.0
2019,Mauritania,MRT,África al sur del Sahara (excluido altos ingresos),Países de ingreso mediano bajo,36.7,4710800.0,4383849.0
2019,Micronesia (Estados Federados de),FSM,Asia oriental y el Pacífico (excluido altos ingresos),Países de ingreso mediano bajo,,23000.0,111379.0
2019,Mongolia,MNG,Asia oriental y el Pacífico (excluido altos ingresos),Países de ingreso mediano bajo,51.08,4418919.0,3232430.0
2019,Montenegro,MNE,Europa y Asia central (excluido altos ingresos),Ingreso mediano alto,73.48,1150998.0,622028.0
2019,Mozambique,MOZ,África al sur del Sahara (excluido altos ingresos),Países de ingreso bajo,15.1,14773364.0,30285595.0
2019,Myanmar,MMR,Asia oriental y el Pacífico (excluido altos ingresos),Países de ingreso mediano bajo,34.9,81945491.0,53040212.0
2019,México,MEX,América Latina y el Caribe (excluido altos ingresos),Ingreso mediano alto,70.07,122035192.0,125085311.0
2019,Mónaco,MCO,,Ingreso alto,,33783.0,37034.0
2019,Namibia,NAM,África al sur del Sahara (excluido altos ingresos),Ingreso mediano alto,40.5,2823655.0,2446644.0
2019,Nauru,NRU,,Ingreso alto,,10000.0,12132.0
2019,Nepal,NPL,Asia meridional,Países de ingreso mediano bajo,32.8,38696000.0,28832496.0
2019,Nicaragua,NIC,América Latina y el Caribe (excluido altos ingresos),Países de ingreso mediano bajo,37.8,5788432.0,6663924.0
2019,Nigeria,NGA,África al sur del Sahara (excluido altos ingresos),Países de ingreso mediano bajo,33.6,184592255.0,203304492.0
2019,Noruega,NOR,,Ingreso alto,98.0,5775830.0,5347896.0
2019,Nueva Caledonia,NCL,,Ingreso alto,,260000.0,271230.0
2019,Nueva Zelandia,NZL,,Ingreso alto,90.2,6011000.0,4979200.0
2019,Níger,NER,África al sur del Sahara (excluido altos ingresos),Países de ingreso bajo,,12119000.0,23443393.0
2019,Omán,OMN,,Ingreso alto,90.3,6383458.0,4602768.0
2019,Pakistán,PAK,Asia meridional,Países de ingreso mediano bajo,17.07,165405847.0,223293280.0
2019,Palau,PLW,Asia oriental y el Pacífico (excluido altos ingresos),Ingreso mediano alto,,24000.0,17916.0
2019,Panamá,PAN,,Ingreso alto,63.63,5825677.0,4232532.0
2019,Papua Nueva Guinea,PNG,Asia oriental y el Pacífico (excluido altos ingresos),Países de ingreso mediano bajo,,4535000.0,9542486.0
2019,Paraguay,PRY,América Latina y el Caribe (excluido altos ingresos),Ingreso mediano alto,68.52,7761848.0,6530026.0
2019,Países Bajos,NLD,,Ingreso alto,93.29,21762000.0,17344874.0
2019,Perú,PER,América Latina y el Caribe (excluido altos ingresos),Ingreso mediano alto,59.95,39844613.0,32824861.0
2019,Polinesia Francesa,PYF,,Ingreso alto,,318000.0,299717.0
2019,Polonia,POL,,Ingreso alto,80.44,48392944.0,37965475.0
2019,Portugal,PRT,,Ingreso alto,75.35,11909751.0,10286263.0
2019,Puerto Rico,PRI,,Ingreso alto,77.74,3371969.0,3193694.0
2019,Qatar,QAT,,Ingreso alto,99.65,3917571.0,2807235.0
2019,"Región Administrativa Especial de Macao, China",MAC,,Ingreso alto,86.47,2793000.0,663653.0
2019,Reino Unido,GBR,,Ingreso alto,92.52,80701000.0,66836327.0
2019,República Centroafricana,CAF,África al sur del Sahara (excluido altos ingresos),Países de ingreso bajo,8.3,1595294.0,5209324.0
2019,República Checa,CZE,,Ingreso alto,80.87,13101360.0,10671870.0
2019,República Democrática Popular Lao,LAO,Asia oriental y el Pacífico (excluido altos ingresos),Países de ingreso mediano bajo,30.84,4636926.0,7212053.0
2019,República Dominicana,DOM,América Latina y el Caribe (excluido altos ingresos),Ingreso mediano alto,75.8,8948107.0,10881882.0
2019,República Eslovaca,SVK,,Ingreso alto,82.85,7399534.0,5454147.0
2019,República de Moldova,MDA,Europa y Asia central (excluido altos ingresos),Ingreso mediano alto,,3613846.0,2664224.0
2019,República Árabe Siria,SYR,Oriente Medio y Norte de África (excluido altos ingresos),Países de ingreso bajo,34.65,17733979.0,20098251.0
2019,Ribera Occidental y Gaza,PSE,Oriente Medio y Norte de África (excluido altos ingresos),Países de ingreso mediano bajo,70.62,4300230.0,4685306.0
2019,Rumania,ROU,,Ingreso alto,73.66,22671000.0,19371648.0
2019,Rwanda,RWA,África al sur del Sahara (excluido altos ingresos),Países de ingreso bajo,26.0,9658548.0,12835028.0
2019,Saint Kitts y Nevis,KNA,,Ingreso alto,,65224.0,47712.0
2019,Samoa,WSM,Asia oriental y el Pacífico (excluido altos ingresos),Países de ingreso mediano bajo,,84000.0,211905.0
2019,Samoa Americana,ASM,Asia oriental y el Pacífico (excluido altos ingresos),Ingreso mediano alto,,,47321.0
2019,San Marino,SMR,,Ingreso alto,,38750.0,34178.0
2019,San Vicente y las Granadinas,VCT,América Latina y el Caribe (excluido altos ingresos),Ingreso mediano alto,,96373.0,104924.0
2019,Santa Lucía,LCA,América Latina y el Caribe (excluido altos ingresos),Ingreso mediano alto,50.7,147790.0,178583.0
2019,Santo Tomé y Príncipe,STP,África al sur del Sahara (excluido altos ingresos),Países de ingreso mediano bajo,32.0,165761.0,214599.0
2019,Senegal,SEN,África al sur del Sahara (excluido altos ingresos),Países de ingreso mediano bajo,39.5,17880594.0,16000781.0
2019,Serbia,SRB,Europa y Asia central (excluido altos ingresos),Ingreso mediano alto,77.42,8453887.0,6945235.0
2019,Seychelles,SYC,,Ingreso alto,75.0,193672.0,97625.0
2019,Sierra Leona,SLE,África al sur del Sahara (excluido altos ingresos),Países de ingreso bajo,16.8,6729804.0,8046828.0
2019,Singapur,SGP,,Ingreso alto,88.95,9034300.0,5703569.0
2019,Sint Maarten (Dutch part),SXM,,Ingreso alto,,,41608.0
2019,Somalia,SOM,África al sur del Sahara (excluido altos ingresos),Países de ingreso bajo,,8227000.0,15981300.0
2019,Sri Lanka,LKA,Asia meridional,Países de ingreso mediano bajo,29.0,28352587.0,21803000.0
2019,Sudáfrica,ZAF,África al sur del Sahara (excluido altos ingresos),Ingreso mediano alto,68.2,96972459.0,58087055.0
2019,Sudán,SDN,África al sur del Sahara (excluido altos ingresos),Países de ingreso bajo,25.9,33014160.0,43232093.0
2019,Sudán del Sur,SSD,África al sur del Sahara (excluido altos ingresos),Países de ingreso bajo,5.6,2221967.0,10447666.0
2019,Suecia,SWE,,Ingreso alto,94.49,12895854.0,10278887.0
2019,Suiza,CHE,,Ingreso alto,93.15,10886648.0,8575280.0
2019,Suriname,SUR,América Latina y el Caribe (excluido altos ingresos),Ingreso mediano alto,68.75,813844.0,600301.0
2019,Tailandia,THA,Asia oriental y el Pacífico (excluido altos ingresos),Ingreso mediano alto,66.65,129614000.0,71307763.0
2019,Tanzanía,TZA,África al sur del Sahara (excluido altos ingresos),Países de ingreso mediano bajo,20.0,47685232.0,59872579.0
2019,Tayikistán,TJK,Europa y Asia central (excluido altos ingresos),Países de ingreso mediano bajo,,10995000.0,9337003.0
2019,Timor-Leste,TLS,Asia oriental y el Pacífico (excluido altos ingresos),Países de ingreso mediano bajo,29.0,1425256.0,1280438.0
2019,Togo,TGO,África al sur del Sahara (excluido altos ingresos),Países de ingreso bajo,19.3,6239183.0,8243094.0
2019,Tonga,TON,Asia oriental y el Pacífico (excluido altos ingresos),Ingreso mediano alto,,62104.0,104951.0
2019,Trinidad y Tobago,TTO,,Ingreso alto,,2163725.0,1519955.0
2019,Turkmenistán,TKM,Europa y Asia central (excluido altos ingresos),Ingreso mediano alto,,9377000.0,6158420.0
2019,Turquía,TUR,Europa y Asia central (excluido altos ingresos),Ingreso mediano alto,73.98,80790877.0,83481684.0
2019,Tuvalu,TUV,Asia oriental y el Pacífico (excluido altos ingresos),Ingreso mediano alto,,9000.0,10956.0
2019,Túnez,TUN,Oriente Medio y Norte de África (excluido altos ingresos),Países de ingreso mediano bajo,66.7,14771048.0,12049314.0
2019,Ucrania,UKR,Europa y Asia central (excluido altos ingresos),Países de ingreso mediano bajo,70.12,54842940.0,44386203.0
2019,Uganda,UGA,África al sur del Sahara (excluido altos ingresos),Países de ingreso bajo,14.7,25395503.0,42949080.0
2019,Uruguay,URY,,Ingreso alto,83.35,4526326.0,3428409.0
2019,Uzbekistán,UZB,Europa y Asia central (excluido altos ingresos),Países de ingreso mediano bajo,70.4,33380000.0,33580350.0
2019,Vanuatu,VUT,Asia oriental y el Pacífico (excluido altos ingresos),Países de ingreso mediano bajo,,265219.0,304404.0
2019,Venezuela,VEN,,No clasificado,,18476236.0,28971683.0
2019,Viet Nam,VNM,Asia oriental y el Pacífico (excluido altos ingresos),Países de ingreso mediano bajo,68.66,136230406.0,95776716.0
2019,"Yemen, Rep. del",YEM,Oriente Medio y Norte de África (excluido altos ingresos),Países de ingreso bajo,,15238000.0,31546691.0
2019,Zambia,ZMB,África al sur del Sahara (excluido altos ingresos),Países de ingreso bajo,16.8,17220607.0,18380477.0
2019,Zimbabwe,ZWE,África al sur del Sahara (excluido altos ingresos),Países de ingreso mediano bajo,25.1,13195902.0,15354608.0
2020,Afganistán,AFG,Asia meridional,Países de ingreso bajo,18.4,22678024.0,38972230.0
2020,Albania,ALB,Europa y Asia central (excluido altos ingresos),Ingreso mediano alto,72.24,2618880.0,2837849.0
2020,Alemania,DEU,,Ingreso alto,89.81,107400000.0,83160871.0
2020,Andorra,AND,,Ingreso alto,,94000.0,77700.0
2020,Angola,AGO,África al sur del Sahara (excluido altos ingresos),Países de ingreso mediano bajo,36.0,14645050.0,33428486.0
2020,Antigua y Barbuda,ATG,,Ingreso alto,,184000.0,92664.0
2020,Arabia Saudita,SAU,,Ingreso alto,97.86,43215439.0,35997107.0
2020,Argelia,DZA,Oriente Medio y Norte de África (excluido altos ingresos),Países de ingreso mediano bajo,62.9,45555673.0,43451666.0
2020,Argentina,ARG,América Latina y el Caribe (excluido altos ingresos),Ingreso mediano alto,85.5,202008855.0,45376763.0
2020,Armenia,ARM,Europa y Asia central (excluido altos ingresos),Ingreso mediano alto,76.51,3488797.0,2805608.0
2020,Aruba,ABW,,Ingreso alto,,141000.0,106585.0
2020,Australia,AUS,,Ingreso alto,89.6,27452000.0,25655289.0
2020,Austria,AUT,,Ingreso alto,87.53,10717445.0,8916864.0
2020,Azerbaiyán,AZE,Europa y Asia central (excluido altos ingresos),Ingreso mediano alto,84.6,10344300.0,10093121.0
2020,Bahamas,BHS,,Ingreso alto,87.0,466000.0,406471.0
2020,Bahrein,BHR,,Ingreso alto,99.67,1770966.0,1477469.0
2020,Bangladesh,BGD,Asia meridional,Países de ingreso mediano bajo,24.8,176279465.0,167420951.0
2020,Barbados,BRB,,Ingreso alto,,295000.0,280693.0
2020,Belarús,BLR,Europa y Asia central (excluido altos ingresos),Ingreso mediano alto,85.09,11704084.0,9379952.0
2020,Belice,BLZ,América Latina y el Caribe (excluido altos ingresos),Ingreso mediano alto,,264000.0,394921.0
2020,Benin,BEN,África al sur del Sahara (excluido altos ingresos),Países de ingreso mediano bajo,25.8,11140891.0,12643123.0
2020,Bermudas,BMU,,Ingreso alto,,68000.0,63893.0
2020,Bhután,BTN,Asia meridional,Países de ingreso mediano bajo,53.5,745137.0,772506.0
2020,Bolivia,BOL,América Latina y el Caribe (excluido altos ingresos),Países de ingreso mediano bajo,59.94,11804343.0,11936162.0
2020,Bosnia y Herzegovina,BIH,Europa y Asia central (excluido altos ingresos),Ingreso mediano alto,73.21,3509674.0,3318407.0
2020,Botswana,BWA,África al sur del Sahara (excluido altos ingresos),Ingreso mediano alto,64.0,3829408.0,2546402.0
2020,Brasil,BRA,América Latina y el Caribe (excluido altos ingresos),Ingreso mediano alto,81.34,205834781.0,213196304.0
2020,Brunei Darussalam,BRN,,Ingreso alto,95.0,536589.0,441725.0
2020,Bulgaria,BGR,Europa y Asia central (excluido altos ingresos),Ingreso mediano alto,70.16,7945739.0,6934015.0
2020,Burkina Faso,BFA,África al sur del Sahara (excluido altos ingresos),Países de ingreso bajo,22.0,22117218.0,21522626.0
2020,Burundi,BDI,África al sur del Sahara (excluido altos ingresos),Países de ingreso bajo,9.4,6631151.0,12220227.0
2020,Bélgica,BEL,,Ingreso alto,91.53,11529728.0,11538604.0
2020,Cabo Verde,CPV,África al sur del Sahara (excluido altos ingresos),Países de ingreso mediano bajo,64.5,544729.0,582640.0
2020,Camboya,KHM,Asia oriental y el Pacífico (excluido altos ingresos),Países de ingreso mediano bajo,,21086791.0,16396860.0
2020,Camerún,CMR,África al sur del Sahara (excluido altos ingresos),Países de ingreso mediano bajo,37.8,22350310.0,26491087.0
2020,Canadá,CAN,,Ingreso alto,92.3,32360144.0,38037204.0
2020,Chad,TCD,África al sur del Sahara (excluido altos ingresos),Países de ingreso bajo,10.4,8687151.0,16644701.0
2020,Chile,CHL,,Ingreso alto,88.3,25068249.0,19300315.0
2020,China,CHN,Asia oriental y el Pacífico (excluido altos ingresos),Ingreso mediano alto,70.05,1718411000.0,1411100000.0
2020,Chipre,CYP,,Ingreso alto,90.8,1239960.0,1237537.0
2020,Colombia,COL,América Latina y el Caribe (excluido altos ingresos),Ingreso mediano alto,69.79,67672570.0,50930662.0
2020,Comoras,COM,África al sur del Sahara (excluido altos ingresos),Países de ingreso mediano bajo,,781579.0,806166.0
2020,"Congo, República Democrática del",COD,África al sur del Sahara (excluido altos ingresos),Países de ingreso bajo,13.6,40798396.0,92853164.0
2020,"Congo, República del",COG,África al sur del Sahara (excluido altos ingresos),Países de ingreso mediano bajo,,4890000.0,5702174.0
2020,"Corea, República Popular Democrática de",PRK,Asia oriental y el Pacífico (excluido altos ingresos),Países de ingreso bajo,,6000000.0,25867467.0
2020,"Corea, República de",KOR,,Ingreso alto,96.51,70513676.0,51836239.0
2020,Costa Rica,CRI,América Latina y el Caribe (excluido altos ingresos),Ingreso mediano alto,80.53,7512370.0,5123105.0
2020,Croacia,HRV,,Ingreso alto,78.32,4375699.0,4047680.0
2020,Cuba,CUB,América Latina y el Caribe (excluido altos ingresos),Ingreso mediano alto,74.0,6661763.0,11300698.0
2020,Curacao,CUW,,Ingreso alto,,182000.0,154947.0
2020,Côte d'Ivoire,CIV,África al sur del Sahara (excluido altos ingresos),Países de ingreso mediano bajo,,40095246.0,26811790.0
2020,Dinamarca,DNK,,Ingreso alto,96.55,7252675.0,5831404.0
2020,Djibouti,DJI,Oriente Medio y Norte de África (excluido altos ingresos),Países de ingreso mediano bajo,59.0,434035.0,1090156.0
2020,Dominica,DMA,América Latina y el Caribe (excluido altos ingresos),Ingreso mediano alto,,76000.0,71995.0
2020,Ecuador,ECU,América Latina y el Caribe (excluido altos ingresos),Ingreso mediano alto,70.7,15485366.0,17588595.0
2020,"Egipto, República Árabe de",EGY,Oriente Medio y Norte de África (excluido altos ingresos),Países de ingreso mediano bajo,71.91,95357427.0,107465134.0
2020,El Salvador,SLV,América Latina y el Caribe (excluido altos ingresos),Países de ingreso mediano bajo,54.6,9949000.0,6292731.0
2020,Emiratos Árabes Unidos,ARE,,Ingreso alto,100.0,18374332.0,9287289.0
2020,Eritrea,ERI,África al sur del Sahara (excluido altos ingresos),Países de ingreso bajo,,1801000.0,3555868.0
2020,Eslovenia,SVN,,Ingreso alto,86.6,2550895.0,2102419.0
2020,España,ESP,,Ingreso alto,93.21,55647705.0,47365655.0
2020,Estados Unidos,USA,,Ingreso alto,90.9,352522000.0,331501080.0
2020,Estonia,EST,,Ingreso alto,89.06,1925789.0,1329522.0
2020,Eswatini,SWZ,África al sur del Sahara (excluido altos ingresos),Países de ingreso mediano bajo,,1243000.0,1180655.0
2020,Etiopía,ETH,África al sur del Sahara (excluido altos ingresos),Países de ingreso bajo,24.0,44500000.0,117190911.0
2020,Federación de Rusia,RUS,Europa y Asia central (excluido altos ingresos),Ingreso mediano alto,84.99,238733217.0,144073139.0
2020,Fiji,FJI,Asia oriental y el Pacífico (excluido altos ingresos),Ingreso mediano alto,,991500.0,920422.0
2020,Filipinas,PHL,Asia oriental y el Pacífico (excluido altos ingresos),Países de ingreso mediano bajo,49.8,149579406.0,112190977.0
2020,Finlandia,FIN,,Ingreso alto,92.17,7120000.0,5529543.0
2020,Francia,FRA,,Ingreso alto,84.8,72751000.0,67571107.0
2020,Gabón,GAB,África al sur del Sahara (excluido altos ingresos),Ingreso mediano alto,62.0,3049530.0,2292573.0
2020,Gambia,GMB,África al sur del Sahara (excluido altos ingresos),Países de ingreso bajo,36.5,2677954.0,2573995.0
2020,Georgia,GEO,Europa y Asia central (excluido altos ingresos),Ingreso mediano alto,72.53,5100101.0,3722716.0
2020,Ghana,GHA,África al sur del Sahara (excluido altos ingresos),Países de ingreso mediano bajo,58.0,40461609.0,32180401.0
2020,Gibraltar,GIB,,Ingreso alto,,35438.0,32709.0
2020,Granada,GRD,América Latina y el Caribe (excluido altos ingresos),Ingreso mediano alto,56.9,122000.0,123663.0
2020,Grecia,GRC,,Ingreso alto,78.12,11412995.0,10698599.0
2020,Groenlandia,GRL,,Ingreso alto,,65958.0,56367.0
2020,Guam,GUM,,Ingreso alto,,,169231.0
2020,Guatemala,GTM,América Latina y el Caribe (excluido altos ingresos),Ingreso mediano alto,49.97,20390671.0,16858333.0
2020,Guinea,GIN,África al sur del Sahara (excluido altos ingresos),Países de ingreso bajo,26.0,13795000.0,13205153.0
2020,Guinea Ecuatorial,GNQ,África al sur del Sahara (excluido altos ingresos),Ingreso mediano alto,,645000.0,1596049.0
2020,Guinea-Bissau,GNB,África al sur del Sahara (excluido altos ingresos),Países de ingreso bajo,22.9,1913858.0,2015828.0
2020,Guyana,GUY,América Latina y el Caribe (excluido altos ingresos),Ingreso mediano alto,,856000.0,797202.0
2020,Haití,HTI,América Latina y el Caribe (excluido altos ingresos),Países de ingreso mediano bajo,34.5,7319000.0,11306801.0
2020,Honduras,HND,América Latina y el Caribe (excluido altos ingresos),Países de ingreso mediano bajo,42.05,6960654.0,10121763.0
2020,"Hong Kong, Región Administrativa Especial",HKG,,Ingreso alto,92.41,21865215.0,7481000.0
2020,Hungría,HUN,,Ingreso alto,84.77,10332660.0,9750149.0
2020,India,IND,Asia meridional,Países de ingreso mediano bajo,43.0,1153709832.0,1396387127.0
2020,Indonesia,IDN,Asia oriental y el Pacífico (excluido altos ingresos),Países de ingreso mediano bajo,53.73,355620388.0,271857970.0
2020,Iraq,IRQ,Oriente Medio y Norte de África (excluido altos ingresos),Ingreso mediano alto,,37475325.0,42556984.0
2020,Irlanda,IRL,,Ingreso alto,92.0,5234009.0,4985382.0
2020,"Irán, República Islámica del",IRN,Oriente Medio y Norte de África (excluido altos ingresos),Países de ingreso mediano bajo,75.57,127624951.0,87290193.0
2020,Isla de Man,IMN,,Ingreso alto,,,84046.0
2020,Isla de San Martín (parte francesa),MAF,,Ingreso alto,,,32553.0
2020,Islandia,ISL,,Ingreso alto,99.0,421384.0,366463.0
2020,Islas Caimán,CYM,,Ingreso alto,,100000.0,67311.0
2020,Islas Feroe,FRO,,Ingreso alto,,59213.0,52415.0
2020,Islas Marshall,MHL,Asia oriental y el Pacífico (excluido altos ingresos),Ingreso mediano alto,,16000.0,43413.0
2020,Islas Salomón,SLB,Asia oriental y el Pacífico (excluido altos ingresos),Países de ingreso mediano bajo,,474000.0,691191.0
2020,Islas Turcas y Caicos,TCA,,Ingreso alto,,,44276.0
2020,Islas Vírgenes (EE.UU.),VIR,,Ingreso alto,,80000.0,106290.0
2020,Islas Vírgenes Británicas,VGB,,Ingreso alto,,35163.0,30910.0
2020,Islas del Canal,CHI,,Ingreso alto,,,171113.0
2020,Israel,ISR,,Ingreso alto,90.13,12270000.0,9215100.0
2020,Italia,ITA,,Ingreso alto,70.48,77581048.0,59438851.0
2020,Jamaica,JAM,América Latina y el Caribe (excluido altos ingresos),Ingreso mediano alto,,2873259.0,2820436.0
2020,Japón,JPN,,Ingreso alto,90.22,195054893.0,126261000.0
2020,Jordania,JOR,Oriente Medio y Norte de África (excluido altos ingresos),Ingreso mediano alto,,6987891.0,10928721.0
2020,Kazajstán,KAZ,Europa y Asia central (excluido altos ingresos),Ingreso mediano alto,85.94,24293900.0,18755666.0
2020,Kenya,KEN,África al sur del Sahara (excluido altos ingresos),Países de ingreso mediano bajo,29.5,61408904.0,51985780.0
2020,Kirguistán,KGZ,Europa y Asia central (excluido altos ingresos),Países de ingreso mediano bajo,72.0,8511000.0,6579900.0
2020,Kiribati,KIR,Asia oriental y el Pacífico (excluido altos ingresos),Países de ingreso mediano bajo,38.0,54661.0,126463.0
2020,Kosovo,XKX,Europa y Asia central (excluido altos ingresos),Ingreso mediano alto,,,1790133.0
2020,Kuwait,KWT,,Ingreso alto,99.11,6770346.0,4360444.0
2020,Lesotho,LSO,África al sur del Sahara (excluido altos ingresos),Países de ingreso mediano bajo,43.0,1562648.0,2254100.0
2020,Letonia,LVA,,Ingreso alto,88.9,2051359.0,1900449.0
2020,Liberia,LBR,África al sur del Sahara (excluido altos ingresos),Países de ingreso bajo,25.6,1653000.0,5087584.0
2020,Libia,LBY,Oriente Medio y Norte de África (excluido altos ingresos),Ingreso mediano alto,,2922000.0,6653942.0
2020,Liechtenstein,LIE,,Ingreso alto,,48887.0,38756.0
2020,Lituania,LTU,,Ingreso alto,83.06,3671995.0,2794885.0
2020,Luxemburgo,LUX,,Ingreso alto,98.82,890000.0,630419.0
2020,Líbano,LBN,Oriente Medio y Norte de África (excluido altos ingresos),Países de ingreso mediano bajo,84.1,4288221.0,5662923.0
2020,Macedonia del Norte,MKD,Europa y Asia central (excluido altos ingresos),Ingreso mediano alto,81.41,1862138.0,2072531.0
2020,Madagascar,MDG,África al sur del Sahara (excluido altos ingresos),Países de ingreso bajo,,15869000.0,28225177.0
2020,Malasia,MYS,Asia oriental y el Pacífico (excluido altos ingresos),Ingreso mediano alto,89.56,43723600.0,33199993.0
2020,Malawi,MWI,África al sur del Sahara (excluido altos ingresos),Países de ingreso bajo,,10004680.0,19377061.0
2020,Maldivas,MDV,Asia meridional,Ingreso mediano alto,62.93,717708.0,514438.0
2020,Malta,MLT,,Ingreso alto,86.86,633123.0,515332.0
2020,Malí,MLI,África al sur del Sahara (excluido altos ingresos),Países de ingreso bajo,27.4,25315598.0,21224040.0
2020,Mariana,MNP,,Ingreso alto,,,49587.0
2020,Marruecos,MAR,Oriente Medio y Norte de África (excluido altos ingresos),Países de ingreso mediano bajo,84.12,49421023.0,36688772.0
2020,Mauricio,MUS,África al sur del Sahara (excluido altos ingresos),Ingreso mediano alto,64.88,1912900.0,1265740.0
2020,Mauritania,MRT,África al sur del Sahara (excluido altos ingresos),Países de ingreso mediano bajo,40.8,4932571.0,4498604.0
2020,Micronesia (Estados Federados de),FSM,Asia oriental y el Pacífico (excluido altos ingresos),Países de ingreso mediano bajo,,22000.0,112106.0
2020,Mongolia,MNG,Asia oriental y el Pacífico (excluido altos ingresos),Países de ingreso mediano bajo,62.5,4363919.0,3294335.0
2020,Montenegro,MNE,Europa y Asia central (excluido altos ingresos),Ingreso mediano alto,77.61,1080089.0,621306.0
2020,Mozambique,MOZ,África al sur del Sahara (excluido altos ingresos),Países de ingreso bajo,16.5,15463226.0,31178239.0
2020,Myanmar,MMR,Asia oriental y el Pacífico (excluido altos ingresos),Países de ingreso mediano bajo,35.1,78548329.0,53423198.0
2020,México,MEX,América Latina y el Caribe (excluido altos ingresos),Ingreso mediano alto,71.97,122898392.0,125998302.0
2020,Mónaco,MCO,,Ingreso alto,,35485.0,36922.0
2020,Namibia,NAM,África al sur del Sahara (excluido altos ingresos),Ingreso mediano alto,41.0,2898125.0,2489098.0
2020,Nauru,NRU,,Ingreso alto,,10000.0,12315.0
2020,Nepal,NPL,Asia meridional,Países de ingreso mediano bajo,37.7,38213000.0,29348627.0
2020,Nicaragua,NIC,América Latina y el Caribe (excluido altos ingresos),Países de ingreso mediano bajo,45.2,5962186.0,6755895.0
2020,Nigeria,NGA,África al sur del Sahara (excluido altos ingresos),Países de ingreso mediano bajo,35.5,204228678.0,208327405.0
2020,Noruega,NOR,,Ingreso alto,97.0,5825584.0,5379475.0
2020,Nueva Caledonia,NCL,,Ingreso alto,,260000.0,271130.0
2020,Nueva Zelandia,NZL,,Ingreso alto,91.5,6236000.0,5090200.0
2020,Níger,NER,África al sur del Sahara (excluido altos ingresos),Países de ingreso bajo,,14239000.0,24333639.0
2020,Omán,OMN,,Ingreso alto,95.23,6276535.0,4543399.0
2020,Pakistán,PAK,Asia meridional,Países de ingreso mediano bajo,25.0,175624364.0,227196741.0
2020,Palau,PLW,Asia oriental y el Pacífico (excluido altos ingresos),Ingreso mediano alto,,24000.0,17972.0
2020,Panamá,PAN,,Ingreso alto,64.25,6108584.0,4294396.0
2020,Papua Nueva Guinea,PNG,Asia oriental y el Pacífico (excluido altos ingresos),Países de ingreso mediano bajo,,4818000.0,9749640.0
2020,Paraguay,PRY,América Latina y el Caribe (excluido altos ingresos),Ingreso mediano alto,73.96,7865050.0,6618695.0
2020,Países Bajos,NLD,,Ingreso alto,91.33,21415000.0,17441500.0
2020,Perú,PER,América Latina y el Caribe (excluido altos ingresos),Ingreso mediano alto,65.25,39358383.0,33304756.0
2020,Polinesia Francesa,PYF,,Ingreso alto,,335000.0,301920.0
2020,Polonia,POL,,Ingreso alto,83.18,49350724.0,37899070.0
2020,Portugal,PRT,,Ingreso alto,78.26,11851054.0,10297081.0
2020,Puerto Rico,PRI,,Ingreso alto,,3494700.0,3281538.0
2020,Qatar,QAT,,Ingreso alto,99.65,3798514.0,2760385.0
2020,"Región Administrativa Especial de Macao, China",MAC,,Ingreso alto,88.1,2793000.0,676283.0
2020,Reino Unido,GBR,,Ingreso alto,94.82,79007000.0,67081000.0
2020,República Centroafricana,CAF,África al sur del Sahara (excluido altos ingresos),Países de ingreso bajo,10.4,1831000.0,5343020.0
2020,República Checa,CZE,,Ingreso alto,81.34,12999812.0,10697858.0
2020,República Democrática Popular Lao,LAO,Asia oriental y el Pacífico (excluido altos ingresos),Países de ingreso mediano bajo,54.0,4636690.0,7319399.0
2020,República Dominicana,DOM,América Latina y el Caribe (excluido altos ingresos),Ingreso mediano alto,76.9,8989587.0,10999664.0
2020,República Eslovaca,SVK,,Ingreso alto,89.92,7289707.0,5458827.0
2020,República de Moldova,MDA,Europa y Asia central (excluido altos ingresos),Ingreso mediano alto,,3420383.0,2635130.0
2020,República Árabe Siria,SYR,Oriente Medio y Norte de África (excluido altos ingresos),Países de ingreso bajo,35.78,16660253.0,20772595.0
2020,Ribera Occidental y Gaza,PSE,Oriente Medio y Norte de África (excluido altos ingresos),Países de ingreso mediano bajo,74.6,4062334.0,4803269.0
2020,Rumania,ROU,,Ingreso alto,78.46,22588000.0,19265250.0
2020,Rwanda,RWA,África al sur del Sahara (excluido altos ingresos),Países de ingreso bajo,23.8,10614408.0,13146362.0
2020,Saint Kitts y Nevis,KNA,,Ingreso alto,,78000.0,47642.0
2020,Samoa,WSM,Asia oriental y el Pacífico (excluido altos ingresos),Países de ingreso mediano bajo,,69000.0,214929.0
2020,Samoa Americana,ASM,Asia oriental y el Pacífico (excluido altos ingresos),Ingreso mediano alto,,,46189.0
2020,San Marino,SMR,,Ingreso alto,,39000.0,34007.0
2020,San Vicente y las Granadinas,VCT,América Latina y el Caribe (excluido altos ingresos),Ingreso mediano alto,,97059.0,104632.0
2020,Santa Lucía,LCA,América Latina y el Caribe (excluido altos ingresos),Ingreso mediano alto,53.3,203000.0,179237.0
2020,Santo Tomé y Príncipe,STP,África al sur del Sahara (excluido altos ingresos),Países de ingreso mediano bajo,33.0,174203.0,218641.0
2020,Senegal,SEN,África al sur del Sahara (excluido altos ingresos),Países de ingreso mediano bajo,42.6,19078948.0,16436120.0
2020,Serbia,SRB,Europa y Asia central (excluido altos ingresos),Ingreso mediano alto,78.37,8260758.0,6899126.0
2020,Seychelles,SYC,,Ingreso alto,79.0,183498.0,98462.0
2020,Sierra Leona,SLE,África al sur del Sahara (excluido altos ingresos),Países de ingreso bajo,18.0,6884201.0,8233970.0
2020,Singapur,SGP,,Ingreso alto,92.0,8444800.0,5685807.0
2020,Sint Maarten (Dutch part),SXM,,Ingreso alto,,,42310.0
2020,Somalia,SOM,África al sur del Sahara (excluido altos ingresos),Países de ingreso bajo,,8844000.0,16537016.0
2020,Sri Lanka,LKA,Asia meridional,Países de ingreso mediano bajo,35.0,29730465.0,21919000.0
2020,Sudáfrica,ZAF,África al sur del Sahara (excluido altos ingresos),Ingreso mediano alto,70.0,95959439.0,58801927.0
2020,Sudán,SDN,África al sur del Sahara (excluido altos ingresos),Países de ingreso bajo,28.4,35195207.0,44440486.0
2020,Sudán del Sur,SSD,África al sur del Sahara (excluido altos ingresos),Países de ingreso bajo,6.5,1344000.0,10606227.0
2020,Suecia,SWE,,Ingreso alto,94.54,12791840.0,10353442.0
2020,Suiza,CHE,,Ingreso alto,94.2,11006060.0,8638167.0
2020,Suriname,SUR,América Latina y el Caribe (excluido altos ingresos),Ingreso mediano alto,70.06,899339.0,607065.0
2020,Tailandia,THA,Asia oriental y el Pacífico (excluido altos ingresos),Ingreso mediano alto,77.84,116294000.0,71475664.0
2020,Tanzanía,TZA,África al sur del Sahara (excluido altos ingresos),Países de ingreso mediano bajo,22.0,51220233.0,61704518.0
2020,Tayikistán,TJK,Europa y Asia central (excluido altos ingresos),Países de ingreso mediano bajo,,11584000.0,9543207.0
2020,Timor-Leste,TLS,Asia oriental y el Pacífico (excluido altos ingresos),Países de ingreso mediano bajo,29.1,1377915.0,1299995.0
2020,Togo,TGO,África al sur del Sahara (excluido altos ingresos),Países de ingreso bajo,24.0,6516510.0,8442580.0
2020,Tonga,TON,Asia oriental y el Pacífico (excluido altos ingresos),Ingreso mediano alto,,62000.0,105254.0
2020,Trinidad y Tobago,TTO,,Ingreso alto,,1987996.0,1518147.0
2020,Turkmenistán,TKM,Europa y Asia central (excluido altos ingresos),Ingreso mediano alto,,9377000.0,6250438.0
2020,Turquía,TUR,Europa y Asia central (excluido altos ingresos),Ingreso mediano alto,77.67,82128104.0,84135428.0
2020,Tuvalu,TUV,Asia oriental y el Pacífico (excluido altos ingresos),Ingreso mediano alto,,9000.0,11069.0
2020,Túnez,TUN,Oriente Medio y Norte de África (excluido altos ingresos),Países de ingreso mediano bajo,71.9,14852857.0,12161723.0
2020,Ucrania,UKR,Europa y Asia central (excluido altos ingresos),Países de ingreso mediano bajo,75.04,53977690.0,44132049.0
2020,Uganda,UGA,África al sur del Sahara (excluido altos ingresos),Países de ingreso bajo,6.1,27688987.0,44404611.0
2020,Uruguay,URY,,Ingreso alto,86.1,4551276.0,3429086.0
2020,Uzbekistán,UZB,Europa y Asia central (excluido altos ingresos),Países de ingreso mediano bajo,71.1,33387000.0,34232050.0
2020,Vanuatu,VUT,Asia oriental y el Pacífico (excluido altos ingresos),Países de ingreso mediano bajo,,246232.0,311685.0
2020,Venezuela,VEN,,No clasificado,,16543805.0,28490453.0
2020,Viet Nam,VNM,Asia oriental y el Pacífico (excluido altos ingresos),Países de ingreso mediano bajo,70.3,138934626.0,96648685.0
2020,"Yemen, Rep. del",YEM,Oriente Medio y Norte de África (excluido altos ingresos),Países de ingreso bajo,,15178000.0,32284046.0
2020,Zambia,ZMB,África al sur del Sahara (excluido altos ingresos),Países de ingreso bajo,19.8,19104208.0,18927715.0
2020,Zimbabwe,ZWE,África al sur del Sahara (excluido altos ingresos),Países de ingreso mediano bajo,29.3,13191708.0,15669666.0
2021,Afganistán,AFG,Asia meridional,Países de ingreso bajo,,,40099462.0
2021,Albania,ALB,Europa y Asia central (excluido altos ingresos),Ingreso mediano alto,79.32,2635466.0,2811666.0
2021,Alemania,DEU,,Ingreso alto,91.43,106400000.0,83196078.0
2021,Andorra,AND,,Ingreso alto,,,79034.0
2021,Angola,AGO,África al sur del Sahara (excluido altos ingresos),Países de ingreso mediano bajo,,15327864.0,34503774.0
2021,Antigua y Barbuda,ATG,,Ingreso alto,,,93219.0
2021,Arabia Saudita,SAU,,Ingreso alto,100.0,45427321.0,35950396.0
2021,Argelia,DZA,Oriente Medio y Norte de África (excluido altos ingresos),Países de ingreso mediano bajo,,47028685.0,44177969.0
2021,Argentina,ARG,América Latina y el Caribe (excluido altos ingresos),Ingreso mediano alto,87.15,59065827.0,45808747.0
2021,Armenia,ARM,Europa y Asia central (excluido altos ingresos),Ingreso mediano alto,,3599278.0,2790974.0
2021,Aruba,ABW,,Ingreso alto,,,106537.0
2021,Australia,AUS,,Ingreso alto,,27090000.0,25688079.0
2021,Austria,AUT,,Ingreso alto,92.53,10882217.0,8955797.0
2021,Azerbaiyán,AZE,Europa y Asia central (excluido altos ingresos),Ingreso mediano alto,,10817071.0,10137750.0
2021,Bahamas,BHS,,Ingreso alto,,,407906.0
2021,Bahrein,BHR,,Ingreso alto,100.0,1923443.0,1463265.0
2021,Bangladesh,BGD,Asia meridional,Países de ingreso mediano bajo,,181021227.0,169356251.0
2021,Barbados,BRB,,Ingreso alto,,316633.0,281200.0
2021,Belarús,BLR,Europa y Asia central (excluido altos ingresos),Ingreso mediano alto,86.89,11760087.0,9340314.0
2021,Belice,BLZ,América Latina y el Caribe (excluido altos ingresos),Ingreso mediano alto,,,400031.0
2021,Benin,BEN,África al sur del Sahara (excluido altos ingresos),Países de ingreso mediano bajo,,12731782.0,12996895.0
2021,Bermudas,BMU,,Ingreso alto,,,63867.0
2021,Bhután,BTN,Asia meridional,Países de ingreso mediano bajo,85.64,778008.0,777486.0
2021,Bolivia,BOL,América Latina y el Caribe (excluido altos ingresos),Países de ingreso mediano bajo,,12033941.0,12079472.0
2021,Bosnia y Herzegovina,BIH,Europa y Asia central (excluido altos ingresos),Ingreso mediano alto,75.68,3728775.0,3270943.0
2021,Botswana,BWA,África al sur del Sahara (excluido altos ingresos),Ingreso mediano alto,,4160553.0,2588423.0
2021,Brasil,BRA,América Latina y el Caribe (excluido altos ingresos),Ingreso mediano alto,,219660524.0,214326223.0
2021,Brunei Darussalam,BRN,,Ingreso alto,,603486.0,445373.0
2021,Bulgaria,BGR,Europa y Asia central (excluido altos ingresos),Ingreso mediano alto,75.27,7902756.0,6877743.0
2021,Burkina Faso,BFA,África al sur del Sahara (excluido altos ingresos),Países de ingreso bajo,,24678315.0,22100683.0
2021,Burundi,BDI,África al sur del Sahara (excluido altos ingresos),Países de ingreso bajo,,7740494.0,12551213.0
2021,Bélgica,BEL,,Ingreso alto,92.79,11740118.0,11592952.0
2021,Cabo Verde,CPV,África al sur del Sahara (excluido altos ingresos),Países de ingreso mediano bajo,,590171.0,587925.0
2021,Camboya,KHM,Asia oriental y el Pacífico (excluido altos ingresos),Países de ingreso mediano bajo,,19899790.0,16589023.0
2021,Camerún,CMR,África al sur del Sahara (excluido altos ingresos),Países de ingreso mediano bajo,,22442414.0,27198628.0
2021,Canadá,CAN,,Ingreso alto,,32723000.0,38246108.0
2021,Chad,TCD,África al sur del Sahara (excluido altos ingresos),Países de ingreso bajo,,,17179740.0
2021,Chile,CHL,,Ingreso alto,,26571823.0,19493184.0
2021,China,CHN,Asia oriental y el Pacífico (excluido altos ingresos),Ingreso mediano alto,73.05,1732661400.0,1412360000.0
2021,Chipre,CYP,,Ingreso alto,90.76,1320794.0,1244188.0
2021,Colombia,COL,América Latina y el Caribe (excluido altos ingresos),Ingreso mediano alto,,75056111.0,51516562.0
2021,Comoras,COM,África al sur del Sahara (excluido altos ingresos),Países de ingreso mediano bajo,,853449.0,821625.0
2021,"Congo, República Democrática del",COD,África al sur del Sahara (excluido altos ingresos),Países de ingreso bajo,,,95894118.0
2021,"Congo, República del",COG,África al sur del Sahara (excluido altos ingresos),Países de ingreso mediano bajo,,5558658.0,5835806.0
2021,"Corea, República Popular Democrática de",PRK,Asia oriental y el Pacífico (excluido altos ingresos),Países de ingreso bajo,,,25971909.0
2021,"Corea, República de",KOR,,Ingreso alto,97.57,72855492.0,51744876.0
2021,Costa Rica,CRI,América Latina y el Caribe (excluido altos ingresos),Ingreso mediano alto,82.75,7834435.0,5153957.0
2021,Croacia,HRV,,Ingreso alto,81.25,4402213.0,3899000.0
2021,Cuba,CUB,América Latina y el Caribe (excluido altos ingresos),Ingreso mediano alto,71.12,7103296.0,11256372.0
2021,Curacao,CUW,,Ingreso alto,,,152369.0
2021,Côte d'Ivoire,CIV,África al sur del Sahara (excluido altos ingresos),Países de ingreso mediano bajo,,44561505.0,27478249.0
2021,Dinamarca,DNK,,Ingreso alto,98.87,7287875.0,5856733.0
2021,Djibouti,DJI,Oriente Medio y Norte de África (excluido altos ingresos),Países de ingreso mediano bajo,,489339.0,1105557.0
2021,Dominica,DMA,América Latina y el Caribe (excluido altos ingresos),Ingreso mediano alto,,,72412.0
2021,Ecuador,ECU,América Latina y el Caribe (excluido altos ingresos),Ingreso mediano alto,,16789600.0,17797737.0
2021,"Egipto, República Árabe de",EGY,Oriente Medio y Norte de África (excluido altos ingresos),Países de ingreso mediano bajo,,103449734.0,109262178.0
2021,El Salvador,SLV,América Latina y el Caribe (excluido altos ingresos),Países de ingreso mediano bajo,,11071073.0,6314167.0
2021,Emiratos Árabes Unidos,ARE,,Ingreso alto,100.0,18237084.0,9365145.0
2021,Eritrea,ERI,África al sur del Sahara (excluido altos ingresos),Países de ingreso bajo,,,3620312.0
2021,Eslovenia,SVN,,Ingreso alto,89.0,2607268.0,2108079.0
2021,España,ESP,,Ingreso alto,93.9,56805348.0,47415750.0
2021,Estados Unidos,USA,,Ingreso alto,,361617000.0,331893745.0
2021,Estonia,EST,,Ingreso alto,91.04,1980838.0,1330932.0
2021,Eswatini,SWZ,África al sur del Sahara (excluido altos ingresos),Países de ingreso mediano bajo,,,1192271.0
2021,Etiopía,ETH,África al sur del Sahara (excluido altos ingresos),Países de ingreso bajo,16.7,,120283026.0
2021,Federación de Rusia,RUS,Europa y Asia central (excluido altos ingresos),Ingreso mediano alto,88.21,246569033.0,143449286.0
2021,Fiji,FJI,Asia oriental y el Pacífico (excluido altos ingresos),Ingreso mediano alto,,,924610.0
2021,Filipinas,PHL,Asia oriental y el Pacífico (excluido altos ingresos),Países de ingreso mediano bajo,,163345244.0,113880328.0
2021,Finlandia,FIN,,Ingreso alto,92.81,7150000.0,5541017.0
2021,Francia,FRA,,Ingreso alto,86.1,,67749632.0
2021,Gabón,GAB,África al sur del Sahara (excluido altos ingresos),Ingreso mediano alto,,3144609.0,2341179.0
2021,Gambia,GMB,África al sur del Sahara (excluido altos ingresos),Países de ingreso bajo,,,2639916.0
2021,Georgia,GEO,Europa y Asia central (excluido altos ingresos),Ingreso mediano alto,76.44,5163558.0,3708610.0
2021,Ghana,GHA,África al sur del Sahara (excluido altos ingresos),Países de ingreso mediano bajo,68.6,40454073.0,32833031.0
2021,Gibraltar,GIB,,Ingreso alto,,,32669.0
2021,Granada,GRD,América Latina y el Caribe (excluido altos ingresos),Ingreso mediano alto,,,124610.0
2021,Grecia,GRC,,Ingreso alto,78.49,11494008.0,10641221.0
2021,Groenlandia,GRL,,Ingreso alto,,66605.0,56653.0
2021,Guam,GUM,,Ingreso alto,,,170534.0
2021,Guatemala,GTM,América Latina y el Caribe (excluido altos ingresos),Ingreso mediano alto,50.84,22124839.0,17109746.0
2021,Guinea,GIN,África al sur del Sahara (excluido altos ingresos),Países de ingreso bajo,,,13531906.0
2021,Guinea Ecuatorial,GNQ,África al sur del Sahara (excluido altos ingresos),Ingreso mediano alto,,,1634466.0
2021,Guinea-Bissau,GNB,África al sur del Sahara (excluido altos ingresos),Países de ingreso bajo,,2236511.0,2060721.0
2021,Guyana,GUY,América Latina y el Caribe (excluido altos ingresos),Ingreso mediano alto,,,804567.0
2021,Haití,HTI,América Latina y el Caribe (excluido altos ingresos),Países de ingreso mediano bajo,,,11447569.0
2021,Honduras,HND,América Latina y el Caribe (excluido altos ingresos),Países de ingreso mediano bajo,,7560710.0,10278345.0
2021,"Hong Kong, Región Administrativa Especial",HKG,,Ingreso alto,93.09,23939650.0,7413100.0
2021,Hungría,HUN,,Ingreso alto,88.64,10248653.0,9709891.0
2021,India,IND,Asia meridional,Países de ingreso mediano bajo,,1154046584.0,1407563842.0
2021,Indonesia,IDN,Asia oriental y el Pacífico (excluido altos ingresos),Países de ingreso mediano bajo,62.1,365872608.0,273753191.0
2021,Iraq,IRQ,Oriente Medio y Norte de África (excluido altos ingresos),Ingreso mediano alto,,37649112.0,43533592.0
2021,Irlanda,IRL,,Ingreso alto,,5373865.0,5033165.0
2021,"Irán, República Islámica del",IRN,Oriente Medio y Norte de África (excluido altos ingresos),Países de ingreso mediano bajo,78.6,135889424.0,87923432.0
2021,Isla de Man,IMN,,Ingreso alto,,,84263.0
2021,Isla de San Martín (parte francesa),MAF,,Ingreso alto,,,31948.0
2021,Islandia,ISL,,Ingreso alto,99.69,437270.0,372520.0
2021,Islas Caimán,CYM,,Ingreso alto,,,68136.0
2021,Islas Feroe,FRO,,Ingreso alto,,,52889.0
2021,Islas Marshall,MHL,Asia oriental y el Pacífico (excluido altos ingresos),Ingreso mediano alto,,,42050.0
2021,Islas Salomón,SLB,Asia oriental y el Pacífico (excluido altos ingresos),Países de ingreso mediano bajo,,,707851.0
2021,Islas Turcas y Caicos,TCA,,Ingreso alto,,,45114.0
2021,Islas Vírgenes (EE.UU.),VIR,,Ingreso alto,,,105870.0
2021,Islas Vírgenes Británicas,VGB,,Ingreso alto,,,31122.0
2021,Islas del Canal,CHI,,Ingreso alto,,,172683.0
2021,Israel,ISR,,Ingreso alto,,12500000.0,9364000.0
2021,Italia,ITA,,Ingreso alto,74.86,78114933.0,59109668.0
2021,Jamaica,JAM,América Latina y el Caribe (excluido altos ingresos),Ingreso mediano alto,,2905408.0,2827695.0
2021,Japón,JPN,,Ingreso alto,,200478808.0,125681593.0
2021,Jordania,JOR,Oriente Medio y Norte de África (excluido altos ingresos),Ingreso mediano alto,,7275563.0,11148278.0
2021,Kazajstán,KAZ,Europa y Asia central (excluido altos ingresos),Ingreso mediano alto,90.92,24323000.0,19000988.0
2021,Kenya,KEN,África al sur del Sahara (excluido altos ingresos),Países de ingreso mediano bajo,,65085720.0,53005614.0
2021,Kirguistán,KGZ,Europa y Asia central (excluido altos ingresos),Países de ingreso mediano bajo,,,6691800.0
2021,Kiribati,KIR,Asia oriental y el Pacífico (excluido altos ingresos),Países de ingreso mediano bajo,,54527.0,128874.0
2021,Kosovo,XKX,Europa y Asia central (excluido altos ingresos),Ingreso mediano alto,,,1786038.0
2021,Kuwait,KWT,,Ingreso alto,99.7,6918180.0,4250114.0
2021,Lesotho,LSO,África al sur del Sahara (excluido altos ingresos),Países de ingreso mediano bajo,,1821374.0,2281454.0
2021,Letonia,LVA,,Ingreso alto,91.18,2161725.0,1884490.0
2021,Liberia,LBR,África al sur del Sahara (excluido altos ingresos),Países de ingreso bajo,,,5193416.0
2021,Libia,LBY,Oriente Medio y Norte de África (excluido altos ingresos),Ingreso mediano alto,,,6735277.0
2021,Liechtenstein,LIE,,Ingreso alto,,49264.0,39039.0
2021,Lituania,LTU,,Ingreso alto,86.93,3726653.0,2800839.0
2021,Luxemburgo,LUX,,Ingreso alto,98.83,,640064.0
2021,Líbano,LBN,Oriente Medio y Norte de África (excluido altos ingresos),Países de ingreso mediano bajo,,,5592631.0
2021,Macedonia del Norte,MKD,Europa y Asia central (excluido altos ingresos),Ingreso mediano alto,,1941352.0,2065092.0
2021,Madagascar,MDG,África al sur del Sahara (excluido altos ingresos),Países de ingreso bajo,,16279633.0,28915653.0
2021,Malasia,MYS,Asia oriental y el Pacífico (excluido altos ingresos),Ingreso mediano alto,96.75,47201700.0,33573874.0
2021,Malawi,MWI,África al sur del Sahara (excluido altos ingresos),Países de ingreso bajo,,11940135.0,19889742.0
2021,Maldivas,MDV,Asia meridional,Ingreso mediano alto,,706043.0,521457.0
2021,Malta,MLT,,Ingreso alto,87.47,644955.0,518536.0
2021,Malí,MLI,África al sur del Sahara (excluido altos ingresos),Países de ingreso bajo,,21882251.0,21904983.0
2021,Mariana,MNP,,Ingreso alto,,,49481.0
2021,Marruecos,MAR,Oriente Medio y Norte de África (excluido altos ingresos),Países de ingreso mediano bajo,88.13,52012000.0,37076584.0
2021,Mauricio,MUS,África al sur del Sahara (excluido altos ingresos),Ingreso mediano alto,,1971300.0,1266060.0
2021,Mauritania,MRT,África al sur del Sahara (excluido altos ingresos),Países de ingreso mediano bajo,,6512361.0,4614974.0
2021,Micronesia (Estados Federados de),FSM,Asia oriental y el Pacífico (excluido altos ingresos),Países de ingreso mediano bajo,,,113131.0
2021,Mongolia,MNG,Asia oriental y el Pacífico (excluido altos ingresos),Países de ingreso mediano bajo,84.33,4687304.0,3347782.0
2021,Montenegro,MNE,Europa y Asia central (excluido altos ingresos),Ingreso mediano alto,82.22,1120074.0,619211.0
2021,Mozambique,MOZ,África al sur del Sahara (excluido altos ingresos),Países de ingreso bajo,,13686234.0,32077072.0
2021,Myanmar,MMR,Asia oriental y el Pacífico (excluido altos ingresos),Países de ingreso mediano bajo,,67930093.0,53798084.0
2021,México,MEX,América Latina y el Caribe (excluido altos ingresos),Ingreso mediano alto,71.97,123920752.0,126705138.0
2021,Mónaco,MCO,,Ingreso alto,,36255.0,36686.0
2021,Namibia,NAM,África al sur del Sahara (excluido altos ingresos),Ingreso mediano alto,,2915307.0,2530151.0
2021,Nauru,NRU,,Ingreso alto,,,12511.0
2021,Nepal,NPL,Asia meridional,Países de ingreso mediano bajo,,,30034989.0
2021,Nicaragua,NIC,América Latina y el Caribe (excluido altos ingresos),Países de ingreso mediano bajo,,6233864.0,6850540.0
2021,Nigeria,NGA,África al sur del Sahara (excluido altos ingresos),Países de ingreso mediano bajo,,195128265.0,213401323.0
2021,Noruega,NOR,,Ingreso alto,99.0,,5408320.0
2021,Nueva Caledonia,NCL,,Ingreso alto,,,271030.0
2021,Nueva Zelandia,NZL,,Ingreso alto,,5846000.0,5122600.0
2021,Níger,NER,África al sur del Sahara (excluido altos ingresos),Países de ingreso bajo,,,25252722.0
2021,Omán,OMN,,Ingreso alto,,6115537.0,4520471.0
2021,Pakistán,PAK,Asia meridional,Países de ingreso mediano bajo,,188711452.0,231402117.0
2021,Palau,PLW,Asia oriental y el Pacífico (excluido altos ingresos),Ingreso mediano alto,,,18024.0
2021,Panamá,PAN,,Ingreso alto,,6003255.0,4351267.0
2021,Papua Nueva Guinea,PNG,Asia oriental y el Pacífico (excluido altos ingresos),Países de ingreso mediano bajo,,,9949437.0
2021,Paraguay,PRY,América Latina y el Caribe (excluido altos ingresos),Ingreso mediano alto,77.02,7975074.0,6703799.0
2021,Países Bajos,NLD,,Ingreso alto,92.05,21888000.0,17533044.0
2021,Perú,PER,América Latina y el Caribe (excluido altos ingresos),Ingreso mediano alto,71.11,43129394.0,33715471.0
2021,Polinesia Francesa,PYF,,Ingreso alto,,322918.0,304032.0
2021,Polonia,POL,,Ingreso alto,85.37,50588785.0,37747124.0
2021,Portugal,PRT,,Ingreso alto,82.31,12476165.0,10325147.0
2021,Puerto Rico,PRI,,Ingreso alto,,3661176.0,3263584.0
2021,Qatar,QAT,,Ingreso alto,,3876499.0,2688235.0
2021,"Región Administrativa Especial de Macao, China",MAC,,Ingreso alto,,,686607.0
2021,Reino Unido,GBR,,Ingreso alto,,79773000.0,67326569.0
2021,República Centroafricana,CAF,África al sur del Sahara (excluido altos ingresos),Países de ingreso bajo,,,5457154.0
2021,República Checa,CZE,,Ingreso alto,82.67,13129905.0,10505772.0
2021,República Democrática Popular Lao,LAO,Asia oriental y el Pacífico (excluido altos ingresos),Países de ingreso mediano bajo,62.0,4822973.0,7425057.0
2021,República Dominicana,DOM,América Latina y el Caribe (excluido altos ingresos),Ingreso mediano alto,,9735351.0,11117873.0
2021,República Eslovaca,SVK,,Ingreso alto,88.93,7362325.0,5447247.0
2021,República de Moldova,MDA,Europa y Asia central (excluido altos ingresos),Ingreso mediano alto,,3900179.0,2615199.0
2021,República Árabe Siria,SYR,Oriente Medio y Norte de África (excluido altos ingresos),Países de ingreso bajo,,16990714.0,21324367.0
2021,Ribera Occidental y Gaza,PSE,Oriente Medio y Norte de África (excluido altos ingresos),Países de ingreso mediano bajo,,4052966.0,4922749.0
2021,Rumania,ROU,,Ingreso alto,83.59,22929000.0,19119880.0
2021,Rwanda,RWA,África al sur del Sahara (excluido altos ingresos),Países de ingreso bajo,,10902989.0,13461888.0
2021,Saint Kitts y Nevis,KNA,,Ingreso alto,,,47606.0
2021,Samoa,WSM,Asia oriental y el Pacífico (excluido altos ingresos),Países de ingreso mediano bajo,,,218764.0
2021,Samoa Americana,ASM,Asia oriental y el Pacífico (excluido altos ingresos),Ingreso mediano alto,,,45035.0
2021,San Marino,SMR,,Ingreso alto,,40000.0,33745.0
2021,San Vicente y las Granadinas,VCT,América Latina y el Caribe (excluido altos ingresos),Ingreso mediano alto,,114892.0,104332.0
2021,Santa Lucía,LCA,América Latina y el Caribe (excluido altos ingresos),Ingreso mediano alto,,,179651.0
2021,Santo Tomé y Príncipe,STP,África al sur del Sahara (excluido altos ingresos),Países de ingreso mediano bajo,,189239.0,223107.0
2021,Senegal,SEN,África al sur del Sahara (excluido altos ingresos),Países de ingreso mediano bajo,,19859981.0,16876720.0
2021,Serbia,SRB,Europa y Asia central (excluido altos ingresos),Ingreso mediano alto,81.17,8501519.0,6834326.0
2021,Seychelles,SYC,,Ingreso alto,,184161.0,99258.0
2021,Sierra Leona,SLE,África al sur del Sahara (excluido altos ingresos),Países de ingreso bajo,,8227093.0,8420641.0
2021,Singapur,SGP,,Ingreso alto,,8660700.0,5453566.0
2021,Sint Maarten (Dutch part),SXM,,Ingreso alto,,,42846.0
2021,Somalia,SOM,África al sur del Sahara (excluido altos ingresos),Países de ingreso bajo,,8844000.0,17065581.0
2021,Sri Lanka,LKA,Asia meridional,Países de ingreso mediano bajo,,30764135.0,22156000.0
2021,Sudáfrica,ZAF,África al sur del Sahara (excluido altos ingresos),Ingreso mediano alto,,100328005.0,59392255.0
2021,Sudán,SDN,África al sur del Sahara (excluido altos ingresos),Países de ingreso bajo,,16688773.0,45657202.0
2021,Sudán del Sur,SSD,África al sur del Sahara (excluido altos ingresos),Países de ingreso bajo,,,10748272.0
2021,Suecia,SWE,,Ingreso alto,88.31,12843683.0,10415811.0
2021,Suiza,CHE,,Ingreso alto,95.57,11060700.0,8703405.0
2021,Suriname,SUR,América Latina y el Caribe (excluido altos ingresos),Ingreso mediano alto,,906170.0,612985.0
2021,Tailandia,THA,Asia oriental y el Pacífico (excluido altos ingresos),Ingreso mediano alto,85.27,120850000.0,71601103.0
2021,Tanzanía,TZA,África al sur del Sahara (excluido altos ingresos),Países de ingreso mediano bajo,,54044384.0,63588334.0
2021,Tayikistán,TJK,Europa y Asia central (excluido altos ingresos),Países de ingreso mediano bajo,,,9750064.0
2021,Timor-Leste,TLS,Asia oriental y el Pacífico (excluido altos ingresos),Países de ingreso mediano bajo,,1386172.0,1320942.0
2021,Togo,TGO,África al sur del Sahara (excluido altos ingresos),Países de ingreso bajo,,,8644829.0
2021,Tonga,TON,Asia oriental y el Pacífico (excluido altos ingresos),Ingreso mediano alto,,64328.0,106017.0
2021,Trinidad y Tobago,TTO,,Ingreso alto,,1996837.0,1525663.0
2021,Turkmenistán,TKM,Europa y Asia central (excluido altos ingresos),Ingreso mediano alto,,,6341855.0
2021,Turquía,TUR,Europa y Asia central (excluido altos ingresos),Ingreso mediano alto,81.41,86288834.0,84775404.0
2021,Tuvalu,TUV,Asia oriental y el Pacífico (excluido altos ingresos),Ingreso mediano alto,,,11204.0
2021,Túnez,TUN,Oriente Medio y Norte de África (excluido altos ingresos),Países de ingreso mediano bajo,,15644663.0,12262946.0
2021,Ucrania,UKR,Europa y Asia central (excluido altos ingresos),Países de ingreso mediano bajo,,55925908.0,43792855.0
2021,Uganda,UGA,África al sur del Sahara (excluido altos ingresos),Países de ingreso bajo,,30127704.0,45853778.0
2021,Uruguay,URY,,Ingreso alto,,4691277.0,3426260.0
2021,Uzbekistán,UZB,Europa y Asia central (excluido altos ingresos),Países de ingreso mediano bajo,,35069000.0,34915100.0
2021,Vanuatu,VUT,Asia oriental y el Pacífico (excluido altos ingresos),Países de ingreso mediano bajo,,249868.0,319137.0
2021,Venezuela,VEN,,No clasificado,,16631275.0,28199867.0
2021,Viet Nam,VNM,Asia oriental y el Pacífico (excluido altos ingresos),Países de ingreso mediano bajo,74.21,135349460.0,97468029.0
2021,"Yemen, Rep. del",YEM,Oriente Medio y Norte de África (excluido altos ingresos),Países de ingreso bajo,,,32981641.0
2021,Zambia,ZMB,África al sur del Sahara (excluido altos ingresos),Países de ingreso bajo,,20247111.0,19473125.0
2021,Zimbabwe,ZWE,África al sur del Sahara (excluido altos ingresos),Países de ingreso mediano bajo,,14257590.0,15993524.0
