pais,codigo_pais,region,anio,pct_internet,suscripciones_celular,poblacion,yoy_internet_pct,yoy_celular_pct,yoy_poblacion_pct
Afganistán,AFG,Asia meridional,2010,4.0,10215840.0,28189672.0,12.68,-2.71,2.94
Afganistán,AFG,Asia meridional,2011,5.0,13797879.0,29249157.0,25.0,35.06,3.76
Afganistán,AFG,Asia meridional,2012,5.45,15340115.0,30466479.0,9.09,11.18,4.16
Afganistán,AFG,Asia meridional,2013,5.9,16807156.0,31541209.0,8.17,9.56,3.53
Afganistán,AFG,Asia meridional,2014,7.0,18407168.0,32716210.0,18.64,9.52,3.73
Afganistán,AFG,Asia meridional,2015,8.26,19709038.0,33753499.0,18.0,7.07,3.17
Afganistán,AFG,Asia meridional,2016,11.0,21602982.0,34636207.0,33.17,9.61,2.62
Afganistán,AFG,Asia meridional,2017,13.5,23929713.0,35643418.0,22.73,10.77,2.91
Afganistán,AFG,Asia meridional,2018,16.8,21976355.0,36686784.0,24.44,-8.16,2.93
Afganistán,AFG,Asia meridional,2019,17.6,22580071.0,37769499.0,4.76,2.75,2.95
Afganistán,AFG,Asia meridional,2020,18.4,22678024.0,38972230.0,4.55,0.43,3.18
Afganistán,AFG,Asia meridional,2021,,,40099462.0,,,2.89
Albania,ALB,Europa y Asia central (excluido altos ingresos),2010,45.0,2692372.0,2913021.0,9.22,9.28,-0.5
Albania,ALB,Europa y Asia central (excluido altos ingresos),2011,47.0,3100000.0,2905195.0,4.44,15.14,-0.27
Albania,ALB,Europa y Asia central (excluido altos ingresos),2012,49.4,3500000.0,2900401.0,5.11,12.9,-0.17
Albania,ALB,Europa y Asia central (excluido altos ingresos),2013,51.8,3685983.0,2895092.0,4.86,5.31,-0.18
Albania,ALB,Europa y Asia central (excluido altos ingresos),2014,54.3,3359654.0,2889104.0,4.83,-8.85,-0.21
Albania,ALB,Europa y Asia central (excluido altos ingresos),2015,56.9,3400955.0,2880703.0,4.79,1.23,-0.29
Albania,ALB,Europa y Asia central (excluido altos ingresos),2016,59.6,3369756.0,2876101.0,4.75,-0.92,-0.16
Albania,ALB,Europa y Asia central (excluido altos ingresos),2017,62.4,3625699.0,2873457.0,4.7,7.6,-0.09
Albania,ALB,Europa y Asia central (excluido altos ingresos),2018,65.4,2714878.0,2866376.0,4.81,-25.12,-0.25
Albania,ALB,Europa y Asia central (excluido altos ingresos),2019,68.55,2630076.0,2854191.0,4.82,-3.12,-0.43
Albania,ALB,Europa y Asia central (excluido altos ingresos),2020,72.24,2618880.0,2837849.0,5.38,-0.43,-0.57
Albania,ALB,Europa y Asia central (excluido altos ingresos),2021,79.32,2635466.0,2811666.0,9.81,0.63,-0.92
Alemania,DEU,,2010,82.0,88400000.0,81776930.0,3.8,-15.81,-0.15
Alemania,DEU,,2011,81.27,90900000.0,80274983.0,-0.89,2.83,-1.84
Alemania,DEU,,2012,82.35,92400000.0,80425823.0,1.33,1.65,0.19
Alemania,DEU,,2013,84.17,100034000.0,80645605.0,2.21,8.26,0.27
Alemania,DEU,,2014,86.19,99530000.0,80982500.0,2.4,-0.5,0.42
Alemania,DEU,,2015,87.59,96360000.0,81686611.0,1.62,-3.18,0.87
Alemania,DEU,,2016,84.17,103470000.0,82348669.0,-3.91,7.38,0.81
Alemania,DEU,,2017,84.39,109700000.0,82657002.0,0.27,6.02,0.37
Alemania,DEU,,2018,87.04,107500000.0,82905782.0,3.13,-2.01,0.3
Alemania,DEU,,2019,88.13,107200000.0,83092962.0,1.26,-0.28,0.23
Alemania,DEU,,2020,89.81,107400000.0,83160871.0,1.9,0.19,0.08
Alemania,DEU,,2021,91.43,106400000.0,83196078.0,1.8,-0.93,0.04
Andorra,AND,,2010,81.0,65495.0,71519.0,3.15,1.47,-3.16
Andorra,AND,,2011,81.0,65044.0,70567.0,0.0,-0.69,-1.33
Andorra,AND,,2012,82.7,63865.0,71013.0,2.1,-1.81,0.63
Andorra,AND,,2013,84.4,63931.0,71367.0,2.06,0.1,0.5
Andorra,AND,,2014,86.1,66241.0,71621.0,2.01,3.61,0.36
Andorra,AND,,2015,87.9,71336.0,71746.0,2.09,7.69,0.17
Andorra,AND,,2016,89.7,76132.0,72540.0,2.05,6.72,1.11
Andorra,AND,,2017,91.57,80337.0,73837.0,2.08,5.52,1.79
Andorra,AND,,2018,,82614.0,75013.0,,2.83,1.59
Andorra,AND,,2019,,87909.0,76343.0,,6.41,1.77
Andorra,AND,,2020,,94000.0,77700.0,,6.93,1.78
Andorra,AND,,2021,,,79034.0,,,1.72
Angola,AGO,África al sur del Sahara (excluido altos ingresos),2010,2.8,9403365.0,23364185.0,21.74,15.96,3.81
Angola,AGO,África al sur del Sahara (excluido altos ingresos),2011,4.7,12073218.0,24259111.0,67.86,28.39,3.83
Angola,AGO,África al sur del Sahara (excluido altos ingresos),2012,7.7,12785109.0,25188292.0,63.83,5.9,3.83
Angola,AGO,África al sur del Sahara (excluido altos ingresos),2013,13.0,13285198.0,26147002.0,68.83,3.91,3.81
Angola,AGO,África al sur del Sahara (excluido altos ingresos),2014,21.4,14052558.0,27128337.0,64.62,5.78,3.75
Angola,AGO,África al sur del Sahara (excluido altos ingresos),2015,22.0,13884532.0,28127721.0,2.8,-1.2,3.68
Angola,AGO,África al sur del Sahara (excluido altos ingresos),2016,23.2,13001124.0,29154746.0,5.45,-6.36,3.65
Angola,AGO,África al sur del Sahara (excluido altos ingresos),2017,26.0,13323952.0,30208628.0,12.07,2.48,3.61
Angola,AGO,África al sur del Sahara (excluido altos ingresos),2018,29.0,13288421.0,31273533.0,11.54,-0.27,3.53
Angola,AGO,África al sur del Sahara (excluido altos ingresos),2019,32.4,14830154.0,32353588.0,11.72,11.6,3.45
Angola,AGO,África al sur del Sahara (excluido altos ingresos),2020,36.0,14645050.0,33428486.0,11.11,-1.25,3.32
Angola,AGO,África al sur del Sahara (excluido altos ingresos),2021,,15327864.0,34503774.0,,4.66,3.22
Antigua y Barbuda,ATG,,2010,47.0,167970.0,85695.0,11.9,24.49,1.37
Antigua y Barbuda,ATG,,2011,52.0,176008.0,86729.0,10.64,4.79,1.21
Antigua y Barbuda,ATG,,2012,58.0,127381.0,87674.0,11.54,-27.63,1.09
Antigua y Barbuda,ATG,,2013,63.4,114358.0,88497.0,9.31,-10.22,0.94
Antigua y Barbuda,ATG,,2014,67.78,120041.0,89236.0,6.91,4.97,0.84
Antigua y Barbuda,ATG,,2015,70.0,176000.0,89941.0,3.28,46.62,0.79
Antigua y Barbuda,ATG,,2016,73.0,180000.0,90564.0,4.29,2.27,0.69
Antigua y Barbuda,ATG,,2017,,184000.0,91119.0,,2.22,0.61
Antigua y Barbuda,ATG,,2018,,,91626.0,,,0.56
Antigua y Barbuda,ATG,,2019,,184000.0,92117.0,,,0.54
Antigua y Barbuda,ATG,,2020,,184000.0,92664.0,,0.0,0.59
Antigua y Barbuda,ATG,,2021,,,93219.0,,,0.6
Arabia Saudita,SAU,,2010,41.0,51564375.0,29411929.0,7.89,14.93,3.26
Arabia Saudita,SAU,,2011,47.5,54000000.0,30150945.0,15.85,4.72,2.51
Arabia Saudita,SAU,,2012,54.0,53000000.0,30821543.0,13.68,-1.85,2.22
Arabia Saudita,SAU,,2013,60.5,53104000.0,31482498.0,12.04,0.2,2.14
Arabia Saudita,SAU,,2014,64.71,52735000.0,32125564.0,6.96,-0.69,2.04
Arabia Saudita,SAU,,2015,69.62,52796066.0,32749848.0,7.58,0.12,1.94
Arabia Saudita,SAU,,2016,74.88,47932521.0,33416270.0,7.56,-9.21,2.03
Arabia Saudita,SAU,,2017,94.18,40210965.0,34193122.0,25.77,-16.11,2.32
Arabia Saudita,SAU,,2018,93.31,41310584.0,35018133.0,-0.92,2.73,2.41
Arabia Saudita,SAU,,2019,95.72,41298629.0,35827362.0,2.59,-0.03,2.31
Arabia Saudita,SAU,,2020,97.86,43215439.0,35997107.0,2.23,4.64,0.47
Arabia Saudita,SAU,,2021,100.0,45427321.0,35950396.0,2.18,5.12,-0.13
Argelia,DZA,Oriente Medio y Norte de África (excluido altos ingresos),2010,12.5,32780165.0,35856344.0,11.31,0.15,1.88
Argelia,DZA,Oriente Medio y Norte de África (excluido altos ingresos),2011,14.9,35615926.0,36543541.0,19.2,8.65,1.92
Argelia,DZA,Oriente Medio y Norte de África (excluido altos ingresos),2012,18.2,37527703.0,37260563.0,22.15,5.37,1.96
Argelia,DZA,Oriente Medio y Norte de África (excluido altos ingresos),2013,22.5,39517045.0,38000626.0,23.63,5.3,1.99
Argelia,DZA,Oriente Medio y Norte de África (excluido altos ingresos),2014,29.5,43298174.0,38760168.0,31.11,9.57,2.0
Argelia,DZA,Oriente Medio y Norte de África (excluido altos ingresos),2015,38.2,43227643.0,39543154.0,29.49,-0.16,2.02
Argelia,DZA,Oriente Medio y Norte de África (excluido altos ingresos),2016,42.95,47041321.0,40339329.0,12.42,8.82,2.01
Argelia,DZA,Oriente Medio y Norte de África (excluido altos ingresos),2017,47.69,45845665.0,41136546.0,11.05,-2.54,1.98
Argelia,DZA,Oriente Medio y Norte de África (excluido altos ingresos),2018,49.04,47154264.0,41927007.0,2.83,2.85,1.92
Argelia,DZA,Oriente Medio y Norte de África (excluido altos ingresos),2019,57.9,45425533.0,42705368.0,18.07,-3.67,1.86
Argelia,DZA,Oriente Medio y Norte de África (excluido altos ingresos),2020,62.9,45555673.0,43451666.0,8.64,0.29,1.75
Argelia,DZA,Oriente Medio y Norte de África (excluido altos ingresos),2021,,47028685.0,44177969.0,,3.23,1.67
Argentina,ARG,América Latina y el Caribe (excluido altos ingresos),2010,45.0,57082298.0,40788453.0,32.35,8.76,0.26
Argentina,ARG,América Latina y el Caribe (excluido altos ingresos),2011,51.0,60722729.0,41261490.0,13.33,6.38,1.16
Argentina,ARG,América Latina y el Caribe (excluido altos ingresos),2012,55.8,64327647.0,41733271.0,9.41,5.94,1.14
Argentina,ARG,América Latina y el Caribe (excluido altos ingresos),2013,59.9,67361515.0,42202935.0,7.35,4.72,1.13
Argentina,ARG,América Latina y el Caribe (excluido altos ingresos),2014,64.7,61234216.0,42669500.0,8.01,-9.1,1.11
Argentina,ARG,América Latina y el Caribe (excluido altos ingresos),2015,68.04,61842011.0,43131966.0,5.17,0.99,1.08
Argentina,ARG,América Latina y el Caribe (excluido altos ingresos),2016,70.97,63719805.0,43590368.0,4.3,3.04,1.06
Argentina,ARG,América Latina y el Caribe (excluido altos ingresos),2017,74.29,61897379.0,44044811.0,4.69,-2.86,1.04
Argentina,ARG,América Latina y el Caribe (excluido altos ingresos),2018,77.7,58598041.0,44494502.0,4.58,-5.33,1.02
Argentina,ARG,América Latina y el Caribe (excluido altos ingresos),2019,79.9,56352947.0,44938712.0,2.83,-3.83,1.0
Argentina,ARG,América Latina y el Caribe (excluido altos ingresos),2020,85.5,202008855.0,45376763.0,7.01,258.47,0.97
Argentina,ARG,América Latina y el Caribe (excluido altos ingresos),2021,87.15,59065827.0,45808747.0,1.93,-70.76,0.95
Armenia,ARM,Europa y Asia central (excluido altos ingresos),2010,25.0,3865354.0,2946293.0,63.4,76.38,-0.61
Armenia,ARM,Europa y Asia central (excluido altos ingresos),2011,32.0,3211215.0,2928976.0,28.0,-16.92,-0.59
Armenia,ARM,Europa y Asia central (excluido altos ingresos),2012,37.5,3322837.0,2914421.0,17.19,3.48,-0.5
Armenia,ARM,Europa y Asia central (excluido altos ingresos),2013,41.9,3346275.0,2901385.0,11.73,0.71,-0.45
Armenia,ARM,Europa y Asia central (excluido altos ingresos),2014,54.62,3459137.0,2889930.0,30.36,3.37,-0.39
Armenia,ARM,Europa y Asia central (excluido altos ingresos),2015,59.1,3464490.0,2878595.0,8.2,0.15,-0.39
Armenia,ARM,Europa y Asia central (excluido altos ingresos),2016,64.35,3434567.0,2865835.0,8.87,-0.86,-0.44
Armenia,ARM,Europa y Asia central (excluido altos ingresos),2017,64.74,3488524.0,2851923.0,0.62,1.57,-0.49
Armenia,ARM,Europa y Asia central (excluido altos ingresos),2018,68.25,3579257.0,2836557.0,5.41,2.6,-0.54
Armenia,ARM,Europa y Asia central (excluido altos ingresos),2019,66.54,3618747.0,2820602.0,-2.49,1.1,-0.56
Armenia,ARM,Europa y Asia central (excluido altos ingresos),2020,76.51,3488797.0,2805608.0,14.97,-3.59,-0.53
Armenia,ARM,Europa y Asia central (excluido altos ingresos),2021,,3599278.0,2790974.0,,3.17,-0.52
Aruba,ABW,,2010,62.0,131800.0,100341.0,6.9,2.97,1.14
Aruba,ABW,,2011,69.0,,101288.0,11.29,,0.94
Aruba,ABW,,2012,74.0,135000.0,102112.0,7.25,,0.81
Aruba,ABW,,2013,78.9,138800.0,102880.0,6.62,2.81,0.75
Aruba,ABW,,2014,83.78,139700.0,103594.0,6.19,0.65,0.69
Aruba,ABW,,2015,88.66,141000.0,104257.0,5.83,0.93,0.64
Aruba,ABW,,2016,93.54,,104874.0,5.51,,0.59
Aruba,ABW,,2017,97.17,,105439.0,3.88,,0.54
Aruba,ABW,,2018,,,105962.0,,,0.5
Aruba,ABW,,2019,,141000.0,106442.0,,,0.45
Aruba,ABW,,2020,,141000.0,106585.0,,0.0,0.13
Aruba,ABW,,2021,,,106537.0,,,-0.05
Australia,AUS,,2010,76.0,22500000.0,22031750.0,2.36,1.35,1.57
Australia,AUS,,2011,79.49,23789000.0,22340024.0,4.59,5.73,1.4
Australia,AUS,,2012,79.0,24338000.0,22733465.0,-0.61,2.31,1.76
Australia,AUS,,2013,83.45,24940000.0,23128129.0,5.64,2.47,1.74
Australia,AUS,,2014,84.0,25060000.0,23475686.0,0.65,0.48,1.5
Australia,AUS,,2015,84.56,25770000.0,23815995.0,0.67,2.83,1.45
Australia,AUS,,2016,86.54,26551000.0,24190907.0,2.34,3.03,1.57
Australia,AUS,,2017,86.55,26660000.0,24594202.0,0.01,0.41,1.67
Australia,AUS,,2018,87.6,27640000.0,24966643.0,1.22,3.68,1.51
Australia,AUS,,2019,88.6,27535000.0,25340217.0,1.14,-0.38,1.5
Australia,AUS,,2020,89.6,27452000.0,25655289.0,1.13,-0.3,1.24
Australia,AUS,,2021,,27090000.0,25688079.0,,-1.32,0.13
Austria,AUT,,2010,75.17,12241000.0,8363404.0,2.34,7.06,0.24
Austria,AUT,,2011,78.74,13022578.0,8391643.0,4.75,6.38,0.34
Austria,AUT,,2012,80.03,13588000.0,8429991.0,1.64,4.34,0.46
Austria,AUT,,2013,80.62,13272000.0,8479823.0,0.74,-2.33,0.59
Austria,AUT,,2014,81.0,12952605.0,8546356.0,0.47,-2.41,0.78
Austria,AUT,,2015,83.94,13470623.0,8642699.0,3.64,4.0,1.13
Austria,AUT,,2016,84.32,11079460.0,8736668.0,0.46,-17.75,1.09
Austria,AUT,,2017,87.94,10859000.0,8797566.0,4.28,-1.99,0.7
Austria,AUT,,2018,87.48,10984000.0,8840521.0,-0.52,1.15,0.49
Austria,AUT,,2019,87.75,10726000.0,8879920.0,0.31,-2.35,0.45
Austria,AUT,,2020,87.53,10717445.0,8916864.0,-0.25,-0.08,0.42
Austria,AUT,,2021,92.53,10882217.0,8955797.0,5.71,1.54,0.44
Azerbaiyán,AZE,Europa y Asia central (excluido altos ingresos),2010,46.0,9100113.0,9054332.0,67.88,17.31,1.2
Azerbaiyán,AZE,Europa y Asia central (excluido altos ingresos),2011,50.0,10120105.0,9173082.0,8.7,11.21,1.31
Azerbaiyán,AZE,Europa y Asia central (excluido altos ingresos),2012,54.2,10125200.0,9295784.0,8.4,0.05,1.34
Azerbaiyán,AZE,Europa y Asia central (excluido altos ingresos),2013,73.0,10130102.0,9416801.0,34.69,0.05,1.3
Azerbaiyán,AZE,Europa y Asia central (excluido altos ingresos),2014,75.0,10552520.0,9535079.0,2.74,4.17,1.26
Azerbaiyán,AZE,Europa y Asia central (excluido altos ingresos),2015,77.0,10697132.0,9649341.0,2.67,1.37,1.2
Azerbaiyán,AZE,Europa y Asia central (excluido altos ingresos),2016,78.2,10189000.0,9757812.0,1.56,-4.75,1.12
Azerbaiyán,AZE,Europa y Asia central (excluido altos ingresos),2017,79.0,10127000.0,9854033.0,1.02,-0.61,0.99
Azerbaiyán,AZE,Europa y Asia central (excluido altos ingresos),2018,79.8,10339700.0,9939771.0,1.01,2.1,0.87
Azerbaiyán,AZE,Europa y Asia central (excluido altos ingresos),2019,81.1,10750300.0,10024283.0,1.63,3.97,0.85
Azerbaiyán,AZE,Europa y Asia central (excluido altos ingresos),2020,84.6,10344300.0,10093121.0,4.32,-3.78,0.69
Azerbaiyán,AZE,Europa y Asia central (excluido altos ingresos),2021,,10817071.0,10137750.0,,4.57,0.44
Bahamas,BHS,,2010,43.0,428377.0,373272.0,26.92,19.39,1.42
Bahamas,BHS,,2011,65.0,298790.0,377950.0,51.16,-30.25,1.25
Bahamas,BHS,,2012,71.75,300000.0,382061.0,10.38,0.4,1.09
Bahamas,BHS,,2013,72.0,287000.0,385650.0,0.35,-4.33,0.94
Bahamas,BHS,,2014,76.92,314842.0,389131.0,6.83,9.7,0.9
Bahamas,BHS,,2015,78.0,311175.0,392697.0,1.4,-1.16,0.92
Bahamas,BHS,,2016,80.0,360200.0,395976.0,2.56,15.75,0.83
Bahamas,BHS,,2017,80.6,353540.0,399020.0,0.75,-1.85,0.77
Bahamas,BHS,,2018,83.0,388707.0,401906.0,2.98,9.95,0.72
Bahamas,BHS,,2019,85.0,425507.0,404557.0,2.41,9.47,0.66
Bahamas,BHS,,2020,87.0,466000.0,406471.0,2.35,9.52,0.47
Bahamas,BHS,,2021,,,407906.0,,,0.35
Bahrein,BHR,,2010,55.0,1567000.0,1213645.0,3.77,11.77,2.9
Bahrein,BHR,,2011,77.0,1693650.0,1212077.0,40.0,8.08,-0.13
Bahrein,BHR,,2012,88.0,2123903.0,1224939.0,14.29,25.4,1.06
Bahrein,BHR,,2013,90.0,2210190.0,1261673.0,2.27,4.06,3.0
Bahrein,BHR,,2014,90.5,2328994.0,1311134.0,0.56,5.38,3.92
Bahrein,BHR,,2015,93.48,2519055.0,1362142.0,3.29,8.16,3.89
Bahrein,BHR,,2016,98.0,2994865.0,1409661.0,4.84,18.89,3.49
Bahrein,BHR,,2017,95.88,2364477.0,1456834.0,-2.17,-21.05,3.35
Bahrein,BHR,,2018,98.64,2092714.0,1487340.0,2.89,-11.49,2.09
Bahrein,BHR,,2019,99.7,1918635.0,1494188.0,1.07,-8.32,0.46
Bahrein,BHR,,2020,99.67,1770966.0,1477469.0,-0.03,-7.7,-1.12
Bahrein,BHR,,2021,100.0,1923443.0,1463265.0,0.33,8.61,-0.96
Bangladesh,BGD,Asia meridional,2010,3.7,67923887.0,148391139.0,19.35,32.25,1.15
Bangladesh,BGD,Asia meridional,2011,4.5,84368700.0,150211005.0,21.62,24.21,1.23
Bangladesh,BGD,Asia meridional,2012,5.0,97180000.0,152090649.0,11.11,15.18,1.25
Bangladesh,BGD,Asia meridional,2013,6.63,116553076.0,154030139.0,32.6,19.94,1.28
Bangladesh,BGD,Asia meridional,2014,11.9,126866091.0,155961299.0,79.49,8.85,1.25
Bangladesh,BGD,Asia meridional,2015,12.9,131375724.0,157830000.0,8.4,3.55,1.2
Bangladesh,BGD,Asia meridional,2016,18.1,135981846.0,159784568.0,40.31,3.51,1.24
Bangladesh,BGD,Asia meridional,2017,19.8,150945000.0,161793964.0,9.39,11.0,1.26
Bangladesh,BGD,Asia meridional,2018,21.8,161771617.0,163683958.0,10.1,7.17,1.17
Bangladesh,BGD,Asia meridional,2019,23.8,165572000.0,165516222.0,9.17,2.35,1.12
Bangladesh,BGD,Asia meridional,2020,24.8,176279465.0,167420951.0,4.2,6.47,1.15
Bangladesh,BGD,Asia meridional,2021,,181021227.0,169356251.0,,2.69,1.16
Barbados,BRB,,2010,65.1,350061.0,274711.0,0.62,3.86,0.34
Barbados,BRB,,2011,66.5,347917.0,275486.0,2.15,-0.61,0.28
Barbados,BRB,,2012,71.2,349296.0,276197.0,7.07,0.4,0.26
Barbados,BRB,,2013,71.8,307708.0,276865.0,0.84,-11.91,0.24
Barbados,BRB,,2014,75.16,305456.0,277493.0,4.68,-0.73,0.23
Barbados,BRB,,2015,76.11,334792.0,278083.0,1.26,9.6,0.21
Barbados,BRB,,2016,79.55,332208.0,278649.0,4.52,-0.77,0.2
Barbados,BRB,,2017,81.76,329565.0,279187.0,2.78,-0.8,0.19
Barbados,BRB,,2018,,329326.0,279688.0,,-0.07,0.18
Barbados,BRB,,2019,,329326.0,280180.0,,0.0,0.18
Barbados,BRB,,2020,,295000.0,280693.0,,-10.42,0.18
Barbados,BRB,,2021,,316633.0,281200.0,,7.33,0.18
Belarús,BLR,Europa y Asia central (excluido altos ingresos),2010,31.8,10332900.0,9483836.0,15.93,6.68,-0.22
Belarús,BLR,Europa y Asia central (excluido altos ingresos),2011,39.65,10694900.0,9461643.0,24.68,3.5,-0.23
Belarús,BLR,Europa y Asia central (excluido altos ingresos),2012,46.91,10676471.0,9446836.0,18.31,-0.17,-0.16
Belarús,BLR,Europa y Asia central (excluido altos ingresos),2013,54.17,11114440.0,9443211.0,15.48,4.1,-0.04
Belarús,BLR,Europa y Asia central (excluido altos ingresos),2014,59.02,11401927.0,9448515.0,8.95,2.59,0.06
Belarús,BLR,Europa y Asia central (excluido altos ingresos),2015,62.23,11448281.0,9461076.0,5.44,0.41,0.13
Belarús,BLR,Europa y Asia central (excluido altos ingresos),2016,71.11,11439866.0,9469379.0,14.27,-0.07,0.09
Belarús,BLR,Europa y Asia central (excluido altos ingresos),2017,74.44,11415141.0,9458989.0,4.67,-0.22,-0.11
Belarús,BLR,Europa y Asia central (excluido altos ingresos),2018,79.13,11619651.0,9438785.0,6.31,1.79,-0.21
Belarús,BLR,Europa y Asia central (excluido altos ingresos),2019,82.79,11627249.0,9419758.0,4.62,0.07,-0.2
Belarús,BLR,Europa y Asia central (excluido altos ingresos),2020,85.09,11704084.0,9379952.0,2.78,0.66,-0.42
Belarús,BLR,Europa y Asia central (excluido altos ingresos),2021,86.89,11760087.0,9340314.0,2.12,0.48,-0.42
Belice,BLZ,América Latina y el Caribe (excluido altos ingresos),2010,28.2,194201.0,322106.0,3.68,20.04,2.53
Belice,BLZ,América Latina y el Caribe (excluido altos ingresos),2011,30.7,222407.0,329538.0,8.87,14.52,2.31
Belice,BLZ,América Latina y el Caribe (excluido altos ingresos),2012,31.0,172423.0,337059.0,0.98,-22.47,2.28
Belice,BLZ,América Latina y el Caribe (excluido altos ingresos),2013,33.6,174615.0,344688.0,8.39,1.27,2.26
Belice,BLZ,América Latina y el Caribe (excluido altos ingresos),2014,38.7,172300.0,352335.0,15.18,-1.33,2.22
Belice,BLZ,América Latina y el Caribe (excluido altos ingresos),2015,41.59,211946.0,359871.0,7.47,23.01,2.14
Belice,BLZ,América Latina y el Caribe (excluido altos ingresos),2016,44.58,222928.0,367313.0,7.18,5.18,2.07
Belice,BLZ,América Latina y el Caribe (excluido altos ingresos),2017,47.08,239441.0,374693.0,5.62,7.41,2.01
Belice,BLZ,América Latina y el Caribe (excluido altos ingresos),2018,49.8,246311.0,382066.0,5.77,2.87,1.97
Belice,BLZ,América Latina y el Caribe (excluido altos ingresos),2019,50.8,254919.0,389095.0,2.01,3.49,1.84
Belice,BLZ,América Latina y el Caribe (excluido altos ingresos),2020,,264000.0,394921.0,,3.56,1.5
Belice,BLZ,América Latina y el Caribe (excluido altos ingresos),2021,,,400031.0,,,1.29
Benin,BEN,África al sur del Sahara (excluido altos ingresos),2010,3.13,7074914.0,9445710.0,39.73,40.56,2.98
Benin,BEN,África al sur del Sahara (excluido altos ingresos),2011,4.15,7765206.0,9726380.0,32.53,9.76,2.97
Benin,BEN,África al sur del Sahara (excluido altos ingresos),2012,4.5,8407846.0,10014078.0,8.48,8.28,2.96
Benin,BEN,África al sur del Sahara (excluido altos ingresos),2013,4.9,9627447.0,10308730.0,8.89,14.51,2.94
Benin,BEN,África al sur del Sahara (excluido altos ingresos),2014,6.0,8660432.0,10614844.0,22.45,-10.04,2.97
Benin,BEN,África al sur del Sahara (excluido altos ingresos),2015,11.25,9317955.0,10932783.0,87.58,7.59,3.0
Benin,BEN,África al sur del Sahara (excluido altos ingresos),2016,14.5,8892490.0,11260085.0,28.83,-4.57,2.99
Benin,BEN,África al sur del Sahara (excluido altos ingresos),2017,18.7,8773044.0,11596779.0,28.97,-1.34,2.99
Benin,BEN,África al sur del Sahara (excluido altos ingresos),2018,19.0,9461872.0,11940683.0,1.6,7.85,2.97
Benin,BEN,África al sur del Sahara (excluido altos ingresos),2019,22.4,10349847.0,12290444.0,17.89,9.38,2.93
Benin,BEN,África al sur del Sahara (excluido altos ingresos),2020,25.8,11140891.0,12643123.0,15.18,7.64,2.87
Benin,BEN,África al sur del Sahara (excluido altos ingresos),2021,,12731782.0,12996895.0,,14.28,2.8
Bermudas,BMU,,2010,84.21,88200.0,65124.0,1.15,3.76,-0.78
Bermudas,BMU,,2011,88.34,,64564.0,4.9,,-0.86
Bermudas,BMU,,2012,91.3,91000.0,64798.0,3.35,,0.36
Bermudas,BMU,,2013,95.3,94300.0,65001.0,4.38,3.63,0.31
Bermudas,BMU,,2014,96.8,59491.0,65138.0,1.57,-36.91,0.21
Bermudas,BMU,,2015,98.32,38000.0,65237.0,1.57,-36.12,0.15
Bermudas,BMU,,2016,98.0,63891.0,64554.0,-0.33,68.13,-1.05
Bermudas,BMU,,2017,98.37,64997.0,63873.0,0.38,1.73,-1.05
Bermudas,BMU,,2018,,,63918.0,,,0.07
Bermudas,BMU,,2019,,67000.0,63911.0,,,-0.01
Bermudas,BMU,,2020,,68000.0,63893.0,,1.49,-0.03
Bermudas,BMU,,2021,,,63867.0,,,-0.04
Bhután,BTN,Asia meridional,2010,13.6,394316.0,705516.0,89.68,16.34,1.12
Bhután,BTN,Asia meridional,2011,14.4,484189.0,713331.0,5.88,22.79,1.11
Bhután,BTN,Asia meridional,2012,15.6,560890.0,721145.0,8.33,15.84,1.1
Bhután,BTN,Asia meridional,2013,22.4,544337.0,728889.0,43.59,-2.95,1.07
Bhután,BTN,Asia meridional,2014,30.3,624536.0,736357.0,35.27,14.73,1.02
Bhután,BTN,Asia meridional,2015,39.8,675747.0,743274.0,31.35,8.2,0.94
Bhután,BTN,Asia meridional,2016,41.77,698373.0,749761.0,4.96,3.35,0.87
Bhután,BTN,Asia meridional,2017,46.2,730623.0,756121.0,10.6,4.62,0.85
Bhután,BTN,Asia meridional,2018,49.5,703554.0,762096.0,7.14,-3.7,0.79
Bhután,BTN,Asia meridional,2019,53.5,729239.0,767459.0,8.08,3.65,0.7
Bhután,BTN,Asia meridional,2020,53.5,745137.0,772506.0,0.0,2.18,0.66
Bhután,BTN,Asia meridional,2021,85.64,778008.0,777486.0,60.07,4.41,0.64
Bolivia,BOL,América Latina y el Caribe (excluido altos ingresos),2010,22.4,7179293.0,10223270.0,33.33,11.06,1.71
Bolivia,BOL,América Latina y el Caribe (excluido altos ingresos),2011,30.0,8353273.0,10396246.0,33.93,16.35,1.69
Bolivia,BOL,América Latina y el Caribe (excluido altos ingresos),2012,35.34,9493207.0,10569697.0,17.8,13.65,1.67
Bolivia,BOL,América Latina y el Caribe (excluido altos ingresos),2013,36.99,10425704.0,10743349.0,4.67,9.82,1.64
Bolivia,BOL,América Latina y el Caribe (excluido altos ingresos),2014,34.6,10450341.0,10916987.0,-6.46,0.24,1.62
Bolivia,BOL,América Latina y el Caribe (excluido altos ingresos),2015,37.49,10162829.0,11090085.0,8.35,-2.75,1.59
Bolivia,BOL,América Latina y el Caribe (excluido altos ingresos),2016,39.7,10106216.0,11263015.0,5.89,-0.56,1.56
Bolivia,BOL,América Latina y el Caribe (excluido altos ingresos),2017,43.83,10963224.0,11435533.0,10.42,8.48,1.53
Bolivia,BOL,América Latina y el Caribe (excluido altos ingresos),2018,44.29,11445830.0,11606905.0,1.04,4.4,1.5
Bolivia,BOL,América Latina y el Caribe (excluido altos ingresos),2019,47.47,11688830.0,11777315.0,7.2,2.12,1.47
Bolivia,BOL,América Latina y el Caribe (excluido altos ingresos),2020,59.94,11804343.0,11936162.0,26.26,0.99,1.35
Bolivia,BOL,América Latina y el Caribe (excluido altos ingresos),2021,,12033941.0,12079472.0,,1.95,1.2
Bosnia y Herzegovina,BIH,Europa y Asia central (excluido altos ingresos),2010,42.75,3110233.0,3811088.0,13.28,-4.51,-1.72
Bosnia y Herzegovina,BIH,Europa y Asia central (excluido altos ingresos),2011,43.89,3171283.0,3743142.0,2.66,1.96,-1.78
Bosnia y Herzegovina,BIH,Europa y Asia central (excluido altos ingresos),2012,45.06,3357541.0,3674374.0,2.68,5.87,-1.84
Bosnia y Herzegovina,BIH,Europa y Asia central (excluido altos ingresos),2013,48.52,3488319.0,3617559.0,7.67,3.9,-1.55
Bosnia y Herzegovina,BIH,Europa y Asia central (excluido altos ingresos),2014,49.92,3491188.0,3571068.0,2.88,0.08,-1.29
Bosnia y Herzegovina,BIH,Europa y Asia central (excluido altos ingresos),2015,52.6,3443520.0,3524324.0,5.37,-1.37,-1.31
Bosnia y Herzegovina,BIH,Europa y Asia central (excluido altos ingresos),2016,60.26,3404043.0,3480986.0,14.56,-1.15,-1.23
Bosnia y Herzegovina,BIH,Europa y Asia central (excluido altos ingresos),2017,64.89,3440085.0,3440027.0,7.69,1.06,-1.18
Bosnia y Herzegovina,BIH,Europa y Asia central (excluido altos ingresos),2018,70.12,3461058.0,3400129.0,8.06,0.61,-1.16
Bosnia y Herzegovina,BIH,Europa y Asia central (excluido altos ingresos),2019,69.95,3755521.0,3360711.0,-0.25,8.51,-1.16
Bosnia y Herzegovina,BIH,Europa y Asia central (excluido altos ingresos),2020,73.21,3509674.0,3318407.0,4.67,-6.55,-1.26
Bosnia y Herzegovina,BIH,Europa y Asia central (excluido altos ingresos),2021,75.68,3728775.0,3270943.0,3.37,6.24,-1.43
Botswana,BWA,África al sur del Sahara (excluido altos ingresos),2010,6.0,2363411.0,2091664.0,-2.44,26.11,2.08
Botswana,BWA,África al sur del Sahara (excluido altos ingresos),2011,9.0,2900263.0,2134037.0,50.0,22.72,2.03
Botswana,BWA,África al sur del Sahara (excluido altos ingresos),2012,16.0,3081726.0,2175425.0,77.78,6.26,1.94
Botswana,BWA,África al sur del Sahara (excluido altos ingresos),2013,30.0,3246787.0,2217278.0,87.5,5.36,1.92
Botswana,BWA,África al sur del Sahara (excluido altos ingresos),2014,36.74,3410507.0,2260376.0,22.48,5.04,1.94
Botswana,BWA,África al sur del Sahara (excluido altos ingresos),2015,37.31,3475327.0,2305171.0,1.54,1.9,1.98
Botswana,BWA,África al sur del Sahara (excluido altos ingresos),2016,39.36,3288986.0,2352416.0,5.5,-5.36,2.05
Botswana,BWA,África al sur del Sahara (excluido altos ingresos),2017,41.41,3240589.0,2401840.0,5.21,-1.47,2.1
Botswana,BWA,África al sur del Sahara (excluido altos ingresos),2018,58.0,3381228.0,2451409.0,40.05,4.34,2.06
Botswana,BWA,África al sur del Sahara (excluido altos ingresos),2019,61.0,3746760.0,2499702.0,5.17,10.81,1.97
Botswana,BWA,África al sur del Sahara (excluido altos ingresos),2020,64.0,3829408.0,2546402.0,4.92,2.21,1.87
Botswana,BWA,África al sur del Sahara (excluido altos ingresos),2021,,4160553.0,2588423.0,,8.65,1.65
Brasil,BRA,América Latina y el Caribe (excluido altos ingresos),2010,40.65,196929978.0,196353492.0,3.65,16.26,0.94
Brasil,BRA,América Latina y el Caribe (excluido altos ingresos),2011,45.69,234357507.0,198185302.0,12.4,19.01,0.93
Brasil,BRA,América Latina y el Caribe (excluido altos ingresos),2012,48.56,248323703.0,199977707.0,6.28,5.96,0.9
Brasil,BRA,América Latina y el Caribe (excluido altos ingresos),2013,51.04,271099799.0,201721767.0,5.11,9.17,0.87
Brasil,BRA,América Latina y el Caribe (excluido altos ingresos),2014,54.55,280728796.0,203459650.0,6.88,3.55,0.86
Brasil,BRA,América Latina y el Caribe (excluido altos ingresos),2015,58.33,257814274.0,205188205.0,6.92,-8.16,0.85
Brasil,BRA,América Latina y el Caribe (excluido altos ingresos),2016,60.87,244067356.0,206859578.0,4.36,-5.33,0.81
Brasil,BRA,América Latina y el Caribe (excluido altos ingresos),2017,67.47,221269215.0,208504960.0,10.84,-9.34,0.8
Brasil,BRA,América Latina y el Caribe (excluido altos ingresos),2018,70.43,209410048.0,210166592.0,4.39,-5.36,0.8
Brasil,BRA,América Latina y el Caribe (excluido altos ingresos),2019,73.91,202009209.0,211782878.0,4.94,-3.53,0.77
Brasil,BRA,América Latina y el Caribe (excluido altos ingresos),2020,81.34,205834781.0,213196304.0,10.05,1.89,0.67
Brasil,BRA,América Latina y el Caribe (excluido altos ingresos),2021,,219660524.0,214326223.0,,6.72,0.53
Brunei Darussalam,BRN,,2010,53.0,435104.0,396053.0,8.16,5.38,1.47
Brunei Darussalam,BRN,,2011,56.0,443161.0,401506.0,5.66,1.85,1.38
Brunei Darussalam,BRN,,2012,60.27,469740.0,406634.0,7.63,6.0,1.28
Brunei Darussalam,BRN,,2013,64.5,468814.0,411702.0,7.01,-0.2,1.25
Brunei Darussalam,BRN,,2014,68.77,452054.0,416656.0,6.62,-3.57,1.2
Brunei Darussalam,BRN,,2015,71.2,463384.0,421437.0,3.53,2.51,1.15
Brunei Darussalam,BRN,,2016,90.0,523453.0,425994.0,26.4,12.96,1.08
Brunei Darussalam,BRN,,2017,94.87,544732.0,430276.0,5.41,4.07,1.01
Brunei Darussalam,BRN,,2018,95.0,565949.0,434274.0,0.14,3.89,0.93
Brunei Darussalam,BRN,,2019,95.0,574799.0,438048.0,0.0,1.56,0.87
Brunei Darussalam,BRN,,2020,95.0,536589.0,441725.0,0.0,-6.65,0.84
Brunei Darussalam,BRN,,2021,,603486.0,445373.0,,12.47,0.83
Bulgaria,BGR,Europa y Asia central (excluido altos ingresos),2010,46.23,10199942.0,7395599.0,2.73,-2.44,-0.66
Bulgaria,BGR,Europa y Asia central (excluido altos ingresos),2011,47.98,10475083.0,7348328.0,3.79,2.7,-0.64
Bulgaria,BGR,Europa y Asia central (excluido altos ingresos),2012,51.9,10780732.0,7305888.0,8.17,2.92,-0.58
Bulgaria,BGR,Europa y Asia central (excluido altos ingresos),2013,53.06,10486824.0,7265115.0,2.24,-2.73,-0.56
Bulgaria,BGR,Europa y Asia central (excluido altos ingresos),2014,55.49,9486927.0,7223938.0,4.58,-9.53,-0.57
Bulgaria,BGR,Europa y Asia central (excluido altos ingresos),2015,56.66,9194633.0,7177991.0,2.1,-3.08,-0.64
Bulgaria,BGR,Europa y Asia central (excluido altos ingresos),2016,59.83,8973869.0,7127822.0,5.59,-2.4,-0.7
Bulgaria,BGR,Europa y Asia central (excluido altos ingresos),2017,63.41,8532908.0,7075947.0,5.99,-4.91,-0.73
Bulgaria,BGR,Europa y Asia central (excluido altos ingresos),2018,64.78,8387160.0,7025037.0,2.16,-1.71,-0.72
Bulgaria,BGR,Europa y Asia central (excluido altos ingresos),2019,67.95,8134581.0,6975761.0,4.89,-3.01,-0.7
Bulgaria,BGR,Europa y Asia central (excluido altos ingresos),2020,70.16,7945739.0,6934015.0,3.26,-2.32,-0.6
Bulgaria,BGR,Europa y Asia central (excluido altos ingresos),2021,75.27,7902756.0,6877743.0,7.28,-0.54,-0.81
Burkina Faso,BFA,África al sur del Sahara (excluido altos ingresos),2010,2.4,5707850.0,16116845.0,112.39,49.28,2.98
Burkina Faso,BFA,África al sur del Sahara (excluido altos ingresos),2011,3.0,7682100.0,16602651.0,25.0,34.59,3.01
Burkina Faso,BFA,África al sur del Sahara (excluido altos ingresos),2012,3.73,9976105.0,17113732.0,24.17,29.86,3.08
Burkina Faso,BFA,África al sur del Sahara (excluido altos ingresos),2013,5.0,11240886.0,17636408.0,34.23,12.68,3.05
Burkina Faso,BFA,África al sur del Sahara (excluido altos ingresos),2014,6.0,12494391.0,18169842.0,20.0,11.15,3.02
Burkina Faso,BFA,África al sur del Sahara (excluido altos ingresos),2015,8.0,14446897.0,18718019.0,33.33,15.63,3.02
Burkina Faso,BFA,África al sur del Sahara (excluido altos ingresos),2016,12.0,15404040.0,19275498.0,50.0,6.63,2.98
Burkina Faso,BFA,África al sur del Sahara (excluido altos ingresos),2017,16.8,17946375.0,19835858.0,40.0,16.5,2.91
Burkina Faso,BFA,África al sur del Sahara (excluido altos ingresos),2018,17.4,19339109.0,20392723.0,3.57,7.76,2.81
Burkina Faso,BFA,África al sur del Sahara (excluido altos ingresos),2019,9.27,20364508.0,20951639.0,-46.71,5.3,2.74
Burkina Faso,BFA,África al sur del Sahara (excluido altos ingresos),2020,22.0,22117218.0,21522626.0,137.28,8.61,2.73
Burkina Faso,BFA,África al sur del Sahara (excluido altos ingresos),2021,,24678315.0,22100683.0,,11.58,2.69
Burundi,BDI,África al sur del Sahara (excluido altos ingresos),2010,1.0,1678029.0,9126605.0,11.11,82.25,4.79
Burundi,BDI,África al sur del Sahara (excluido altos ingresos),2011,1.11,1914586.0,9455733.0,11.0,14.1,3.61
Burundi,BDI,África al sur del Sahara (excluido altos ingresos),2012,1.22,2247126.0,9795479.0,9.91,17.37,3.59
Burundi,BDI,África al sur del Sahara (excluido altos ingresos),2013,1.26,2536831.0,10149577.0,3.62,12.89,3.61
Burundi,BDI,África al sur del Sahara (excluido altos ingresos),2014,1.4,3193257.0,10494913.0,10.74,25.88,3.4
Burundi,BDI,África al sur del Sahara (excluido altos ingresos),2015,2.0,4997696.0,10727148.0,42.86,56.51,2.21
Burundi,BDI,África al sur del Sahara (excluido altos ingresos),2016,2.2,5357816.0,10903327.0,10.0,7.21,1.64
Burundi,BDI,África al sur del Sahara (excluido altos ingresos),2017,2.66,5920612.0,11155593.0,20.94,10.5,2.31
Burundi,BDI,África al sur del Sahara (excluido altos ingresos),2018,4.1,6317965.0,11493472.0,54.09,6.71,3.03
Burundi,BDI,África al sur del Sahara (excluido altos ingresos),2019,6.2,6532039.0,11874838.0,51.22,3.39,3.32
Burundi,BDI,África al sur del Sahara (excluido altos ingresos),2020,9.4,6631151.0,12220227.0,51.61,1.52,2.91
Burundi,BDI,África al sur del Sahara (excluido altos ingresos),2021,,7740494.0,12551213.0,,16.73,2.71
Bélgica,BEL,,2010,75.0,12154041.0,10895586.0,7.14,3.22,0.92
Bélgica,BEL,,2011,81.61,12495934.0,11038264.0,8.81,2.81,1.31
Bélgica,BEL,,2012,80.72,12313375.0,11106932.0,-1.09,-1.46,0.62
Bélgica,BEL,,2013,82.17,12315217.0,11159407.0,1.8,0.01,0.47
Bélgica,BEL,,2014,85.0,12734724.0,11209057.0,3.44,3.41,0.44
Bélgica,BEL,,2015,85.05,12774090.0,11274196.0,0.06,0.31,0.58
Bélgica,BEL,,2016,86.52,12550821.0,11331422.0,1.72,-1.75,0.51
Bélgica,BEL,,2017,87.68,11357286.0,11375158.0,1.34,-9.51,0.39
Bélgica,BEL,,2018,88.65,11447351.0,11427054.0,1.1,0.79,0.46
Bélgica,BEL,,2019,90.28,11509573.0,11488980.0,1.84,0.54,0.54
Bélgica,BEL,,2020,91.53,11529728.0,11538604.0,1.39,0.18,0.43
Bélgica,BEL,,2021,92.79,11740118.0,11592952.0,1.38,1.82,0.47
Cabo Verde,CPV,África al sur del Sahara (excluido altos ingresos),2010,30.0,371871.0,521212.0,42.86,27.96,1.08
Cabo Verde,CPV,África al sur del Sahara (excluido altos ingresos),2011,32.0,396429.0,527521.0,6.67,6.6,1.21
Cabo Verde,CPV,África al sur del Sahara (excluido altos ingresos),2012,34.74,425310.0,533864.0,8.56,7.29,1.2
Cabo Verde,CPV,África al sur del Sahara (excluido altos ingresos),2013,37.5,499458.0,539940.0,7.94,17.43,1.14
Cabo Verde,CPV,África al sur del Sahara (excluido altos ingresos),2014,40.26,613378.0,546076.0,7.36,22.81,1.14
Cabo Verde,CPV,África al sur del Sahara (excluido altos ingresos),2015,42.68,611468.0,552166.0,6.02,-0.31,1.12
Cabo Verde,CPV,África al sur del Sahara (excluido altos ingresos),2016,50.32,601956.0,558394.0,17.9,-1.56,1.13
Cabo Verde,CPV,África al sur del Sahara (excluido altos ingresos),2017,57.16,612259.0,564954.0,13.59,1.71,1.17
Cabo Verde,CPV,África al sur del Sahara (excluido altos ingresos),2018,59.5,610328.0,571202.0,4.09,-0.32,1.11
Cabo Verde,CPV,África al sur del Sahara (excluido altos ingresos),2019,61.94,595681.0,577030.0,4.11,-2.4,1.02
Cabo Verde,CPV,África al sur del Sahara (excluido altos ingresos),2020,64.5,544729.0,582640.0,4.13,-8.55,0.97
Cabo Verde,CPV,África al sur del Sahara (excluido altos ingresos),2021,,590171.0,587925.0,,8.34,0.91
Camboya,KHM,Asia oriental y el Pacífico (excluido altos ingresos),2010,1.26,8150764.0,14363532.0,137.74,30.04,1.47
Camboya,KHM,Asia oriental y el Pacífico (excluido altos ingresos),2011,3.1,13757000.0,14573885.0,146.03,68.78,1.46
Camboya,KHM,Asia oriental y el Pacífico (excluido altos ingresos),2012,4.94,19105115.0,14786640.0,59.35,38.88,1.46
Camboya,KHM,Asia oriental y el Pacífico (excluido altos ingresos),2013,6.0,20264514.0,14999683.0,21.46,6.07,1.44
Camboya,KHM,Asia oriental y el Pacífico (excluido altos ingresos),2014,14.0,20451982.0,15210817.0,133.33,0.93,1.41
Camboya,KHM,Asia oriental y el Pacífico (excluido altos ingresos),2015,18.0,20850543.0,15417523.0,28.57,1.95,1.36
Camboya,KHM,Asia oriental y el Pacífico (excluido altos ingresos),2016,32.4,19915503.0,15624584.0,79.99,-4.48,1.34
Camboya,KHM,Asia oriental y el Pacífico (excluido altos ingresos),2017,32.9,18572973.0,15830689.0,1.55,-6.74,1.32
Camboya,KHM,Asia oriental y el Pacífico (excluido altos ingresos),2018,,19417123.0,16025238.0,,4.55,1.23
Camboya,KHM,Asia oriental y el Pacífico (excluido altos ingresos),2019,,21418681.0,16207746.0,,10.31,1.14
Camboya,KHM,Asia oriental y el Pacífico (excluido altos ingresos),2020,,21086791.0,16396860.0,,-1.55,1.17
Camboya,KHM,Asia oriental y el Pacífico (excluido altos ingresos),2021,,19899790.0,16589023.0,,-5.63,1.17
Camerún,CMR,África al sur del Sahara (excluido altos ingresos),2010,4.3,8636652.0,19878036.0,11.98,7.9,2.89
Camerún,CMR,África al sur del Sahara (excluido altos ingresos),2011,5.0,10486614.0,20448873.0,16.28,21.42,2.87
Camerún,CMR,África al sur del Sahara (excluido altos ingresos),2012,7.5,13108058.0,21032684.0,50.0,25.0,2.85
Camerún,CMR,África al sur del Sahara (excluido altos ingresos),2013,10.0,15664666.0,21632850.0,33.33,19.5,2.85
Camerún,CMR,África al sur del Sahara (excluido altos ingresos),2014,16.21,17039059.0,22299585.0,62.15,8.77,3.08
Camerún,CMR,África al sur del Sahara (excluido altos ingresos),2015,18.3,18160667.0,23012646.0,12.86,6.58,3.2
Camerún,CMR,África al sur del Sahara (excluido altos ingresos),2016,20.6,18717503.0,23711630.0,12.57,3.07,3.04
Camerún,CMR,África al sur del Sahara (excluido altos ingresos),2017,23.2,20135388.0,24393181.0,12.64,7.58,2.87
Camerún,CMR,África al sur del Sahara (excluido altos ingresos),2018,29.7,18455836.0,25076747.0,28.0,-8.34,2.8
Camerún,CMR,África al sur del Sahara (excluido altos ingresos),2019,33.5,21400736.0,25782341.0,12.79,15.96,2.81
Camerún,CMR,África al sur del Sahara (excluido altos ingresos),2020,37.8,22350310.0,26491087.0,12.84,4.44,2.75
Camerún,CMR,África al sur del Sahara (excluido altos ingresos),2021,,22442414.0,27198628.0,,0.41,2.67
Canadá,CAN,,2010,80.3,25825400.0,34004889.0,0.0,8.46,1.12
Canadá,CAN,,2011,83.0,26840000.0,34339328.0,3.36,3.93,0.98
Canadá,CAN,,2012,83.0,27720000.0,34714222.0,0.0,3.28,1.09
Canadá,CAN,,2013,85.8,28360000.0,35082954.0,3.37,2.31,1.06
Canadá,CAN,,2014,87.12,28789000.0,35437435.0,1.54,1.51,1.01
Canadá,CAN,,2015,90.0,29765000.0,35702908.0,3.31,3.39,0.75
Canadá,CAN,,2016,91.16,30752000.0,36109487.0,1.29,3.32,1.14
Canadá,CAN,,2017,92.7,31693000.0,36545236.0,1.69,3.06,1.21
Canadá,CAN,,2018,94.64,33211000.0,37065084.0,2.09,4.79,1.42
Canadá,CAN,,2019,96.5,34366950.0,37601230.0,1.97,3.48,1.45
Canadá,CAN,,2020,92.3,32360144.0,38037204.0,-4.35,-5.84,1.16
Canadá,CAN,,2021,,32723000.0,38246108.0,,1.12,0.55
Chad,TCD,África al sur del Sahara (excluido altos ingresos),2010,1.7,2875304.0,11894727.0,13.33,26.04,3.47
Chad,TCD,África al sur del Sahara (excluido altos ingresos),2011,1.9,3665661.0,12317730.0,11.76,27.49,3.56
Chad,TCD,África al sur del Sahara (excluido altos ingresos),2012,2.1,4402282.0,12754906.0,10.53,20.1,3.55
Chad,TCD,África al sur del Sahara (excluido altos ingresos),2013,2.5,4561243.0,13216766.0,19.05,3.61,3.62
Chad,TCD,África al sur del Sahara (excluido altos ingresos),2014,2.9,5251560.0,13697126.0,16.0,15.13,3.63
Chad,TCD,África al sur del Sahara (excluido altos ingresos),2015,3.5,5465797.0,14140274.0,20.69,4.08,3.24
Chad,TCD,África al sur del Sahara (excluido altos ingresos),2016,5.8,5585709.0,14592585.0,65.71,2.19,3.2
Chad,TCD,África al sur del Sahara (excluido altos ingresos),2017,7.4,6368600.0,15085884.0,27.59,14.02,3.38
Chad,TCD,África al sur del Sahara (excluido altos ingresos),2018,8.0,6984130.0,15604210.0,8.11,9.67,3.44
Chad,TCD,África al sur del Sahara (excluido altos ingresos),2019,9.8,7664839.0,16126866.0,22.5,9.75,3.35
Chad,TCD,África al sur del Sahara (excluido altos ingresos),2020,10.4,8687151.0,16644701.0,6.12,13.34,3.21
Chad,TCD,África al sur del Sahara (excluido altos ingresos),2021,,,17179740.0,,,3.21
Chile,CHL,,2010,45.0,19852242.0,17004162.0,8.28,20.68,1.01
Chile,CHL,,2011,52.25,22315248.0,17173573.0,16.11,12.41,1.0
Chile,CHL,,2012,55.05,23940973.0,17341771.0,5.36,7.29,0.98
Chile,CHL,,2013,58.0,23661339.0,17509925.0,5.36,-1.17,0.97
Chile,CHL,,2014,61.11,23680718.0,17687108.0,5.36,0.08,1.01
Chile,CHL,,2015,76.63,23206353.0,17870124.0,25.4,-2.0,1.03
Chile,CHL,,2016,83.56,23302603.0,18083879.0,9.04,0.41,1.2
Chile,CHL,,2017,82.33,23013147.0,18368577.0,-1.47,-1.24,1.57
Chile,CHL,,2018,84.9,25178981.0,18701450.0,3.12,9.41,1.81
Chile,CHL,,2019,7.66,25051668.0,19039485.0,-90.97,-0.51,1.81
Chile,CHL,,2020,88.3,25068249.0,19300315.0,1052.3,0.07,1.37
Chile,CHL,,2021,,26571823.0,19493184.0,,6.0,1.0
China,CHN,Asia oriental y el Pacífico (excluido altos ingresos),2010,34.3,859003000.0,1337705000.0,18.69,14.96,0.48
China,CHN,Asia oriental y el Pacífico (excluido altos ingresos),2011,38.3,986253000.0,1345035000.0,11.66,14.81,0.55
China,CHN,Asia oriental y el Pacífico (excluido altos ingresos),2012,42.3,1112155000.0,1354190000.0,10.44,12.77,0.68
China,CHN,Asia oriental y el Pacífico (excluido altos ingresos),2013,45.8,1229113000.0,1363240000.0,8.27,10.52,0.67
China,CHN,Asia oriental y el Pacífico (excluido altos ingresos),2014,47.9,1286093000.0,1371860000.0,4.59,4.64,0.63
China,CHN,Asia oriental y el Pacífico (excluido altos ingresos),2015,50.3,1291984200.0,1379860000.0,5.01,0.46,0.58
China,CHN,Asia oriental y el Pacífico (excluido altos ingresos),2016,53.2,1364934000.0,1387790000.0,5.77,5.65,0.57
China,CHN,Asia oriental y el Pacífico (excluido altos ingresos),2017,54.3,1469882500.0,1396215000.0,2.07,7.69,0.61
China,CHN,Asia oriental y el Pacífico (excluido altos ingresos),2018,59.2,1649301700.0,1402760000.0,9.02,12.21,0.47
China,CHN,Asia oriental y el Pacífico (excluido altos ingresos),2019,64.11,1746238000.0,1407745000.0,8.29,5.88,0.36
China,CHN,Asia oriental y el Pacífico (excluido altos ingresos),2020,70.05,1718411000.0,1411100000.0,9.27,-1.59,0.24
China,CHN,Asia oriental y el Pacífico (excluido altos ingresos),2021,73.05,1732661400.0,1412360000.0,4.28,0.83,0.09
Chipre,CYP,,2010,52.99,1034071.0,1129686.0,6.38,5.79,1.68
Chipre,CYP,,2011,56.86,1090944.0,1145086.0,7.3,5.5,1.36
Chipre,CYP,,2012,60.69,1110935.0,1156556.0,6.74,1.83,1.0
Chipre,CYP,,2013,65.45,1099621.0,1166968.0,7.85,-1.02,0.9
Chipre,CYP,,2014,69.33,1110802.0,1176995.0,5.92,1.02,0.86
Chipre,CYP,,2015,71.72,1111123.0,1187280.0,3.44,0.03,0.87
Chipre,CYP,,2016,75.9,1133780.0,1197881.0,5.83,2.04,0.89
Chipre,CYP,,2017,80.74,1176801.0,1208523.0,6.38,3.79,0.89
Chipre,CYP,,2018,84.43,1200378.0,1218831.0,4.57,2.0,0.85
Chipre,CYP,,2019,86.06,1243151.0,1228836.0,1.93,3.56,0.82
Chipre,CYP,,2020,90.8,1239960.0,1237537.0,5.51,-0.26,0.71
Chipre,CYP,,2021,90.76,1320794.0,1244188.0,-0.05,6.52,0.54
Colombia,COL,América Latina y el Caribe (excluido altos ingresos),2010,36.5,44477653.0,44816108.0,21.67,5.5,1.13
Colombia,COL,América Latina y el Caribe (excluido altos ingresos),2011,40.35,46200421.0,45308899.0,10.55,3.87,1.1
Colombia,COL,América Latina y el Caribe (excluido altos ingresos),2012,48.98,49066359.0,45782417.0,21.39,6.2,1.05
Colombia,COL,América Latina y el Caribe (excluido altos ingresos),2013,51.7,50295114.0,46237930.0,5.55,2.5,0.99
Colombia,COL,América Latina y el Caribe (excluido altos ingresos),2014,52.57,55330272.0,46677947.0,1.68,10.01,0.95
Colombia,COL,América Latina y el Caribe (excluido altos ingresos),2015,55.9,57327470.0,47119728.0,6.34,3.61,0.95
Colombia,COL,América Latina y el Caribe (excluido altos ingresos),2016,58.14,58684924.0,47625955.0,3.99,2.37,1.07
Colombia,COL,América Latina y el Caribe (excluido altos ingresos),2017,62.26,62220014.0,48351671.0,7.09,6.02,1.52
Colombia,COL,América Latina y el Caribe (excluido altos ingresos),2018,64.13,64513977.0,49276961.0,3.0,3.69,1.91
Colombia,COL,América Latina y el Caribe (excluido altos ingresos),2019,65.01,66283175.0,50187406.0,1.37,2.74,1.85
Colombia,COL,América Latina y el Caribe (excluido altos ingresos),2020,69.79,67672570.0,50930662.0,7.36,2.1,1.48
Colombia,COL,América Latina y el Caribe (excluido altos ingresos),2021,,75056111.0,51516562.0,,10.91,1.15
Comoras,COM,África al sur del Sahara (excluido altos ingresos),2010,5.1,165278.0,656024.0,45.71,34.82,2.11
Comoras,COM,África al sur del Sahara (excluido altos ingresos),2011,5.5,216438.0,670071.0,7.84,30.95,2.14
Comoras,COM,África al sur del Sahara (excluido altos ingresos),2012,5.98,283511.0,684553.0,8.64,30.99,2.16
Comoras,COM,África al sur del Sahara (excluido altos ingresos),2013,6.5,347500.0,699393.0,8.78,22.57,2.17
Comoras,COM,África al sur del Sahara (excluido altos ingresos),2014,6.98,383000.0,714612.0,7.38,10.22,2.18
Comoras,COM,África al sur del Sahara (excluido altos ingresos),2015,7.46,424786.0,730216.0,6.86,10.91,2.18
Comoras,COM,África al sur del Sahara (excluido altos ingresos),2016,7.94,454389.0,746232.0,6.42,6.97,2.19
Comoras,COM,África al sur del Sahara (excluido altos ingresos),2017,8.48,468914.0,761664.0,6.8,3.2,2.07
Comoras,COM,África al sur del Sahara (excluido altos ingresos),2018,,498903.0,776313.0,,6.4,1.92
Comoras,COM,África al sur del Sahara (excluido altos ingresos),2019,,575218.0,790986.0,,15.3,1.89
Comoras,COM,África al sur del Sahara (excluido altos ingresos),2020,,781579.0,806166.0,,35.88,1.92
Comoras,COM,África al sur del Sahara (excluido altos ingresos),2021,,853449.0,821625.0,,9.2,1.92
"Congo, República Democrática del",COD,África al sur del Sahara (excluido altos ingresos),2010,0.72,11820348.0,66391257.0,28.57,24.97,3.3
"Congo, República Democrática del",COD,África al sur del Sahara (excluido altos ingresos),2011,1.2,15644877.0,68654269.0,66.67,32.36,3.41
"Congo, República Democrática del",COD,África al sur del Sahara (excluido altos ingresos),2012,1.68,20092678.0,70997870.0,40.0,28.43,3.41
"Congo, República Democrática del",COD,África al sur del Sahara (excluido altos ingresos),2013,2.2,28231900.0,73460021.0,30.96,40.51,3.47
"Congo, República Democrática del",COD,África al sur del Sahara (excluido altos ingresos),2014,3.0,37102958.0,76035588.0,36.36,31.42,3.51
"Congo, República Democrática del",COD,África al sur del Sahara (excluido altos ingresos),2015,3.8,37752782.0,78656904.0,26.67,1.75,3.45
"Congo, República Democrática del",COD,África al sur del Sahara (excluido altos ingresos),2016,10.1,28889317.0,81430977.0,165.79,-23.48,3.53
"Congo, República Democrática del",COD,África al sur del Sahara (excluido altos ingresos),2017,8.62,35375246.0,84283273.0,-14.65,22.45,3.5
"Congo, República Democrática del",COD,África al sur del Sahara (excluido altos ingresos),2018,11.7,36470600.0,87087355.0,35.73,3.1,3.33
"Congo, República Democrática del",COD,África al sur del Sahara (excluido altos ingresos),2019,12.5,37123208.0,89906890.0,6.84,1.79,3.24
"Congo, República Democrática del",COD,África al sur del Sahara (excluido altos ingresos),2020,13.6,40798396.0,92853164.0,8.8,9.9,3.28
"Congo, República Democrática del",COD,África al sur del Sahara (excluido altos ingresos),2021,,,95894118.0,,,3.28
"Congo, República del",COG,África al sur del Sahara (excluido altos ingresos),2010,5.0,3718748.0,4437884.0,11.11,26.13,4.24
"Congo, República del",COG,África al sur del Sahara (excluido altos ingresos),2011,5.6,3884757.0,4584216.0,12.0,4.46,3.3
"Congo, República del",COG,África al sur del Sahara (excluido altos ingresos),2012,6.11,4283134.0,4713257.0,9.05,10.25,2.81
"Congo, República del",COG,África al sur del Sahara (excluido altos ingresos),2013,6.6,4659762.0,4828066.0,8.08,8.79,2.44
"Congo, República del",COG,África al sur del Sahara (excluido altos ingresos),2014,7.11,4930100.0,4944861.0,7.73,5.8,2.42
"Congo, República del",COG,África al sur del Sahara (excluido altos ingresos),2015,7.62,5216000.0,5064386.0,7.12,5.8,2.42
"Congo, República del",COG,África al sur del Sahara (excluido altos ingresos),2016,8.12,5424000.0,5186824.0,6.64,3.99,2.42
"Congo, República del",COG,África al sur del Sahara (excluido altos ingresos),2017,8.65,5056000.0,5312340.0,6.5,-6.78,2.42
"Congo, República del",COG,África al sur del Sahara (excluido altos ingresos),2018,,5000000.0,5441062.0,,-1.11,2.42
"Congo, República del",COG,África al sur del Sahara (excluido altos ingresos),2019,,4945000.0,5570733.0,,-1.1,2.38
"Congo, República del",COG,África al sur del Sahara (excluido altos ingresos),2020,,4890000.0,5702174.0,,-1.11,2.36
"Congo, República del",COG,África al sur del Sahara (excluido altos ingresos),2021,,5558658.0,5835806.0,,13.67,2.34
"Corea, República Popular Democrática de",PRK,Asia oriental y el Pacífico (excluido altos ingresos),2010,0.0,431919.0,24686435.0,,523.61,0.43
"Corea, República Popular Democrática de",PRK,Asia oriental y el Pacífico (excluido altos ingresos),2011,0.0,1000000.0,24783789.0,,131.52,0.39
"Corea, República Popular Democrática de",PRK,Asia oriental y el Pacífico (excluido altos ingresos),2012,0.0,1700000.0,24887770.0,,70.0,0.42
"Corea, República Popular Democrática de",PRK,Asia oriental y el Pacífico (excluido altos ingresos),2013,0.0,2420000.0,25001819.0,,42.35,0.46
"Corea, República Popular Democrática de",PRK,Asia oriental y el Pacífico (excluido altos ingresos),2014,,2800000.0,25126131.0,,15.7,0.5
"Corea, República Popular Democrática de",PRK,Asia oriental y el Pacífico (excluido altos ingresos),2015,,3240000.0,25258015.0,,15.71,0.52
"Corea, República Popular Democrática de",PRK,Asia oriental y el Pacífico (excluido altos ingresos),2016,,3606000.0,25389611.0,,11.3,0.52
"Corea, República Popular Democrática de",PRK,Asia oriental y el Pacífico (excluido altos ingresos),2017,,3810000.0,25516321.0,,5.66,0.5
"Corea, República Popular Democrática de",PRK,Asia oriental y el Pacífico (excluido altos ingresos),2018,,,25638149.0,,,0.48
"Corea, República Popular Democrática de",PRK,Asia oriental y el Pacífico (excluido altos ingresos),2019,,4253000.0,25755441.0,,,0.46
"Corea, República Popular Democrática de",PRK,Asia oriental y el Pacífico (excluido altos ingresos),2020,,6000000.0,25867467.0,,41.08,0.43
"Corea, República Popular Democrática de",PRK,Asia oriental y el Pacífico (excluido altos ingresos),2021,,,25971909.0,,,0.4
"Corea, República de",KOR,,2010,83.7,50767241.0,49554112.0,2.57,5.89,0.5
"Corea, República de",KOR,,2011,83.76,52506793.0,49936638.0,0.07,3.43,0.77
"Corea, República de",KOR,,2012,84.07,53624427.0,50199853.0,0.37,2.13,0.53
"Corea, República de",KOR,,2013,84.77,54680840.0,50428893.0,0.83,1.97,0.46
"Corea, República de",KOR,,2014,87.56,57290356.0,50746659.0,3.29,4.77,0.63
"Corea, República de",KOR,,2015,89.9,58935081.0,51014947.0,2.67,2.87,0.53
"Corea, República de",KOR,,2016,92.84,61295538.0,51217803.0,3.28,4.01,0.4
"Corea, República de",KOR,,2017,95.07,63658688.0,51361911.0,2.4,3.86,0.28
"Corea, República de",KOR,,2018,96.02,66355778.0,51585058.0,1.0,4.24,0.43
"Corea, República de",KOR,,2019,96.16,68892541.0,51764822.0,0.14,3.82,0.35
"Corea, República de",KOR,,2020,96.51,70513676.0,51836239.0,0.36,2.35,0.14
"Corea, República de",KOR,,2021,97.57,72855492.0,51744876.0,1.1,3.32,-0.18
Costa Rica,CRI,América Latina y el Caribe (excluido altos ingresos),2010,36.5,3128372.0,4622252.0,6.32,60.4,1.3
Costa Rica,CRI,América Latina y el Caribe (excluido altos ingresos),2011,39.21,4153067.0,4679926.0,7.43,32.75,1.25
Costa Rica,CRI,América Latina y el Caribe (excluido altos ingresos),2012,47.5,5378082.0,4736593.0,21.14,29.5,1.21
Costa Rica,CRI,América Latina y el Caribe (excluido altos ingresos),2013,45.96,7111981.0,4791535.0,-3.24,32.24,1.16
Costa Rica,CRI,América Latina y el Caribe (excluido altos ingresos),2014,53.0,7020412.0,4844288.0,15.32,-1.29,1.1
Costa Rica,CRI,América Latina y el Caribe (excluido altos ingresos),2015,59.76,7535599.0,4895242.0,12.76,7.34,1.05
Costa Rica,CRI,América Latina y el Caribe (excluido altos ingresos),2016,65.88,8330664.0,4945205.0,10.24,10.55,1.02
Costa Rica,CRI,América Latina y el Caribe (excluido altos ingresos),2017,71.58,8840342.0,4993842.0,8.65,6.12,0.98
Costa Rica,CRI,América Latina y el Caribe (excluido altos ingresos),2018,73.48,8495585.0,5040734.0,2.65,-3.9,0.94
Costa Rica,CRI,América Latina y el Caribe (excluido altos ingresos),2019,81.2,8550243.0,5084532.0,10.51,0.64,0.87
Costa Rica,CRI,América Latina y el Caribe (excluido altos ingresos),2020,80.53,7512370.0,5123105.0,-0.83,-12.14,0.76
Costa Rica,CRI,América Latina y el Caribe (excluido altos ingresos),2021,82.75,7834435.0,5153957.0,2.76,4.29,0.6
Croacia,HRV,,2010,56.55,4928352.0,4295427.0,11.8,5.42,-0.23
Croacia,HRV,,2011,57.79,5115140.0,4280622.0,2.19,3.79,-0.34
Croacia,HRV,,2012,61.94,4971351.0,4267558.0,7.18,-2.81,-0.31
Croacia,HRV,,2013,66.75,4721015.0,4255689.0,7.76,-5.04,-0.28
Croacia,HRV,,2014,68.57,4461352.0,4238389.0,2.73,-5.5,-0.41
Croacia,HRV,,2015,69.85,4415660.0,4203604.0,1.86,-1.02,-0.82
Croacia,HRV,,2016,72.7,4414347.0,4174349.0,4.08,-0.03,-0.7
Croacia,HRV,,2017,67.1,4315580.0,4124531.0,-7.7,-2.24,-1.19
Croacia,HRV,,2018,75.29,4388476.0,4087843.0,12.22,1.69,-0.89
Croacia,HRV,,2019,79.08,4404652.0,4065253.0,5.03,0.37,-0.55
Croacia,HRV,,2020,78.32,4375699.0,4047680.0,-0.96,-0.66,-0.43
Croacia,HRV,,2021,81.25,4402213.0,3899000.0,3.74,0.61,-3.67
Cuba,CUB,América Latina y el Caribe (excluido altos ingresos),2010,15.9,1003015.0,11290417.0,10.96,61.48,0.06
Cuba,CUB,América Latina y el Caribe (excluido altos ingresos),2011,16.02,1315141.0,11298710.0,0.74,31.12,0.07
Cuba,CUB,América Latina y el Caribe (excluido altos ingresos),2012,21.2,1681645.0,11309290.0,32.36,27.87,0.09
Cuba,CUB,América Latina y el Caribe (excluido altos ingresos),2013,27.93,1995698.0,11321579.0,31.75,18.68,0.11
Cuba,CUB,América Latina y el Caribe (excluido altos ingresos),2014,29.07,2530752.0,11332026.0,4.08,26.81,0.09
Cuba,CUB,América Latina y el Caribe (excluido altos ingresos),2015,37.31,3335346.0,11339894.0,28.33,31.79,0.07
Cuba,CUB,América Latina y el Caribe (excluido altos ingresos),2016,42.98,3987900.0,11342012.0,15.21,19.56,0.02
Cuba,CUB,América Latina y el Caribe (excluido altos ingresos),2017,57.15,4613782.0,11336405.0,32.97,15.69,-0.05
Cuba,CUB,América Latina y el Caribe (excluido altos ingresos),2018,62.68,5373316.0,11328244.0,9.68,16.46,-0.07
Cuba,CUB,América Latina y el Caribe (excluido altos ingresos),2019,67.97,6042629.0,11316697.0,8.44,12.46,-0.1
Cuba,CUB,América Latina y el Caribe (excluido altos ingresos),2020,74.0,6661763.0,11300698.0,8.87,10.25,-0.14
Cuba,CUB,América Latina y el Caribe (excluido altos ingresos),2021,71.12,7103296.0,11256372.0,-3.89,6.63,-0.39
Curacao,CUW,,2010,,204024.0,148703.0,,1.46,1.27
Curacao,CUW,,2011,,206294.0,150831.0,,1.11,1.43
Curacao,CUW,,2012,,204702.0,152088.0,,-0.77,0.83
Curacao,CUW,,2013,,203502.0,153822.0,,-0.59,1.14
Curacao,CUW,,2014,,192569.0,155909.0,,-5.37,1.36
Curacao,CUW,,2015,,190489.0,157980.0,,-1.08,1.33
Curacao,CUW,,2016,61.86,186644.0,159664.0,,-2.02,1.07
Curacao,CUW,,2017,68.13,187184.0,160175.0,10.14,0.29,0.32
Curacao,CUW,,2018,,186390.0,159336.0,,-0.42,-0.52
Curacao,CUW,,2019,,184236.0,157441.0,,-1.16,-1.19
Curacao,CUW,,2020,,182000.0,154947.0,,-1.21,-1.58
Curacao,CUW,,2021,,,152369.0,,,-1.66
Côte d'Ivoire,CIV,África al sur del Sahara (excluido altos ingresos),2010,2.7,15599044.0,21120042.0,35.0,18.32,2.14
Côte d'Ivoire,CIV,África al sur del Sahara (excluido altos ingresos),2011,2.9,17344242.0,21562914.0,7.41,11.19,2.1
Côte d'Ivoire,CIV,África al sur del Sahara (excluido altos ingresos),2012,4.4,18099532.0,22010712.0,51.72,4.35,2.08
Côte d'Ivoire,CIV,África al sur del Sahara (excluido altos ingresos),2013,6.6,19390902.0,22469268.0,50.0,7.13,2.08
Côte d'Ivoire,CIV,África al sur del Sahara (excluido altos ingresos),2014,10.0,22104575.0,22995555.0,51.52,13.99,2.34
Côte d'Ivoire,CIV,África al sur del Sahara (excluido altos ingresos),2015,16.7,25407610.0,23596741.0,67.0,14.94,2.61
Côte d'Ivoire,CIV,África al sur del Sahara (excluido altos ingresos),2016,41.21,27451250.0,24213622.0,146.75,8.04,2.61
Côte d'Ivoire,CIV,África al sur del Sahara (excluido altos ingresos),2017,43.84,31747233.0,24848016.0,6.39,15.65,2.62
Côte d'Ivoire,CIV,África al sur del Sahara (excluido altos ingresos),2018,37.55,33807850.0,25493988.0,-14.36,6.49,2.6
Côte d'Ivoire,CIV,África al sur del Sahara (excluido altos ingresos),2019,36.29,37376603.0,26147551.0,-3.35,10.56,2.56
Côte d'Ivoire,CIV,África al sur del Sahara (excluido altos ingresos),2020,,40095246.0,26811790.0,,7.27,2.54
Côte d'Ivoire,CIV,África al sur del Sahara (excluido altos ingresos),2021,,44561505.0,27478249.0,,11.14,2.49
Dinamarca,DNK,,2010,88.72,6420790.0,5547683.0,2.16,-6.04,0.45
Dinamarca,DNK,,2011,89.81,7173185.0,5570572.0,1.23,11.72,0.41
Dinamarca,DNK,,2012,92.26,7292756.0,5591572.0,2.73,1.67,0.38
Dinamarca,DNK,,2013,94.63,7031152.0,5614932.0,2.57,-3.59,0.42
Dinamarca,DNK,,2014,95.99,7160233.0,5643475.0,1.44,1.84,0.51
Dinamarca,DNK,,2015,96.33,7079249.0,5683483.0,0.35,-1.13,0.71
Dinamarca,DNK,,2016,96.97,6985035.0,5728010.0,0.66,-1.33,0.78
Dinamarca,DNK,,2017,97.1,7140859.0,5764980.0,0.14,2.23,0.65
Dinamarca,DNK,,2018,97.32,7216215.0,5793636.0,0.23,1.06,0.5
Dinamarca,DNK,,2019,98.05,7243465.0,5814422.0,0.75,0.38,0.36
Dinamarca,DNK,,2020,96.55,7252675.0,5831404.0,-1.53,0.13,0.29
Dinamarca,DNK,,2021,98.87,7287875.0,5856733.0,2.4,0.49,0.43
Djibouti,DJI,Oriente Medio y Norte de África (excluido altos ingresos),2010,6.5,165613.0,919199.0,62.5,28.61,2.01
Djibouti,DJI,Oriente Medio y Norte de África (excluido altos ingresos),2011,7.0,193049.0,936811.0,7.69,16.57,1.92
Djibouti,DJI,Oriente Medio y Norte de África (excluido altos ingresos),2012,9.4,212468.0,954297.0,34.29,10.06,1.87
Djibouti,DJI,Oriente Medio y Norte de África (excluido altos ingresos),2013,12.7,244123.0,971753.0,35.11,14.9,1.83
Djibouti,DJI,Oriente Medio y Norte de África (excluido altos ingresos),2014,17.0,287049.0,989087.0,33.86,17.58,1.78
Djibouti,DJI,Oriente Medio y Norte de África (excluido altos ingresos),2015,22.9,314350.0,1006259.0,34.71,9.51,1.74
Djibouti,DJI,Oriente Medio y Norte de África (excluido altos ingresos),2016,30.8,345246.0,1023261.0,34.5,9.83,1.69
Djibouti,DJI,Oriente Medio y Norte de África (excluido altos ingresos),2017,55.68,373052.0,1040233.0,80.78,8.05,1.66
Djibouti,DJI,Oriente Medio y Norte de África (excluido altos ingresos),2018,58.0,395037.0,1057198.0,4.16,5.89,1.63
Djibouti,DJI,Oriente Medio y Norte de África (excluido altos ingresos),2019,59.0,413866.0,1073994.0,1.72,4.77,1.59
Djibouti,DJI,Oriente Medio y Norte de África (excluido altos ingresos),2020,59.0,434035.0,1090156.0,0.0,4.87,1.5
Djibouti,DJI,Oriente Medio y Norte de África (excluido altos ingresos),2021,,489339.0,1105557.0,,12.74,1.41
Dominica,DMA,América Latina y el Caribe (excluido altos ingresos),2010,47.45,105567.0,68755.0,12.92,7.17,-0.05
Dominica,DMA,América Latina y el Caribe (excluido altos ingresos),2011,48.6,108924.0,68742.0,2.42,3.18,-0.02
Dominica,DMA,América Latina y el Caribe (excluido altos ingresos),2012,49.8,109300.0,68888.0,2.47,0.35,0.21
Dominica,DMA,América Latina y el Caribe (excluido altos ingresos),2013,51.0,93575.0,68819.0,2.41,-14.39,-0.1
Dominica,DMA,América Latina y el Caribe (excluido altos ingresos),2014,57.5,73886.0,69371.0,12.75,-21.04,0.8
Dominica,DMA,América Latina y el Caribe (excluido altos ingresos),2015,65.0,77254.0,70007.0,13.04,4.56,0.92
Dominica,DMA,América Latina y el Caribe (excluido altos ingresos),2016,67.03,78444.0,70075.0,3.12,1.54,0.1
Dominica,DMA,América Latina y el Caribe (excluido altos ingresos),2017,69.62,75230.0,70403.0,3.86,-4.1,0.47
Dominica,DMA,América Latina y el Caribe (excluido altos ingresos),2018,,76820.0,70823.0,,2.11,0.6
Dominica,DMA,América Latina y el Caribe (excluido altos ingresos),2019,,78132.0,71428.0,,1.71,0.85
Dominica,DMA,América Latina y el Caribe (excluido altos ingresos),2020,,76000.0,71995.0,,-2.73,0.79
Dominica,DMA,América Latina y el Caribe (excluido altos ingresos),2021,,,72412.0,,,0.58
Ecuador,ECU,América Latina y el Caribe (excluido altos ingresos),2010,29.03,14780730.0,14989585.0,18.01,11.62,1.67
Ecuador,ECU,América Latina y el Caribe (excluido altos ingresos),2011,31.37,15332715.0,15237728.0,8.05,3.73,1.66
Ecuador,ECU,América Latina y el Caribe (excluido altos ingresos),2012,35.14,16456740.0,15483883.0,12.01,7.33,1.62
Ecuador,ECU,América Latina y el Caribe (excluido altos ingresos),2013,40.28,16626199.0,15722989.0,14.64,1.03,1.54
Ecuador,ECU,América Latina y el Caribe (excluido altos ingresos),2014,45.59,16605737.0,15957994.0,13.19,-0.12,1.49
Ecuador,ECU,América Latina y el Caribe (excluido altos ingresos),2015,48.94,12943791.0,16195902.0,7.35,-22.05,1.49
Ecuador,ECU,América Latina y el Caribe (excluido altos ingresos),2016,54.06,13882280.0,16439585.0,10.47,7.25,1.5
Ecuador,ECU,América Latina y el Caribe (excluido altos ingresos),2017,55.8,14651404.0,16696944.0,3.21,5.54,1.57
Ecuador,ECU,América Latina y el Caribe (excluido altos ingresos),2018,57.5,15772838.0,17015672.0,3.05,7.65,1.91
Ecuador,ECU,América Latina y el Caribe (excluido altos ingresos),2019,59.2,15853100.0,17343740.0,2.96,0.51,1.93
Ecuador,ECU,América Latina y el Caribe (excluido altos ingresos),2020,70.7,15485366.0,17588595.0,19.43,-2.32,1.41
Ecuador,ECU,América Latina y el Caribe (excluido altos ingresos),2021,,16789600.0,17797737.0,,8.42,1.19
"Egipto, República Árabe de",EGY,Oriente Medio y Norte de África (excluido altos ingresos),2010,21.6,70661005.0,87252413.0,8.0,27.66,2.05
"Egipto, República Árabe de",EGY,Oriente Medio y Norte de África (excluido altos ingresos),2011,25.6,83425145.0,89200054.0,18.52,18.06,2.23
"Egipto, República Árabe de",EGY,Oriente Medio y Norte de África (excluido altos ingresos),2012,26.4,96798801.0,91240376.0,3.12,16.03,2.29
"Egipto, República Árabe de",EGY,Oriente Medio y Norte de África (excluido altos ingresos),2013,29.4,99704976.0,93377890.0,11.36,3.0,2.34
"Egipto, República Árabe de",EGY,Oriente Medio y Norte de África (excluido altos ingresos),2014,33.89,95316034.0,95592324.0,15.29,-4.4,2.37
"Egipto, República Árabe de",EGY,Oriente Medio y Norte de África (excluido altos ingresos),2015,37.82,94016152.0,97723799.0,11.58,-1.36,2.23
"Egipto, República Árabe de",EGY,Oriente Medio y Norte de África (excluido altos ingresos),2016,41.25,97791441.0,99784030.0,9.07,4.02,2.11
"Egipto, República Árabe de",EGY,Oriente Medio y Norte de África (excluido altos ingresos),2017,44.95,102958194.0,101789386.0,8.98,5.28,2.01
"Egipto, República Árabe de",EGY,Oriente Medio y Norte de África (excluido altos ingresos),2018,46.92,93784497.0,103740765.0,4.39,-8.91,1.92
"Egipto, República Árabe de",EGY,Oriente Medio y Norte de África (excluido altos ingresos),2019,57.28,95340262.0,105618671.0,22.07,1.66,1.81
"Egipto, República Árabe de",EGY,Oriente Medio y Norte de África (excluido altos ingresos),2020,71.91,95357427.0,107465134.0,25.54,0.02,1.75
"Egipto, República Árabe de",EGY,Oriente Medio y Norte de África (excluido altos ingresos),2021,,103449734.0,109262178.0,,8.49,1.67
El Salvador,SLV,América Latina y el Caribe (excluido altos ingresos),2010,15.9,7700336.0,6114034.0,31.3,1.77,0.38
El Salvador,SLV,América Latina y el Caribe (excluido altos ingresos),2011,18.9,8316150.0,6137349.0,18.87,8.0,0.38
El Salvador,SLV,América Latina y el Caribe (excluido altos ingresos),2012,20.32,8649000.0,6161289.0,7.52,4.0,0.39
El Salvador,SLV,América Latina y el Caribe (excluido altos ingresos),2013,23.11,8991899.0,6185642.0,13.72,3.96,0.4
El Salvador,SLV,América Latina y el Caribe (excluido altos ingresos),2014,24.76,9193342.0,6209526.0,7.15,2.24,0.39
El Salvador,SLV,América Latina y el Caribe (excluido altos ingresos),2015,26.8,9334132.0,6231066.0,8.24,1.53,0.35
El Salvador,SLV,América Latina y el Caribe (excluido altos ingresos),2016,29.0,9637259.0,6250510.0,8.19,3.25,0.31
El Salvador,SLV,América Latina y el Caribe (excluido altos ingresos),2017,33.82,9478044.0,6266654.0,16.63,-1.65,0.26
El Salvador,SLV,América Latina y el Caribe (excluido altos ingresos),2018,43.8,9433495.0,6276342.0,29.51,-0.47,0.15
El Salvador,SLV,América Latina y el Caribe (excluido altos ingresos),2019,50.49,10396786.0,6280217.0,15.28,10.21,0.06
El Salvador,SLV,América Latina y el Caribe (excluido altos ingresos),2020,54.6,9949000.0,6292731.0,8.14,-4.31,0.2
El Salvador,SLV,América Latina y el Caribe (excluido altos ingresos),2021,,11071073.0,6314167.0,,11.28,0.34
Emiratos Árabes Unidos,ARE,,2010,68.0,10926019.0,8481771.0,6.25,2.38,6.12
Emiratos Árabes Unidos,ARE,,2011,78.0,11727401.0,8575205.0,14.71,7.33,1.1
Emiratos Árabes Unidos,ARE,,2012,85.0,13775252.0,8664969.0,8.97,17.46,1.05
Emiratos Árabes Unidos,ARE,,2013,88.0,16063547.0,8751847.0,3.53,16.61,1.0
Emiratos Árabes Unidos,ARE,,2014,90.4,16819024.0,8835951.0,2.73,4.7,0.96
Emiratos Árabes Unidos,ARE,,2015,90.5,17942560.0,8916899.0,0.11,6.68,0.92
Emiratos Árabes Unidos,ARE,,2016,90.6,19905093.0,8994263.0,0.11,10.94,0.87
Emiratos Árabes Unidos,ARE,,2017,94.82,19826224.0,9068296.0,4.66,-0.4,0.82
Emiratos Árabes Unidos,ARE,,2018,98.45,20081015.0,9140169.0,3.83,1.29,0.79
Emiratos Árabes Unidos,ARE,,2019,99.15,19602815.0,9211657.0,0.71,-2.38,0.78
Emiratos Árabes Unidos,ARE,,2020,100.0,18374332.0,9287289.0,0.86,-6.27,0.82
Emiratos Árabes Unidos,ARE,,2021,100.0,18237084.0,9365145.0,0.0,-0.75,0.84
Eritrea,ERI,África al sur del Sahara (excluido altos ingresos),2010,0.61,185275.0,3147727.0,12.96,31.28,2.07
Eritrea,ERI,África al sur del Sahara (excluido altos ingresos),2011,0.7,241939.0,3207570.0,14.75,30.58,1.9
Eritrea,ERI,África al sur del Sahara (excluido altos ingresos),2012,0.8,305283.0,3252596.0,14.29,26.18,1.4
Eritrea,ERI,África al sur del Sahara (excluido altos ingresos),2013,0.9,354844.0,3296367.0,12.5,16.23,1.35
Eritrea,ERI,África al sur del Sahara (excluido altos ingresos),2014,0.99,417400.0,3323425.0,10.0,17.63,0.82
Eritrea,ERI,África al sur del Sahara (excluido altos ingresos),2015,1.08,475000.0,3340006.0,9.47,13.8,0.5
Eritrea,ERI,África al sur del Sahara (excluido altos ingresos),2016,1.18,506000.0,3365287.0,8.62,6.53,0.76
Eritrea,ERI,África al sur del Sahara (excluido altos ingresos),2017,1.31,695000.0,3396933.0,11.2,37.35,0.94
Eritrea,ERI,África al sur del Sahara (excluido altos ingresos),2018,,,3445374.0,,,1.43
Eritrea,ERI,África al sur del Sahara (excluido altos ingresos),2019,,1311000.0,3498818.0,,,1.55
Eritrea,ERI,África al sur del Sahara (excluido altos ingresos),2020,,1801000.0,3555868.0,,37.38,1.63
Eritrea,ERI,África al sur del Sahara (excluido altos ingresos),2021,,,3620312.0,,,1.81
Eslovenia,SVN,,2010,70.0,2121950.0,2048583.0,9.38,1.02,0.44
Eslovenia,SVN,,2011,67.34,2168548.0,2052843.0,-3.8,2.2,0.21
Eslovenia,SVN,,2012,68.35,2241160.0,2057159.0,1.5,3.35,0.21
Eslovenia,SVN,,2013,72.68,2283573.0,2059953.0,6.33,1.89,0.14
Eslovenia,SVN,,2014,71.59,2326386.0,2061980.0,-1.49,1.87,0.1
Eslovenia,SVN,,2015,73.1,2353926.0,2063531.0,2.11,1.18,0.08
Eslovenia,SVN,,2016,75.5,2385757.0,2065042.0,3.28,1.35,0.07
Eslovenia,SVN,,2017,78.89,2443172.0,2066388.0,4.49,2.41,0.07
Eslovenia,SVN,,2018,79.75,2465857.0,2073894.0,1.1,0.93,0.36
Eslovenia,SVN,,2019,83.11,2511979.0,2088385.0,4.21,1.87,0.7
Eslovenia,SVN,,2020,86.6,2550895.0,2102419.0,4.2,1.55,0.67
Eslovenia,SVN,,2021,89.0,2607268.0,2108079.0,2.77,2.21,0.27
España,ESP,,2010,65.8,51389417.0,46576897.0,5.45,0.66,0.46
España,ESP,,2011,67.09,52590507.0,46742697.0,1.96,2.34,0.36
España,ESP,,2012,69.81,50665099.0,46773055.0,4.05,-3.66,0.06
España,ESP,,2013,71.64,50158689.0,46620045.0,2.61,-1.0,-0.33
España,ESP,,2014,76.19,50806251.0,46480882.0,6.36,1.29,-0.3
España,ESP,,2015,78.69,51067770.0,46444832.0,3.28,0.51,-0.08
España,ESP,,2016,80.56,51521507.0,46484062.0,2.38,0.89,0.08
España,ESP,,2017,84.6,52506928.0,46593236.0,5.02,1.91,0.23
España,ESP,,2018,86.11,54161014.0,46797754.0,1.78,3.15,0.44
España,ESP,,2019,90.72,55354944.0,47134837.0,5.36,2.2,0.72
España,ESP,,2020,93.21,55647705.0,47365655.0,2.74,0.53,0.49
España,ESP,,2021,93.9,56805348.0,47415750.0,0.74,2.08,0.11
Estados Unidos,USA,,2010,71.69,285118000.0,309327143.0,0.97,3.95,0.83
Estados Unidos,USA,,2011,69.73,297404000.0,311583481.0,-2.73,4.31,0.73
Estados Unidos,USA,,2012,74.7,304838000.0,313877662.0,7.13,2.5,0.74
Estados Unidos,USA,,2013,71.4,310698000.0,316059947.0,-4.42,1.92,0.7
Estados Unidos,USA,,2014,73.0,322597000.0,318386329.0,2.24,3.83,0.74
Estados Unidos,USA,,2015,74.55,332101000.0,320738994.0,2.13,2.95,0.74
Estados Unidos,USA,,2016,85.54,338238000.0,323071755.0,14.74,1.85,0.73
Estados Unidos,USA,,2017,87.27,340113000.0,325122128.0,2.02,0.55,0.63
Estados Unidos,USA,,2018,88.5,348242000.0,326838199.0,1.4,2.39,0.53
Estados Unidos,USA,,2019,89.43,355763000.0,328329953.0,1.05,2.16,0.46
Estados Unidos,USA,,2020,90.9,352522000.0,331501080.0,1.64,-0.91,0.97
Estados Unidos,USA,,2021,,361617000.0,331893745.0,,2.58,0.12
Estonia,EST,,2010,74.1,1652809.0,1331475.0,2.21,5.24,-0.23
Estonia,EST,,2011,76.5,1806075.0,1327439.0,3.24,9.27,-0.3
Estonia,EST,,2012,78.39,1999750.0,1322696.0,2.47,10.72,-0.36
Estonia,EST,,2013,80.0,1927423.0,1317997.0,2.06,-3.62,-0.36
Estonia,EST,,2014,84.24,1897551.0,1314545.0,5.3,-1.55,-0.26
Estonia,EST,,2015,88.41,1903545.0,1315407.0,4.95,0.32,0.07
Estonia,EST,,2016,87.24,1897921.0,1315790.0,-1.32,-0.3,0.03
Estonia,EST,,2017,88.1,1904425.0,1317384.0,0.99,0.34,0.12
Estonia,EST,,2018,89.36,1924034.0,1321977.0,1.42,1.03,0.35
Estonia,EST,,2019,90.23,1951051.0,1326898.0,0.98,1.4,0.37
Estonia,EST,,2020,89.06,1925789.0,1329522.0,-1.3,-1.29,0.2
Estonia,EST,,2021,91.04,1980838.0,1330932.0,2.22,2.86,0.11
Eswatini,SWZ,África al sur del Sahara (excluido altos ingresos),2010,11.04,725802.0,1099920.0,23.49,9.24,0.46
Eswatini,SWZ,África al sur del Sahara (excluido altos ingresos),2011,18.13,766540.0,1105371.0,64.22,5.61,0.5
Eswatini,SWZ,África al sur del Sahara (excluido altos ingresos),2012,20.78,805000.0,1111444.0,14.63,5.02,0.55
Eswatini,SWZ,África al sur del Sahara (excluido altos ingresos),2013,24.7,893000.0,1118319.0,18.85,10.93,0.62
Eswatini,SWZ,África al sur del Sahara (excluido altos ingresos),2014,25.0,916800.0,1125865.0,1.21,2.67,0.67
Eswatini,SWZ,África al sur del Sahara (excluido altos ingresos),2015,25.64,941000.0,1133936.0,2.57,2.64,0.72
Eswatini,SWZ,África al sur del Sahara (excluido altos ingresos),2016,28.57,995000.0,1142524.0,11.41,5.74,0.76
Eswatini,SWZ,África al sur del Sahara (excluido altos ingresos),2017,30.3,1052000.0,1151390.0,6.06,5.73,0.78
Eswatini,SWZ,África al sur del Sahara (excluido altos ingresos),2018,,,1160428.0,,,0.78
Eswatini,SWZ,África al sur del Sahara (excluido altos ingresos),2019,,1176000.0,1169613.0,,,0.79
Eswatini,SWZ,África al sur del Sahara (excluido altos ingresos),2020,,1243000.0,1180655.0,,5.7,0.94
Eswatini,SWZ,África al sur del Sahara (excluido altos ingresos),2021,,,1192271.0,,,0.98
Etiopía,ETH,África al sur del Sahara (excluido altos ingresos),2010,0.75,6854000.0,89237791.0,38.89,69.16,2.86
Etiopía,ETH,África al sur del Sahara (excluido altos ingresos),2011,1.1,14126659.0,91817929.0,46.67,106.11,2.89
Etiopía,ETH,África al sur del Sahara (excluido altos ingresos),2012,2.9,20523889.0,94451280.0,163.64,45.28,2.87
Etiopía,ETH,África al sur del Sahara (excluido altos ingresos),2013,4.6,25646865.0,97084366.0,58.62,24.96,2.79
Etiopía,ETH,África al sur del Sahara (excluido altos ingresos),2014,7.7,30490000.0,99746766.0,67.39,18.88,2.74
Etiopía,ETH,África al sur del Sahara (excluido altos ingresos),2015,13.86,42311629.0,102471895.0,79.94,38.77,2.73
Etiopía,ETH,África al sur del Sahara (excluido altos ingresos),2016,15.37,51224000.0,105293228.0,10.91,21.06,2.75
Etiopía,ETH,África al sur del Sahara (excluido altos ingresos),2017,18.62,39600000.0,108197950.0,21.16,-22.69,2.76
Etiopía,ETH,África al sur del Sahara (excluido altos ingresos),2018,20.0,,111129438.0,7.42,,2.71
Etiopía,ETH,África al sur del Sahara (excluido altos ingresos),2019,22.0,41920000.0,114120594.0,10.0,,2.69
Etiopía,ETH,África al sur del Sahara (excluido altos ingresos),2020,24.0,44500000.0,117190911.0,9.09,6.15,2.69
Etiopía,ETH,África al sur del Sahara (excluido altos ingresos),2021,16.7,,120283026.0,-30.42,,2.64
Federación de Rusia,RUS,Europa y Asia central (excluido altos ingresos),2010,49.0,237689224.0,142849468.0,15.16,3.32,0.04
Federación de Rusia,RUS,Europa y Asia central (excluido altos ingresos),2011,58.0,203751647.0,142960908.0,18.37,-14.28,0.08
Federación de Rusia,RUS,Europa y Asia central (excluido altos ingresos),2012,66.0,208065063.0,143201721.0,13.79,2.12,0.17
Federación de Rusia,RUS,Europa y Asia central (excluido altos ingresos),2013,67.97,218300372.0,143506995.0,2.98,4.92,0.21
Federación de Rusia,RUS,Europa y Asia central (excluido altos ingresos),2014,70.52,221030353.0,143819667.0,3.75,1.25,0.22
Federación de Rusia,RUS,Europa y Asia central (excluido altos ingresos),2015,70.1,227288088.0,144096870.0,-0.6,2.83,0.19
Federación de Rusia,RUS,Europa y Asia central (excluido altos ingresos),2016,73.09,229126152.0,144342397.0,4.27,0.81,0.17
Federación de Rusia,RUS,Europa y Asia central (excluido altos ingresos),2017,76.01,227299663.0,144496739.0,3.99,-0.8,0.11
Federación de Rusia,RUS,Europa y Asia central (excluido altos ingresos),2018,80.86,229431008.0,144477859.0,6.39,0.94,-0.01
Federación de Rusia,RUS,Europa y Asia central (excluido altos ingresos),2019,82.64,239795946.0,144406261.0,2.2,4.52,-0.05
Federación de Rusia,RUS,Europa y Asia central (excluido altos ingresos),2020,84.99,238733217.0,144073139.0,2.85,-0.44,-0.23
Federación de Rusia,RUS,Europa y Asia central (excluido altos ingresos),2021,88.21,246569033.0,143449286.0,3.79,3.28,-0.43
Fiji,FJI,Asia oriental y el Pacífico (excluido altos ingresos),2010,20.0,697920.0,905169.0,17.65,9.05,0.42
Fiji,FJI,Asia oriental y el Pacífico (excluido altos ingresos),2011,28.0,727000.0,908355.0,40.0,4.17,0.35
Fiji,FJI,Asia oriental y el Pacífico (excluido altos ingresos),2012,33.74,858809.0,911059.0,20.51,18.13,0.3
Fiji,FJI,Asia oriental y el Pacífico (excluido altos ingresos),2013,35.2,930406.0,913453.0,4.32,8.34,0.26
Fiji,FJI,Asia oriental y el Pacífico (excluido altos ingresos),2014,37.4,876176.0,915560.0,6.25,-5.83,0.23
Fiji,FJI,Asia oriental y el Pacífico (excluido altos ingresos),2015,42.5,965950.0,917200.0,13.64,10.25,0.18
Fiji,FJI,Asia oriental y el Pacífico (excluido altos ingresos),2016,49.42,1044685.0,918371.0,16.28,8.15,0.13
Fiji,FJI,Asia oriental y el Pacífico (excluido altos ingresos),2017,65.78,1033915.0,919019.0,33.1,-1.03,0.07
Fiji,FJI,Asia oriental y el Pacífico (excluido altos ingresos),2018,68.9,1015000.0,918996.0,4.74,-1.83,-0.0
Fiji,FJI,Asia oriental y el Pacífico (excluido altos ingresos),2019,,1030000.0,918465.0,,1.48,-0.06
Fiji,FJI,Asia oriental y el Pacífico (excluido altos ingresos),2020,,991500.0,920422.0,,-3.74,0.21
Fiji,FJI,Asia oriental y el Pacífico (excluido altos ingresos),2021,,,924610.0,,,0.46
Filipinas,PHL,Asia oriental y el Pacífico (excluido altos ingresos),2010,25.0,83150138.0,94636700.0,177.78,10.01,1.82
Filipinas,PHL,Asia oriental y el Pacífico (excluido altos ingresos),2011,29.0,94189795.0,96337913.0,16.0,13.28,1.8
Filipinas,PHL,Asia oriental y el Pacífico (excluido altos ingresos),2012,30.8,101978345.0,98032317.0,6.21,8.27,1.76
Filipinas,PHL,Asia oriental y el Pacífico (excluido altos ingresos),2013,32.7,102823569.0,99700107.0,6.17,0.83,1.7
Filipinas,PHL,Asia oriental y el Pacífico (excluido altos ingresos),2014,34.7,111326045.0,101325201.0,6.12,8.27,1.63
Filipinas,PHL,Asia oriental y el Pacífico (excluido altos ingresos),2015,36.9,117838074.0,103031365.0,6.34,5.85,1.68
Filipinas,PHL,Asia oriental y el Pacífico (excluido altos ingresos),2016,39.2,120096895.0,104875266.0,6.23,1.92,1.79
Filipinas,PHL,Asia oriental y el Pacífico (excluido altos ingresos),2017,41.6,119971922.0,106738501.0,6.12,-0.1,1.78
Filipinas,PHL,Asia oriental y el Pacífico (excluido altos ingresos),2018,44.1,134599017.0,108568836.0,6.01,12.19,1.71
Filipinas,PHL,Asia oriental y el Pacífico (excluido altos ingresos),2019,43.03,167322432.0,110380804.0,-2.43,24.31,1.67
Filipinas,PHL,Asia oriental y el Pacífico (excluido altos ingresos),2020,49.8,149579406.0,112190977.0,15.74,-10.6,1.64
Filipinas,PHL,Asia oriental y el Pacífico (excluido altos ingresos),2021,,163345244.0,113880328.0,,9.2,1.51
Finlandia,FIN,,2010,86.89,8390000.0,5363352.0,5.33,8.96,0.46
Finlandia,FIN,,2011,88.71,8940000.0,5388272.0,2.09,6.56,0.46
Finlandia,FIN,,2012,89.88,9320000.0,5413971.0,1.32,4.25,0.48
Finlandia,FIN,,2013,91.51,7411200.0,5438972.0,1.82,-20.48,0.46
Finlandia,FIN,,2014,86.53,7602600.0,5461512.0,-5.45,2.58,0.41
Finlandia,FIN,,2015,86.42,7396200.0,5479531.0,-0.13,-2.71,0.33
Finlandia,FIN,,2016,87.7,7220100.0,5495303.0,1.48,-2.38,0.29
Finlandia,FIN,,2017,87.47,7160000.0,5508214.0,-0.27,-0.83,0.23
Finlandia,FIN,,2018,88.89,7150000.0,5515525.0,1.62,-0.14,0.13
Finlandia,FIN,,2019,89.61,7150000.0,5521606.0,0.81,0.0,0.11
Finlandia,FIN,,2020,92.17,7120000.0,5529543.0,2.86,-0.42,0.14
Finlandia,FIN,,2021,92.81,7150000.0,5541017.0,0.69,0.42,0.21
Francia,FRA,,2010,77.28,57785000.0,65030575.0,7.96,-0.23,0.49
Francia,FRA,,2011,77.82,59816000.0,65345233.0,0.7,3.51,0.48
Francia,FRA,,2012,81.44,62260000.0,65662240.0,4.65,4.09,0.49
Francia,FRA,,2013,81.92,63324000.0,66002289.0,0.59,1.71,0.52
Francia,FRA,,2014,83.75,65425000.0,66312067.0,2.23,3.32,0.47
Francia,FRA,,2015,78.01,66681000.0,66548272.0,-6.86,1.92,0.36
Francia,FRA,,2016,79.27,67571000.0,66724104.0,1.62,1.33,0.26
Francia,FRA,,2017,80.5,69018000.0,66918020.0,1.56,2.14,0.29
Francia,FRA,,2018,82.04,70422000.0,67158348.0,1.91,2.03,0.36
Francia,FRA,,2019,83.34,72040000.0,67388001.0,1.58,2.3,0.34
Francia,FRA,,2020,84.8,72751000.0,67571107.0,1.75,0.99,0.27
Francia,FRA,,2021,86.1,,67749632.0,1.53,,0.26
Gabón,GAB,África al sur del Sahara (excluido altos ingresos),2010,13.0,1610000.0,1711105.0,36.84,11.03,3.48
Gabón,GAB,África al sur del Sahara (excluido altos ingresos),2011,18.0,2370227.0,1772500.0,38.46,47.22,3.59
Gabón,GAB,África al sur del Sahara (excluido altos ingresos),2012,24.0,2557728.0,1836705.0,33.33,7.91,3.62
Gabón,GAB,África al sur del Sahara (excluido altos ingresos),2013,30.54,2745229.0,1902226.0,27.24,7.33,3.57
Gabón,GAB,África al sur del Sahara (excluido altos ingresos),2014,38.07,2932731.0,1966855.0,24.67,6.83,3.4
Gabón,GAB,África al sur del Sahara (excluido altos ingresos),2015,45.78,2821555.0,2028517.0,20.26,-3.79,3.14
Gabón,GAB,África al sur del Sahara (excluido altos ingresos),2016,48.05,2962486.0,2086206.0,4.95,4.99,2.84
Gabón,GAB,África al sur del Sahara (excluido altos ingresos),2017,50.32,2663243.0,2140215.0,4.72,-10.1,2.59
Gabón,GAB,África al sur del Sahara (excluido altos ingresos),2018,59.6,2930554.0,2192012.0,18.44,10.04,2.42
Gabón,GAB,África al sur del Sahara (excluido altos ingresos),2019,61.0,2992811.0,2242785.0,2.35,2.12,2.32
Gabón,GAB,África al sur del Sahara (excluido altos ingresos),2020,62.0,3049530.0,2292573.0,1.64,1.9,2.22
Gabón,GAB,África al sur del Sahara (excluido altos ingresos),2021,,3144609.0,2341179.0,,3.12,2.12
Gambia,GMB,África al sur del Sahara (excluido altos ingresos),2010,9.2,1478347.0,1937275.0,20.58,12.6,3.15
Gambia,GMB,África al sur del Sahara (excluido altos ingresos),2011,10.87,1401163.0,1998212.0,18.16,-5.22,3.15
Gambia,GMB,África al sur del Sahara (excluido altos ingresos),2012,12.45,1526191.0,2061014.0,14.53,8.92,3.14
Gambia,GMB,África al sur del Sahara (excluido altos ingresos),2013,14.0,1848854.0,2124869.0,12.46,21.14,3.1
Gambia,GMB,África al sur del Sahara (excluido altos ingresos),2014,15.56,2283691.0,2189019.0,11.14,23.52,3.02
Gambia,GMB,África al sur del Sahara (excluido altos ingresos),2015,18.2,2715672.0,2253133.0,16.97,18.92,2.93
Gambia,GMB,África al sur del Sahara (excluido altos ingresos),2016,21.4,2838127.0,2317206.0,17.58,4.51,2.84
Gambia,GMB,África al sur del Sahara (excluido altos ingresos),2017,25.1,2966000.0,2381182.0,17.29,4.51,2.76
Gambia,GMB,África al sur del Sahara (excluido altos ingresos),2018,32.6,3181393.0,2444916.0,29.88,7.26,2.68
Gambia,GMB,África al sur del Sahara (excluido altos ingresos),2019,34.5,2584714.0,2508883.0,5.83,-18.76,2.62
Gambia,GMB,África al sur del Sahara (excluido altos ingresos),2020,36.5,2677954.0,2573995.0,5.8,3.61,2.6
Gambia,GMB,África al sur del Sahara (excluido altos ingresos),2021,,,2639916.0,,,2.56
Georgia,GEO,Europa y Asia central (excluido altos ingresos),2010,26.9,3978242.0,3786695.0,34.03,40.23,-0.73
Georgia,GEO,Europa y Asia central (excluido altos ingresos),2011,31.52,4430344.0,3756441.0,17.17,11.36,-0.8
Georgia,GEO,Europa y Asia central (excluido altos ingresos),2012,36.94,4698582.0,3728874.0,17.2,6.05,-0.73
Georgia,GEO,Europa y Asia central (excluido altos ingresos),2013,43.3,4993119.0,3717668.0,17.22,6.27,-0.3
Georgia,GEO,Europa y Asia central (excluido altos ingresos),2014,44.0,5400766.0,3719414.0,1.62,8.16,0.05
Georgia,GEO,Europa y Asia central (excluido altos ingresos),2015,47.57,5550730.0,3725276.0,8.11,2.78,0.16
Georgia,GEO,Europa y Asia central (excluido altos ingresos),2016,58.46,5531875.0,3727505.0,22.89,-0.34,0.06
Georgia,GEO,Europa y Asia central (excluido altos ingresos),2017,59.71,5502395.0,3728004.0,2.13,-0.53,0.01
Georgia,GEO,Europa y Asia central (excluido altos ingresos),2018,62.72,5459239.0,3726549.0,5.05,-0.78,-0.04
Georgia,GEO,Europa y Asia central (excluido altos ingresos),2019,68.85,5382059.0,3720161.0,9.77,-1.41,-0.17
Georgia,GEO,Europa y Asia central (excluido altos ingresos),2020,72.53,5100101.0,3722716.0,5.35,-5.24,0.07
Georgia,GEO,Europa y Asia central (excluido altos ingresos),2021,76.44,5163558.0,3708610.0,5.39,1.24,-0.38
Ghana,GHA,África al sur del Sahara (excluido altos ingresos),2010,7.8,17436949.0,25574719.0,43.38,15.41,2.5
Ghana,GHA,África al sur del Sahara (excluido altos ingresos),2011,9.0,21165843.0,26205941.0,15.38,21.39,2.47
Ghana,GHA,África al sur del Sahara (excluido altos ingresos),2012,10.6,25618427.0,26858762.0,17.78,21.04,2.49
Ghana,GHA,África al sur del Sahara (excluido altos ingresos),2013,15.0,28026482.0,27525597.0,41.51,9.4,2.48
Ghana,GHA,África al sur del Sahara (excluido altos ingresos),2014,19.0,30360771.0,28196358.0,26.67,8.33,2.44
Ghana,GHA,África al sur del Sahara (excluido altos ingresos),2015,23.0,35008387.0,28870939.0,21.05,15.31,2.39
Ghana,GHA,África al sur del Sahara (excluido altos ingresos),2016,28.0,38305078.0,29554303.0,21.74,9.42,2.37
Ghana,GHA,África al sur del Sahara (excluido altos ingresos),2017,37.88,36751761.0,30222262.0,35.3,-4.06,2.26
Ghana,GHA,África al sur del Sahara (excluido altos ingresos),2018,43.0,40934875.0,30870641.0,13.5,11.38,2.15
Ghana,GHA,África al sur del Sahara (excluido altos ingresos),2019,22.07,40857077.0,31522290.0,-48.67,-0.19,2.11
Ghana,GHA,África al sur del Sahara (excluido altos ingresos),2020,58.0,40461609.0,32180401.0,162.76,-0.97,2.09
Ghana,GHA,África al sur del Sahara (excluido altos ingresos),2021,68.6,40454073.0,32833031.0,18.28,-0.02,2.03
Gibraltar,GIB,,2010,65.0,30000.0,31262.0,-0.11,4.9,1.44
Gibraltar,GIB,,2011,65.0,32500.0,31701.0,0.0,8.33,1.4
Gibraltar,GIB,,2012,65.02,34750.0,32160.0,0.03,6.92,1.45
Gibraltar,GIB,,2013,,,32411.0,,,0.78
Gibraltar,GIB,,2014,,38000.0,32452.0,,,0.13
Gibraltar,GIB,,2015,,41441.0,32520.0,,9.06,0.21
Gibraltar,GIB,,2016,94.44,41136.0,32565.0,,-0.74,0.14
Gibraltar,GIB,,2017,,41035.0,32602.0,,-0.25,0.11
Gibraltar,GIB,,2018,,41045.0,32648.0,,0.02,0.14
Gibraltar,GIB,,2019,,40537.0,32685.0,,-1.24,0.11
Gibraltar,GIB,,2020,,35438.0,32709.0,,-12.58,0.07
Gibraltar,GIB,,2021,,,32669.0,,,-0.12
Granada,GRD,América Latina y el Caribe (excluido altos ingresos),2010,27.0,121946.0,114039.0,12.27,6.57,0.7
Granada,GRD,América Latina y el Caribe (excluido altos ingresos),2011,30.0,120855.0,114918.0,11.11,-0.89,0.77
Granada,GRD,América Latina y el Caribe (excluido altos ingresos),2012,32.0,129912.0,115912.0,6.67,7.49,0.86
Granada,GRD,América Latina y el Caribe (excluido altos ingresos),2013,35.0,133000.0,116945.0,9.38,2.38,0.89
Granada,GRD,América Latina y el Caribe (excluido altos ingresos),2014,51.6,117151.0,117972.0,47.43,-11.92,0.88
Granada,GRD,América Latina y el Caribe (excluido altos ingresos),2015,52.5,119767.0,118980.0,1.74,2.23,0.85
Granada,GRD,América Latina y el Caribe (excluido altos ingresos),2016,53.3,118973.0,119966.0,1.52,-0.66,0.83
Granada,GRD,América Latina y el Caribe (excluido altos ingresos),2017,54.2,113177.0,120921.0,1.69,-4.87,0.8
Granada,GRD,América Latina y el Caribe (excluido altos ingresos),2018,55.1,118721.0,121838.0,1.66,4.9,0.76
Granada,GRD,América Latina y el Caribe (excluido altos ingresos),2019,56.0,116184.0,122724.0,1.63,-2.14,0.73
Granada,GRD,América Latina y el Caribe (excluido altos ingresos),2020,56.9,122000.0,123663.0,1.61,5.01,0.77
Granada,GRD,América Latina y el Caribe (excluido altos ingresos),2021,,,124610.0,,,0.77
Grecia,GRC,,2010,44.4,12292716.0,11121341.0,4.72,-7.54,0.13
Grecia,GRC,,2011,51.65,12127985.0,11104899.0,16.33,-1.34,-0.15
Grecia,GRC,,2012,55.07,13360280.0,11045011.0,6.62,10.16,-0.54
Grecia,GRC,,2013,59.87,12518645.0,10965211.0,8.71,-6.3,-0.72
Grecia,GRC,,2014,63.21,12144598.0,10892413.0,5.59,-2.99,-0.66
Grecia,GRC,,2015,66.83,12566649.0,10820883.0,5.73,3.48,-0.66
Grecia,GRC,,2016,69.09,12538927.0,10775971.0,3.37,-0.22,-0.42
Grecia,GRC,,2017,69.89,12937106.0,10754679.0,1.17,3.18,-0.2
Grecia,GRC,,2018,72.24,12170757.0,10732882.0,3.36,-5.92,-0.2
Grecia,GRC,,2019,75.67,11882081.0,10721582.0,4.75,-2.37,-0.11
Grecia,GRC,,2020,78.12,11412995.0,10698599.0,3.23,-3.95,-0.21
Grecia,GRC,,2021,78.49,11494008.0,10641221.0,0.48,0.71,-0.54
Groenlandia,GRL,,2010,63.0,57349.0,56905.0,0.27,7.26,1.03
Groenlandia,GRL,,2011,64.0,58742.0,56890.0,1.59,2.43,-0.03
Groenlandia,GRL,,2012,64.9,59455.0,56810.0,1.4,1.21,-0.14
Groenlandia,GRL,,2013,65.8,60400.0,56483.0,1.39,1.59,-0.58
Groenlandia,GRL,,2014,66.7,60800.0,56295.0,1.37,0.66,-0.33
Groenlandia,GRL,,2015,67.6,61000.0,56114.0,1.35,0.33,-0.32
Groenlandia,GRL,,2016,68.5,,56186.0,1.33,,0.13
Groenlandia,GRL,,2017,69.48,62320.0,56171.0,1.43,,-0.03
Groenlandia,GRL,,2018,,61394.0,56023.0,,-1.49,-0.26
Groenlandia,GRL,,2019,,61656.0,56225.0,,0.43,0.36
Groenlandia,GRL,,2020,,65958.0,56367.0,,6.98,0.25
Groenlandia,GRL,,2021,,66605.0,56653.0,,0.98,0.51
Guam,GUM,,2010,54.04,,164905.0,6.71,,0.2
Guam,GUM,,2011,57.7,,165649.0,6.77,,0.45
Guam,GUM,,2012,61.53,,166392.0,6.64,,0.45
Guam,GUM,,2013,65.4,,167054.0,6.28,,0.4
Guam,GUM,,2014,69.27,,167543.0,5.92,,0.29
Guam,GUM,,2015,73.14,,167978.0,5.59,,0.26
Guam,GUM,,2016,77.01,,168346.0,5.29,,0.22
Guam,GUM,,2017,80.51,,168606.0,4.54,,0.15
Guam,GUM,,2018,,,168678.0,,,0.04
Guam,GUM,,2019,,,168624.0,,,-0.03
Guam,GUM,,2020,,,169231.0,,,0.36
Guam,GUM,,2021,,,170534.0,,,0.77
Guatemala,GTM,América Latina y el Caribe (excluido altos ingresos),2010,10.5,18067970.0,14259687.0,12.9,4.39,1.85
Guatemala,GTM,América Latina y el Caribe (excluido altos ingresos),2011,12.3,19479105.0,14521515.0,17.14,7.81,1.84
Guatemala,GTM,América Latina y el Caribe (excluido altos ingresos),2012,16.0,20787080.0,14781942.0,30.08,6.71,1.79
Guatemala,GTM,América Latina y el Caribe (excluido altos ingresos),2013,19.7,21716357.0,15043981.0,23.12,4.47,1.77
Guatemala,GTM,América Latina y el Caribe (excluido altos ingresos),2014,23.4,16911811.0,15306316.0,18.78,-22.12,1.74
Guatemala,GTM,América Latina y el Caribe (excluido altos ingresos),2015,28.81,18121390.0,15567419.0,23.1,7.15,1.71
Guatemala,GTM,América Latina y el Caribe (excluido altos ingresos),2016,34.51,18264520.0,15827690.0,19.8,0.79,1.67
Guatemala,GTM,América Latina y el Caribe (excluido altos ingresos),2017,37.9,19986482.0,16087418.0,9.83,9.43,1.64
Guatemala,GTM,América Latina y el Caribe (excluido altos ingresos),2018,41.5,20467520.0,16346950.0,9.5,2.41,1.61
Guatemala,GTM,América Latina y el Caribe (excluido altos ingresos),2019,44.4,20874130.0,16604026.0,6.99,1.99,1.57
Guatemala,GTM,América Latina y el Caribe (excluido altos ingresos),2020,49.97,20390671.0,16858333.0,12.54,-2.32,1.53
Guatemala,GTM,América Latina y el Caribe (excluido altos ingresos),2021,50.84,22124839.0,17109746.0,1.74,8.5,1.49
Guinea,GIN,África al sur del Sahara (excluido altos ingresos),2010,1.0,4000000.0,10270728.0,6.38,14.65,2.49
Guinea,GIN,África al sur del Sahara (excluido altos ingresos),2011,2.0,4860590.0,10527712.0,100.0,21.51,2.5
Guinea,GIN,África al sur del Sahara (excluido altos ingresos),2012,3.1,5584700.0,10788692.0,55.0,14.9,2.48
Guinea,GIN,África al sur del Sahara (excluido altos ingresos),2013,4.5,7436471.0,11055430.0,45.16,33.16,2.47
Guinea,GIN,África al sur del Sahara (excluido altos ingresos),2014,6.4,8683500.0,11333365.0,42.22,16.77,2.51
Guinea,GIN,África al sur del Sahara (excluido altos ingresos),2015,9.2,10764000.0,11625998.0,43.75,23.96,2.58
Guinea,GIN,África al sur del Sahara (excluido altos ingresos),2016,13.1,11110000.0,11930985.0,42.39,3.21,2.62
Guinea,GIN,África al sur del Sahara (excluido altos ingresos),2017,18.7,11700000.0,12240789.0,42.75,5.31,2.6
Guinea,GIN,África al sur del Sahara (excluido altos ingresos),2018,21.83,12013000.0,12554864.0,16.74,2.68,2.57
Guinea,GIN,África al sur del Sahara (excluido altos ingresos),2019,23.0,12873000.0,12877539.0,5.36,7.16,2.57
Guinea,GIN,África al sur del Sahara (excluido altos ingresos),2020,26.0,13795000.0,13205153.0,13.04,7.16,2.54
Guinea,GIN,África al sur del Sahara (excluido altos ingresos),2021,,,13531906.0,,,2.47
Guinea Ecuatorial,GNQ,África al sur del Sahara (excluido altos ingresos),2010,6.0,399290.0,1094524.0,181.69,99.65,4.87
Guinea Ecuatorial,GNQ,África al sur del Sahara (excluido altos ingresos),2011,11.5,478860.0,1144588.0,91.67,19.93,4.57
Guinea Ecuatorial,GNQ,África al sur del Sahara (excluido altos ingresos),2012,13.94,501077.0,1193636.0,21.25,4.64,4.29
Guinea Ecuatorial,GNQ,África al sur del Sahara (excluido altos ingresos),2013,16.4,510783.0,1243941.0,17.62,1.94,4.21
Guinea Ecuatorial,GNQ,África al sur del Sahara (excluido altos ingresos),2014,18.86,516540.0,1295183.0,15.0,1.13,4.12
Guinea Ecuatorial,GNQ,África al sur del Sahara (excluido altos ingresos),2015,21.32,533336.0,1346973.0,13.04,3.25,4.0
Guinea Ecuatorial,GNQ,África al sur del Sahara (excluido altos ingresos),2016,23.78,575650.0,1398927.0,11.54,7.93,3.86
Guinea Ecuatorial,GNQ,África al sur del Sahara (excluido altos ingresos),2017,26.24,566113.0,1450694.0,10.34,-1.66,3.7
Guinea Ecuatorial,GNQ,África al sur del Sahara (excluido altos ingresos),2018,,591223.0,1502091.0,,4.44,3.54
Guinea Ecuatorial,GNQ,África al sur del Sahara (excluido altos ingresos),2019,,617000.0,1553031.0,,4.36,3.39
Guinea Ecuatorial,GNQ,África al sur del Sahara (excluido altos ingresos),2020,,645000.0,1596049.0,,4.54,2.77
Guinea Ecuatorial,GNQ,África al sur del Sahara (excluido altos ingresos),2021,,,1634466.0,,,2.41
Guinea-Bissau,GNB,África al sur del Sahara (excluido altos ingresos),2010,2.45,677365.0,1567220.0,6.37,20.88,2.62
Guinea-Bissau,GNB,África al sur del Sahara (excluido altos ingresos),2011,2.67,732634.0,1609017.0,9.06,8.16,2.67
Guinea-Bissau,GNB,África al sur del Sahara (excluido altos ingresos),2012,2.89,1049193.0,1652717.0,8.31,43.21,2.72
Guinea-Bissau,GNB,África al sur del Sahara (excluido altos ingresos),2013,3.1,939909.0,1697753.0,7.12,-10.42,2.72
Guinea-Bissau,GNB,África al sur del Sahara (excluido altos ingresos),2014,3.32,1108297.0,1743309.0,7.1,17.92,2.68
Guinea-Bissau,GNB,África al sur del Sahara (excluido altos ingresos),2015,6.1,1238493.0,1788919.0,83.73,11.75,2.62
Guinea-Bissau,GNB,África al sur del Sahara (excluido altos ingresos),2016,13.8,1285835.0,1834552.0,126.23,3.82,2.55
Guinea-Bissau,GNB,África al sur del Sahara (excluido altos ingresos),2017,14.8,1434822.0,1879826.0,7.25,11.59,2.47
Guinea-Bissau,GNB,África al sur del Sahara (excluido altos ingresos),2018,15.7,1480491.0,1924955.0,6.08,3.18,2.4
Guinea-Bissau,GNB,África al sur del Sahara (excluido altos ingresos),2019,19.4,1590381.0,1970457.0,23.57,7.42,2.36
Guinea-Bissau,GNB,África al sur del Sahara (excluido altos ingresos),2020,22.9,1913858.0,2015828.0,18.04,20.34,2.3
Guinea-Bissau,GNB,África al sur del Sahara (excluido altos ingresos),2021,,2236511.0,2060721.0,,16.86,2.23
Guyana,GUY,América Latina y el Caribe (excluido altos ingresos),2010,29.9,560397.0,747932.0,25.1,14.71,-0.44
Guyana,GUY,América Latina y el Caribe (excluido altos ingresos),2011,30.0,528757.0,744230.0,0.33,-5.65,-0.49
Guyana,GUY,América Latina y el Caribe (excluido altos ingresos),2012,30.5,547047.0,743966.0,1.67,3.46,-0.04
Guyana,GUY,América Latina y el Caribe (excluido altos ingresos),2013,31.0,555035.0,747420.0,1.64,1.46,0.46
Guyana,GUY,América Latina y el Caribe (excluido altos ingresos),2014,32.0,566905.0,751115.0,3.23,2.14,0.49
Guyana,GUY,América Latina y el Caribe (excluido altos ingresos),2015,34.0,542598.0,755031.0,6.25,-4.29,0.52
Guyana,GUY,América Latina y el Caribe (excluido altos ingresos),2016,35.66,584659.0,759087.0,4.88,7.75,0.54
Guyana,GUY,América Latina y el Caribe (excluido altos ingresos),2017,37.33,643210.0,763252.0,4.67,10.01,0.55
Guyana,GUY,América Latina y el Caribe (excluido altos ingresos),2018,,,785514.0,,,2.92
Guyana,GUY,América Latina y el Caribe (excluido altos ingresos),2019,,778000.0,798753.0,,,1.69
Guyana,GUY,América Latina y el Caribe (excluido altos ingresos),2020,,856000.0,797202.0,,10.03,-0.19
Guyana,GUY,América Latina y el Caribe (excluido altos ingresos),2021,,,804567.0,,,0.92
Haití,HTI,América Latina y el Caribe (excluido altos ingresos),2010,8.37,4000000.0,9842880.0,3.33,9.65,1.15
Haití,HTI,América Latina y el Caribe (excluido altos ingresos),2011,9.0,4200000.0,9954312.0,7.53,5.0,1.13
Haití,HTI,América Latina y el Caribe (excluido altos ingresos),2012,9.8,6094947.0,10108539.0,8.89,45.12,1.55
Haití,HTI,América Latina y el Caribe (excluido altos ingresos),2013,10.6,7160200.0,10261206.0,8.16,17.48,1.51
Haití,HTI,América Latina y el Caribe (excluido altos ingresos),2014,11.4,6769312.0,10412740.0,7.55,-5.46,1.48
Haití,HTI,América Latina y el Caribe (excluido altos ingresos),2015,14.2,7300000.0,10563757.0,24.56,7.84,1.45
Haití,HTI,América Latina y el Caribe (excluido altos ingresos),2016,22.8,6504010.0,10713849.0,60.56,-10.9,1.42
Haití,HTI,América Latina y el Caribe (excluido altos ingresos),2017,27.2,6305862.0,10863543.0,19.3,-3.05,1.4
Haití,HTI,América Latina y el Caribe (excluido altos ingresos),2018,32.47,6602878.0,11012421.0,19.39,4.71,1.37
Haití,HTI,América Latina y el Caribe (excluido altos ingresos),2019,33.3,6843380.0,11160438.0,2.54,3.64,1.34
Haití,HTI,América Latina y el Caribe (excluido altos ingresos),2020,34.5,7319000.0,11306801.0,3.6,6.95,1.31
Haití,HTI,América Latina y el Caribe (excluido altos ingresos),2021,,,11447569.0,,,1.24
Honduras,HND,América Latina y el Caribe (excluido altos ingresos),2010,11.09,9505071.0,8450933.0,13.16,13.28,2.1
Honduras,HND,América Latina y el Caribe (excluido altos ingresos),2011,15.9,8062229.0,8622504.0,43.37,-15.18,2.03
Honduras,HND,América Latina y el Caribe (excluido altos ingresos),2012,18.12,7370034.0,8792367.0,13.96,-8.59,1.97
Honduras,HND,América Latina y el Caribe (excluido altos ingresos),2013,17.8,7767235.0,8960657.0,-1.77,5.39,1.91
Honduras,HND,América Latina y el Caribe (excluido altos ingresos),2014,23.0,7725092.0,9127846.0,29.21,-0.54,1.87
Honduras,HND,América Latina y el Caribe (excluido altos ingresos),2015,27.1,8048388.0,9294505.0,17.83,4.19,1.83
Honduras,HND,América Latina y el Caribe (excluido altos ingresos),2016,29.5,7832802.0,9460798.0,8.86,-2.68,1.79
Honduras,HND,América Latina y el Caribe (excluido altos ingresos),2017,31.7,8233499.0,9626842.0,7.46,5.12,1.76
Honduras,HND,América Latina y el Caribe (excluido altos ingresos),2018,36.0,7588554.0,9792850.0,13.56,-7.83,1.72
Honduras,HND,América Latina y el Caribe (excluido altos ingresos),2019,39.39,7559829.0,9958829.0,9.41,-0.38,1.69
Honduras,HND,América Latina y el Caribe (excluido altos ingresos),2020,42.05,6960654.0,10121763.0,6.76,-7.93,1.64
Honduras,HND,América Latina y el Caribe (excluido altos ingresos),2021,,7560710.0,10278345.0,,8.62,1.55
"Hong Kong, Región Administrativa Especial",HKG,,2010,72.0,13793729.0,7024200.0,3.75,9.5,0.74
"Hong Kong, Región Administrativa Especial",HKG,,2011,72.2,15292924.0,7071600.0,0.28,10.87,0.67
"Hong Kong, Región Administrativa Especial",HKG,,2012,72.9,16387536.0,7150100.0,0.97,7.16,1.11
"Hong Kong, Región Administrativa Especial",HKG,,2013,74.2,16973133.0,7178900.0,1.78,3.57,0.4
"Hong Kong, Región Administrativa Especial",HKG,,2014,79.87,16959455.0,7229500.0,7.64,-0.08,0.7
"Hong Kong, Región Administrativa Especial",HKG,,2015,84.95,16724440.0,7291300.0,6.36,-1.39,0.85
"Hong Kong, Región Administrativa Especial",HKG,,2016,87.48,17584969.0,7336600.0,2.98,5.15,0.62
"Hong Kong, Región Administrativa Especial",HKG,,2017,89.42,18394762.0,7393200.0,2.21,4.61,0.77
"Hong Kong, Región Administrativa Especial",HKG,,2018,90.51,19898785.0,7452600.0,1.22,8.18,0.8
"Hong Kong, Región Administrativa Especial",HKG,,2019,91.74,21455736.0,7507900.0,1.37,7.82,0.74
"Hong Kong, Región Administrativa Especial",HKG,,2020,92.41,21865215.0,7481000.0,0.73,1.91,-0.36
"Hong Kong, Región Administrativa Especial",HKG,,2021,93.09,23939650.0,7413100.0,0.73,9.49,-0.91
Hungría,HUN,,2010,65.0,12011823.0,10000023.0,4.84,1.86,-0.23
Hungría,HUN,,2011,68.02,11689937.0,9971727.0,4.65,-2.68,-0.28
Hungría,HUN,,2012,70.58,11579425.0,9920362.0,3.76,-0.95,-0.52
Hungría,HUN,,2013,72.64,11590326.0,9893082.0,2.92,0.09,-0.27
Hungría,HUN,,2014,75.65,11726491.0,9866468.0,4.14,1.17,-0.27
Hungría,HUN,,2015,72.83,9900582.0,9843028.0,-3.73,-15.57,-0.24
Hungría,HUN,,2016,79.26,9952001.0,9814023.0,8.82,0.52,-0.29
Hungría,HUN,,2017,76.75,9945037.0,9787966.0,-3.17,-0.07,-0.27
Hungría,HUN,,2018,76.07,10041939.0,9775564.0,-0.88,0.97,-0.13
Hungría,HUN,,2019,80.37,10272694.0,9771141.0,5.65,2.3,-0.05
Hungría,HUN,,2020,84.77,10332660.0,9750149.0,5.47,0.58,-0.21
Hungría,HUN,,2021,88.64,10248653.0,9709891.0,4.56,-0.81,-0.41
India,IND,Asia meridional,2010,7.5,752190000.0,1240613620.0,46.48,43.25,1.39
India,IND,Asia meridional,2011,10.07,893862478.0,1257621191.0,34.27,18.83,1.37
India,IND,Asia meridional,2012,11.1,864720917.0,1274487215.0,10.23,-3.26,1.34
India,IND,Asia meridional,2013,12.3,886304245.0,1291132063.0,10.81,2.5,1.31
India,IND,Asia meridional,2014,13.5,944008677.0,1307246509.0,9.76,6.51,1.25
India,IND,Asia meridional,2015,14.9,1001056000.0,1322866505.0,10.37,6.04,1.19
India,IND,Asia meridional,2016,16.5,1127809000.0,1338636340.0,10.74,12.66,1.19
India,IND,Asia meridional,2017,18.2,1168902277.0,1354195680.0,10.3,3.64,1.16
India,IND,Asia meridional,2018,20.08,1176021869.0,1369003306.0,10.34,0.61,1.09
India,IND,Asia meridional,2019,29.4,1151480361.0,1383112050.0,46.4,-2.09,1.03
India,IND,Asia meridional,2020,43.0,1153709832.0,1396387127.0,46.26,0.19,0.96
India,IND,Asia meridional,2021,,1154046584.0,1407563842.0,,0.03,0.8
Indonesia,IDN,Asia oriental y el Pacífico (excluido altos ingresos),2010,10.92,211290235.0,244016173.0,57.8,29.09,1.26
Indonesia,IDN,Asia oriental y el Pacífico (excluido altos ingresos),2011,12.28,249805619.0,247099697.0,12.45,18.23,1.26
Indonesia,IDN,Asia oriental y el Pacífico (excluido altos ingresos),2012,14.52,281963665.0,250222695.0,18.24,12.87,1.26
Indonesia,IDN,Asia oriental y el Pacífico (excluido altos ingresos),2013,14.94,313226914.0,253275918.0,2.89,11.09,1.22
Indonesia,IDN,Asia oriental y el Pacífico (excluido altos ingresos),2014,17.14,325582819.0,256229761.0,14.73,3.94,1.17
Indonesia,IDN,Asia oriental y el Pacífico (excluido altos ingresos),2015,22.06,338948340.0,259091970.0,28.72,4.11,1.12
Indonesia,IDN,Asia oriental y el Pacífico (excluido altos ingresos),2016,25.45,385573398.0,261850182.0,15.34,13.76,1.06
Indonesia,IDN,Asia oriental y el Pacífico (excluido altos ingresos),2017,32.34,435193605.0,264498852.0,27.07,12.87,1.01
Indonesia,IDN,Asia oriental y el Pacífico (excluido altos ingresos),2018,39.9,319434605.0,267066843.0,23.41,-26.6,0.97
Indonesia,IDN,Asia oriental y el Pacífico (excluido altos ingresos),2019,47.69,341277549.0,269582878.0,19.51,6.84,0.94
Indonesia,IDN,Asia oriental y el Pacífico (excluido altos ingresos),2020,53.73,355620388.0,271857970.0,12.66,4.2,0.84
Indonesia,IDN,Asia oriental y el Pacífico (excluido altos ingresos),2021,62.1,365872608.0,273753191.0,15.59,2.88,0.7
Iraq,IRQ,Oriente Medio y Norte de África (excluido altos ingresos),2010,2.5,23264408.0,31264875.0,135.85,15.65,3.22
Iraq,IRQ,Oriente Medio y Norte de África (excluido altos ingresos),2011,5.0,25519000.0,32378061.0,100.0,9.69,3.56
Iraq,IRQ,Oriente Medio y Norte de África (excluido altos ingresos),2012,7.1,26756000.0,33864447.0,42.0,4.85,4.59
Iraq,IRQ,Oriente Medio y Norte de África (excluido altos ingresos),2013,9.2,32450000.0,35481800.0,29.58,21.28,4.78
Iraq,IRQ,Oriente Medio y Norte de África (excluido altos ingresos),2014,13.21,33000000.0,36746488.0,43.59,1.69,3.56
Iraq,IRQ,Oriente Medio y Norte de África (excluido altos ingresos),2015,16.8,33559000.0,37757813.0,27.18,1.69,2.75
Iraq,IRQ,Oriente Medio y Norte de África (excluido altos ingresos),2016,37.67,33447000.0,38697943.0,124.23,-0.33,2.49
Iraq,IRQ,Oriente Medio y Norte de África (excluido altos ingresos),2017,49.36,33415690.0,39621162.0,31.03,-0.09,2.39
Iraq,IRQ,Oriente Medio y Norte de África (excluido altos ingresos),2018,43.3,36527353.0,40590700.0,-12.28,9.31,2.45
Iraq,IRQ,Oriente Medio y Norte de África (excluido altos ingresos),2019,44.33,37224759.0,41563520.0,2.37,1.91,2.4
Iraq,IRQ,Oriente Medio y Norte de África (excluido altos ingresos),2020,,37475325.0,42556984.0,,0.67,2.39
Iraq,IRQ,Oriente Medio y Norte de África (excluido altos ingresos),2021,,37649112.0,43533592.0,,0.46,2.29
Irlanda,IRL,,2010,69.85,4701474.0,4560155.0,3.67,-0.06,0.55
Irlanda,IRL,,2011,74.89,4906352.0,4580084.0,7.22,4.36,0.44
Irlanda,IRL,,2012,76.92,5013676.0,4599533.0,2.71,2.19,0.42
Irlanda,IRL,,2013,78.25,4880792.0,4623816.0,1.73,-2.65,0.53
Irlanda,IRL,,2014,83.49,4912620.0,4657740.0,6.7,0.65,0.73
Irlanda,IRL,,2015,83.49,4902009.0,4701957.0,0.0,-0.22,0.95
Irlanda,IRL,,2016,83.5,4875116.0,4755335.0,0.01,-0.55,1.14
Irlanda,IRL,,2017,84.11,4898872.0,4807388.0,0.74,0.49,1.09
Irlanda,IRL,,2018,87.0,4971493.0,4867316.0,3.43,1.48,1.25
Irlanda,IRL,,2019,87.0,5160309.0,4934340.0,-0.0,3.8,1.38
Irlanda,IRL,,2020,92.0,5234009.0,4985382.0,5.75,1.43,1.03
Irlanda,IRL,,2021,,5373865.0,5033165.0,,2.67,0.96
"Irán, República Islámica del",IRN,Oriente Medio y Norte de África (excluido altos ingresos),2010,15.9,54051764.0,75373855.0,15.22,2.85,1.41
"Irán, República Islámica del",IRN,Oriente Medio y Norte de África (excluido altos ingresos),2011,19.0,56043006.0,76342971.0,19.5,3.68,1.29
"Irán, República Islámica del",IRN,Oriente Medio y Norte de África (excluido altos ingresos),2012,22.73,58157539.0,77324451.0,19.63,3.77,1.29
"Irán, República Islámica del",IRN,Oriente Medio y Norte de África (excluido altos ingresos),2013,29.95,65246219.0,78458928.0,31.76,12.19,1.47
"Irán, República Islámica del",IRN,Oriente Medio y Norte de África (excluido altos ingresos),2014,39.35,68891151.0,79961672.0,31.39,5.59,1.92
"Irán, República Islámica del",IRN,Oriente Medio y Norte de África (excluido altos ingresos),2015,45.33,74218815.0,81790841.0,15.21,7.73,2.29
"Irán, República Islámica del",IRN,Oriente Medio y Norte de África (excluido altos ingresos),2016,53.23,80520249.0,83306231.0,17.41,8.49,1.85
"Irán, República Islámica del",IRN,Oriente Medio y Norte de África (excluido altos ingresos),2017,64.04,87046953.0,84505076.0,20.32,8.11,1.44
"Irán, República Islámica del",IRN,Oriente Medio y Norte de África (excluido altos ingresos),2018,70.2,88722442.0,85617562.0,9.61,1.92,1.32
"Irán, República Islámica del",IRN,Oriente Medio y Norte de África (excluido altos ingresos),2019,72.45,118061419.0,86564202.0,3.21,33.07,1.11
"Irán, República Islámica del",IRN,Oriente Medio y Norte de África (excluido altos ingresos),2020,75.57,127624951.0,87290193.0,4.3,8.1,0.84
"Irán, República Islámica del",IRN,Oriente Medio y Norte de África (excluido altos ingresos),2021,78.6,135889424.0,87923432.0,4.0,6.48,0.73
Isla de Man,IMN,,2010,,,83828.0,,,1.1
Isla de Man,IMN,,2011,,,84350.0,,,0.62
Isla de Man,IMN,,2012,,,84338.0,,,-0.01
Isla de Man,IMN,,2013,,,84144.0,,,-0.23
Isla de Man,IMN,,2014,,,83896.0,,,-0.29
Isla de Man,IMN,,2015,,,83593.0,,,-0.36
Isla de Man,IMN,,2016,,,83450.0,,,-0.17
Isla de Man,IMN,,2017,,,83580.0,,,0.16
Isla de Man,IMN,,2018,,,83775.0,,,0.23
Isla de Man,IMN,,2019,,,83933.0,,,0.19
Isla de Man,IMN,,2020,,,84046.0,,,0.13
Isla de Man,IMN,,2021,,,84263.0,,,0.26
Isla de San Martín (parte francesa),MAF,,2010,,,36458.0,,,0.9
Isla de San Martín (parte francesa),MAF,,2011,,,36350.0,,,-0.3
Isla de San Martín (parte francesa),MAF,,2012,,,36026.0,,,-0.89
Isla de San Martín (parte francesa),MAF,,2013,,,35639.0,,,-1.07
Isla de San Martín (parte francesa),MAF,,2014,,,35261.0,,,-1.06
Isla de San Martín (parte francesa),MAF,,2015,,,35020.0,,,-0.68
Isla de San Martín (parte francesa),MAF,,2016,,,34811.0,,,-0.6
Isla de San Martín (parte francesa),MAF,,2017,,,34496.0,,,-0.9
Isla de San Martín (parte francesa),MAF,,2018,,,33852.0,,,-1.87
Isla de San Martín (parte francesa),MAF,,2019,,,33121.0,,,-2.16
Isla de San Martín (parte francesa),MAF,,2020,,,32553.0,,,-1.71
Isla de San Martín (parte francesa),MAF,,2021,,,31948.0,,,-1.86
Islandia,ISL,,2010,93.39,341077.0,318041.0,0.42,0.4,-0.14
Islandia,ISL,,2011,94.82,344085.0,319014.0,1.53,0.88,0.31
Islandia,ISL,,2012,96.21,352114.0,320716.0,1.47,2.33,0.53
Islandia,ISL,,2013,96.55,356264.0,323764.0,0.35,1.18,0.95
Islandia,ISL,,2014,98.16,370047.0,327386.0,1.67,3.87,1.12
Islandia,ISL,,2015,98.2,383919.0,330815.0,0.04,3.75,1.05
Islandia,ISL,,2016,98.24,401613.0,335439.0,0.04,4.61,1.4
Islandia,ISL,,2017,98.26,401231.0,343400.0,0.02,-0.1,2.37
Islandia,ISL,,2018,99.01,411361.0,352721.0,0.77,2.52,2.71
Islandia,ISL,,2019,99.5,413446.0,360563.0,0.5,0.51,2.22
Islandia,ISL,,2020,99.0,421384.0,366463.0,-0.51,1.92,1.64
Islandia,ISL,,2021,99.69,437270.0,372520.0,0.69,3.77,1.65
Islas Caimán,CYM,,2010,66.0,100568.0,54074.0,2.33,-7.48,2.8
Islas Caimán,CYM,,2011,69.47,96777.0,55492.0,5.25,-3.77,2.62
Islas Caimán,CYM,,2012,69.7,98834.0,56860.0,0.34,2.13,2.47
Islas Caimán,CYM,,2013,71.4,98036.0,58212.0,2.44,-0.81,2.38
Islas Caimán,CYM,,2014,74.1,91059.0,59559.0,3.78,-7.12,2.31
Islas Caimán,CYM,,2015,77.0,93244.0,60911.0,3.91,2.4,2.27
Islas Caimán,CYM,,2016,79.0,95656.0,62255.0,2.6,2.59,2.21
Islas Caimán,CYM,,2017,81.07,96656.0,63581.0,2.62,1.05,2.13
Islas Caimán,CYM,,2018,,,64884.0,,,2.05
Islas Caimán,CYM,,2019,,99000.0,66134.0,,,1.93
Islas Caimán,CYM,,2020,,100000.0,67311.0,,1.01,1.78
Islas Caimán,CYM,,2021,,,68136.0,,,1.23
Islas Feroe,FRO,,2010,75.2,59446.0,48410.0,0.03,4.3,-0.04
Islas Feroe,FRO,,2011,80.73,58475.0,48386.0,7.36,-1.63,-0.05
Islas Feroe,FRO,,2012,85.34,58722.0,48392.0,5.7,0.42,0.01
Islas Feroe,FRO,,2013,90.0,57751.0,48418.0,5.47,-1.65,0.05
Islas Feroe,FRO,,2014,93.3,58282.0,48465.0,3.67,0.92,0.1
Islas Feroe,FRO,,2015,94.2,53213.0,48816.0,0.96,-8.7,0.72
Islas Feroe,FRO,,2016,95.11,54487.0,49500.0,0.96,2.39,1.4
Islas Feroe,FRO,,2017,97.58,56619.0,50230.0,2.6,3.91,1.47
Islas Feroe,FRO,,2018,,56792.0,50955.0,,0.31,1.44
Islas Feroe,FRO,,2019,,54959.0,51681.0,,-3.23,1.42
Islas Feroe,FRO,,2020,,59213.0,52415.0,,7.74,1.42
Islas Feroe,FRO,,2021,,,52889.0,,,0.9
Islas Marshall,MHL,Asia oriental y el Pacífico (excluido altos ingresos),2010,7.0,,53416.0,25.0,,-0.33
Islas Marshall,MHL,Asia oriental y el Pacífico (excluido altos ingresos),2011,10.0,,52971.0,42.86,,-0.83
Islas Marshall,MHL,Asia oriental y el Pacífico (excluido altos ingresos),2012,12.5,,52203.0,25.0,,-1.45
Islas Marshall,MHL,Asia oriental y el Pacífico (excluido altos ingresos),2013,14.0,,51352.0,12.0,,-1.63
Islas Marshall,MHL,Asia oriental y el Pacífico (excluido altos ingresos),2014,16.8,15500.0,50419.0,20.0,,-1.82
Islas Marshall,MHL,Asia oriental y el Pacífico (excluido altos ingresos),2015,19.28,15500.0,49410.0,14.78,0.0,-2.0
Islas Marshall,MHL,Asia oriental y el Pacífico (excluido altos ingresos),2016,29.79,,48329.0,54.48,,-2.19
Islas Marshall,MHL,Asia oriental y el Pacífico (excluido altos ingresos),2017,38.7,16000.0,47187.0,29.92,,-2.36
Islas Marshall,MHL,Asia oriental y el Pacífico (excluido altos ingresos),2018,,,45989.0,,,-2.54
Islas Marshall,MHL,Asia oriental y el Pacífico (excluido altos ingresos),2019,,16000.0,44728.0,,,-2.74
Islas Marshall,MHL,Asia oriental y el Pacífico (excluido altos ingresos),2020,,16000.0,43413.0,,0.0,-2.94
Islas Marshall,MHL,Asia oriental y el Pacífico (excluido altos ingresos),2021,,,42050.0,,,-3.14
Islas Salomón,SLB,Asia oriental y el Pacífico (excluido altos ingresos),2010,5.0,115500.0,540394.0,25.0,131.0,2.38
Islas Salomón,SLB,Asia oriental y el Pacífico (excluido altos ingresos),2011,6.0,274872.0,553721.0,20.0,137.98,2.47
Islas Salomón,SLB,Asia oriental y el Pacífico (excluido altos ingresos),2012,7.0,302147.0,567763.0,16.62,9.92,2.54
Islas Salomón,SLB,Asia oriental y el Pacífico (excluido altos ingresos),2013,8.0,323105.0,582365.0,14.33,6.94,2.57
Islas Salomón,SLB,Asia oriental y el Pacífico (excluido altos ingresos),2014,9.0,376696.0,597375.0,12.5,16.59,2.58
Islas Salomón,SLB,Asia oriental y el Pacífico (excluido altos ingresos),2015,10.0,424712.0,612660.0,11.12,12.75,2.56
Islas Salomón,SLB,Asia oriental y el Pacífico (excluido altos ingresos),2016,11.0,416572.0,628102.0,10.0,-1.92,2.52
Islas Salomón,SLB,Asia oriental y el Pacífico (excluido altos ingresos),2017,11.92,465331.0,643634.0,8.39,11.7,2.47
Islas Salomón,SLB,Asia oriental y el Pacífico (excluido altos ingresos),2018,,482029.0,659249.0,,3.59,2.43
Islas Salomón,SLB,Asia oriental y el Pacífico (excluido altos ingresos),2019,,478116.0,674993.0,,-0.81,2.39
Islas Salomón,SLB,Asia oriental y el Pacífico (excluido altos ingresos),2020,,474000.0,691191.0,,-0.86,2.4
Islas Salomón,SLB,Asia oriental y el Pacífico (excluido altos ingresos),2021,,,707851.0,,,2.41
Islas Turcas y Caicos,TCA,,2010,,,29726.0,,,4.01
Islas Turcas y Caicos,TCA,,2011,,,30816.0,,,3.67
Islas Turcas y Caicos,TCA,,2012,,,32081.0,,,4.11
Islas Turcas y Caicos,TCA,,2013,,,33594.0,,,4.72
Islas Turcas y Caicos,TCA,,2014,,,34985.0,,,4.14
Islas Turcas y Caicos,TCA,,2015,,,36538.0,,,4.44
Islas Turcas y Caicos,TCA,,2016,,,38246.0,,,4.67
Islas Turcas y Caicos,TCA,,2017,,,39844.0,,,4.18
Islas Turcas y Caicos,TCA,,2018,,,41487.0,,,4.12
Islas Turcas y Caicos,TCA,,2019,,,43080.0,,,3.84
Islas Turcas y Caicos,TCA,,2020,,,44276.0,,,2.78
Islas Turcas y Caicos,TCA,,2021,,,45114.0,,,1.89
Islas Vírgenes (EE.UU.),VIR,,2010,31.22,,108357.0,13.96,,-0.04
Islas Vírgenes (EE.UU.),VIR,,2011,35.6,,108290.0,14.03,,-0.06
Islas Vírgenes (EE.UU.),VIR,,2012,40.55,,108188.0,13.9,,-0.09
Islas Vírgenes (EE.UU.),VIR,,2013,45.3,,108041.0,11.72,,-0.14
Islas Vírgenes (EE.UU.),VIR,,2014,50.07,,107882.0,10.53,,-0.15
Islas Vírgenes (EE.UU.),VIR,,2015,54.84,,107712.0,9.52,,-0.16
Islas Vírgenes (EE.UU.),VIR,,2016,59.61,,107516.0,8.7,,-0.18
Islas Vírgenes (EE.UU.),VIR,,2017,64.38,,107281.0,8.0,,-0.22
Islas Vírgenes (EE.UU.),VIR,,2018,,,107001.0,,,-0.26
Islas Vírgenes (EE.UU.),VIR,,2019,,80000.0,106669.0,,,-0.31
Islas Vírgenes (EE.UU.),VIR,,2020,,80000.0,106290.0,,0.0,-0.36
Islas Vírgenes (EE.UU.),VIR,,2021,,,105870.0,,,-0.4
Islas Vírgenes Británicas,VGB,,2010,37.0,47524.0,27556.0,2.78,1.05,1.89
Islas Vírgenes Británicas,VGB,,2011,37.4,46597.0,27962.0,1.08,-1.95,1.47
Islas Vírgenes Británicas,VGB,,2012,37.6,48703.0,28421.0,0.53,4.52,1.64
Islas Vírgenes Británicas,VGB,,2013,,53406.0,28657.0,,9.66,0.83
Islas Vírgenes Británicas,VGB,,2014,,54764.0,28971.0,,2.54,1.1
Islas Vírgenes Británicas,VGB,,2015,,57195.0,29366.0,,4.44,1.36
Islas Vírgenes Británicas,VGB,,2016,77.7,39689.0,29739.0,,-30.61,1.27
Islas Vírgenes Británicas,VGB,,2017,77.7,44043.0,30060.0,0.0,10.97,1.08
Islas Vírgenes Británicas,VGB,,2018,,39954.0,30335.0,,-9.28,0.91
Islas Vírgenes Británicas,VGB,,2019,,39534.0,30610.0,,-1.05,0.91
Islas Vírgenes Británicas,VGB,,2020,,35163.0,30910.0,,-11.06,0.98
Islas Vírgenes Británicas,VGB,,2021,,,31122.0,,,0.69
Islas del Canal,CHI,,2010,,,156933.0,,,0.78
Islas del Canal,CHI,,2011,,,157819.0,,,0.56
Islas del Canal,CHI,,2012,,,158621.0,,,0.51
Islas del Canal,CHI,,2013,,,159794.0,,,0.74
Islas del Canal,CHI,,2014,,,160912.0,,,0.7
Islas del Canal,CHI,,2015,,,162190.0,,,0.79
Islas del Canal,CHI,,2016,,,163721.0,,,0.94
Islas del Canal,CHI,,2017,,,165215.0,,,0.91
Islas del Canal,CHI,,2018,,,167259.0,,,1.24
Islas del Canal,CHI,,2019,,,169410.0,,,1.29
Islas del Canal,CHI,,2020,,,171113.0,,,1.01
Islas del Canal,CHI,,2021,,,172683.0,,,0.92
Israel,ISR,,2010,67.5,9111000.0,7623600.0,6.94,0.99,1.84
Israel,ISR,,2011,68.87,9200000.0,7765800.0,2.04,0.98,1.87
Israel,ISR,,2012,70.8,9225000.0,7910500.0,2.8,0.27,1.86
Israel,ISR,,2013,70.25,9500000.0,8059500.0,-0.78,2.98,1.88
Israel,ISR,,2014,75.02,9500000.0,8215700.0,6.79,0.0,1.94
Israel,ISR,,2015,77.35,10570000.0,8380100.0,3.11,11.26,2.0
Israel,ISR,,2016,79.65,10570000.0,8546000.0,2.97,0.0,1.98
Israel,ISR,,2017,81.58,10540000.0,8713300.0,2.42,-0.28,1.96
Israel,ISR,,2018,83.73,10700000.0,8882800.0,2.64,1.52,1.95
Israel,ISR,,2019,86.79,11700000.0,9054000.0,3.65,9.35,1.93
Israel,ISR,,2020,90.13,12270000.0,9215100.0,3.85,4.87,1.78
Israel,ISR,,2021,,12500000.0,9364000.0,,1.87,1.62
Italia,ITA,,2010,53.68,93666088.0,59277417.0,9.93,4.04,0.31
Italia,ITA,,2011,54.39,96040913.0,59379449.0,1.32,2.54,0.17
Italia,ITA,,2012,55.83,97188624.0,59539717.0,2.65,1.2,0.27
Italia,ITA,,2013,58.46,96863107.0,60233948.0,4.71,-0.33,1.17
Italia,ITA,,2014,55.64,89914609.0,60789140.0,-4.83,-7.17,0.92
Italia,ITA,,2015,58.14,87691238.0,60730582.0,4.5,-2.47,-0.1
Italia,ITA,,2016,61.32,85955905.0,60627498.0,5.47,-1.98,-0.17
Italia,ITA,,2017,63.08,83871543.0,60536709.0,2.86,-2.42,-0.15
Italia,ITA,,2018,74.39,83342486.0,60421760.0,17.93,-0.63,-0.19
Italia,ITA,,2019,67.85,79480756.0,59729081.0,-8.79,-4.63,-1.15
Italia,ITA,,2020,70.48,77581048.0,59438851.0,3.88,-2.39,-0.49
Italia,ITA,,2021,74.86,78114933.0,59109668.0,6.21,0.69,-0.55
Jamaica,JAM,América Latina y el Caribe (excluido altos ingresos),2010,27.67,3181995.0,2733896.0,13.87,7.64,0.42
Jamaica,JAM,América Latina y el Caribe (excluido altos ingresos),2011,37.44,2945395.0,2746169.0,35.3,-7.44,0.45
Jamaica,JAM,América Latina y el Caribe (excluido altos ingresos),2012,33.79,2714938.0,2759817.0,-9.75,-7.82,0.5
Jamaica,JAM,América Latina y el Caribe (excluido altos ingresos),2013,37.1,2846196.0,2773129.0,9.8,4.83,0.48
Jamaica,JAM,América Latina y el Caribe (excluido altos ingresos),2014,40.4,3005490.0,2784543.0,8.9,5.6,0.41
Jamaica,JAM,América Latina y el Caribe (excluido altos ingresos),2015,42.22,3137213.0,2794445.0,4.5,4.38,0.36
Jamaica,JAM,América Latina y el Caribe (excluido altos ingresos),2016,44.37,3267344.0,2802695.0,5.08,4.15,0.3
Jamaica,JAM,América Latina y el Caribe (excluido altos ingresos),2017,55.07,3091222.0,2808376.0,24.13,-5.39,0.2
Jamaica,JAM,América Latina y el Caribe (excluido altos ingresos),2018,68.21,2964974.0,2811835.0,23.86,-4.08,0.12
Jamaica,JAM,América Latina y el Caribe (excluido altos ingresos),2019,,3023873.0,2813773.0,,1.99,0.07
Jamaica,JAM,América Latina y el Caribe (excluido altos ingresos),2020,,2873259.0,2820436.0,,-4.98,0.24
Jamaica,JAM,América Latina y el Caribe (excluido altos ingresos),2021,,2905408.0,2827695.0,,1.12,0.26
Japón,JPN,,2010,78.21,123287125.0,128070000.0,0.27,6.01,0.02
Japón,JPN,,2011,79.05,132761125.0,127833000.0,1.08,7.68,-0.19
Japón,JPN,,2012,79.5,141129280.0,127629000.0,0.56,6.3,-0.16
Japón,JPN,,2013,88.22,147887593.0,127445000.0,10.97,4.79,-0.14
Japón,JPN,,2014,89.11,157856591.0,127276000.0,1.01,6.74,-0.13
Japón,JPN,,2015,91.06,160559734.0,127141000.0,2.19,1.71,-0.11
Japón,JPN,,2016,93.18,166852753.0,127076000.0,2.33,3.92,-0.05
Japón,JPN,,2017,91.73,172789990.0,126972000.0,-1.56,3.56,-0.08
Japón,JPN,,2018,88.75,179872794.0,126811000.0,-3.25,4.1,-0.13
Japón,JPN,,2019,92.73,186514109.0,126633000.0,4.49,3.69,-0.14
Japón,JPN,,2020,90.22,195054893.0,126261000.0,-2.71,4.58,-0.29
Japón,JPN,,2021,,200478808.0,125681593.0,,2.78,-0.46
Jordania,JOR,Oriente Medio y Norte de África (excluido altos ingresos),2010,27.2,6620000.0,6931258.0,4.62,10.07,2.22
Jordania,JOR,Oriente Medio y Norte de África (excluido altos ingresos),2011,34.9,7482561.0,7109980.0,28.31,13.03,2.58
Jordania,JOR,Oriente Medio y Norte de África (excluido altos ingresos),2012,37.0,8984252.0,7211863.0,6.02,20.07,1.43
Jordania,JOR,Oriente Medio y Norte de África (excluido altos ingresos),2013,41.4,10313976.0,7694814.0,11.89,14.8,6.7
Jordania,JOR,Oriente Medio y Norte de África (excluido altos ingresos),2014,46.2,11092404.0,8658026.0,11.59,7.55,12.52
Jordania,JOR,Oriente Medio y Norte de África (excluido altos ingresos),2015,54.22,13797968.0,9494246.0,17.36,24.39,9.66
Jordania,JOR,Oriente Medio y Norte de África (excluido altos ingresos),2016,56.15,9818446.0,9964656.0,3.56,-28.84,4.95
Jordania,JOR,Oriente Medio y Norte de África (excluido altos ingresos),2017,64.5,9703287.0,10215381.0,14.87,-1.17,2.52
Jordania,JOR,Oriente Medio y Norte de África (excluido altos ingresos),2018,65.2,8731760.0,10459865.0,1.09,-10.01,2.39
Jordania,JOR,Oriente Medio y Norte de África (excluido altos ingresos),2019,,7778770.0,10698683.0,,-10.91,2.28
Jordania,JOR,Oriente Medio y Norte de África (excluido altos ingresos),2020,,6987891.0,10928721.0,,-10.17,2.15
Jordania,JOR,Oriente Medio y Norte de África (excluido altos ingresos),2021,,7275563.0,11148278.0,,4.12,2.01
Kazajstán,KAZ,Europa y Asia central (excluido altos ingresos),2010,31.6,19402600.0,16321872.0,73.63,13.71,1.42
Kazajstán,KAZ,Europa y Asia central (excluido altos ingresos),2011,50.6,25240800.0,16557202.0,60.13,30.09,1.44
Kazajstán,KAZ,Europa y Asia central (excluido altos ingresos),2012,61.91,30235400.0,16792090.0,22.35,19.79,1.42
Kazajstán,KAZ,Europa y Asia central (excluido altos ingresos),2013,63.3,30364900.0,17035551.0,2.26,0.43,1.45
Kazajstán,KAZ,Europa y Asia central (excluido altos ingresos),2014,66.0,28595600.0,17288285.0,4.26,-5.83,1.48
Kazajstán,KAZ,Europa y Asia central (excluido altos ingresos),2015,70.83,26309300.0,17542806.0,7.32,-8.0,1.47
Kazajstán,KAZ,Europa y Asia central (excluido altos ingresos),2016,74.59,25534800.0,17794055.0,5.31,-2.94,1.43
Kazajstán,KAZ,Europa y Asia central (excluido altos ingresos),2017,76.43,26693300.0,18037776.0,2.47,4.54,1.37
Kazajstán,KAZ,Europa y Asia central (excluido altos ingresos),2018,78.9,26065600.0,18276452.0,3.24,-2.35,1.32
Kazajstán,KAZ,Europa y Asia central (excluido altos ingresos),2019,81.88,25717700.0,18513673.0,3.77,-1.33,1.3
Kazajstán,KAZ,Europa y Asia central (excluido altos ingresos),2020,85.94,24293900.0,18755666.0,4.96,-5.54,1.31
Kazajstán,KAZ,Europa y Asia central (excluido altos ingresos),2021,90.92,24323000.0,19000988.0,5.8,0.12,1.31
Kenya,KEN,África al sur del Sahara (excluido altos ingresos),2010,7.2,24968891.0,41517895.0,18.03,28.94,2.86
Kenya,KEN,África al sur del Sahara (excluido altos ingresos),2011,8.8,28080771.0,42635144.0,22.22,12.46,2.69
Kenya,KEN,África al sur del Sahara (excluido altos ingresos),2012,10.5,30731754.0,43725806.0,19.32,9.44,2.56
Kenya,KEN,África al sur del Sahara (excluido altos ingresos),2013,13.0,31830003.0,44792368.0,23.81,3.57,2.44
Kenya,KEN,África al sur del Sahara (excluido altos ingresos),2014,16.5,33632631.0,45831863.0,26.92,5.66,2.32
Kenya,KEN,África al sur del Sahara (excluido altos ingresos),2015,16.59,37715944.0,46851488.0,0.53,12.14,2.22
Kenya,KEN,África al sur del Sahara (excluido altos ingresos),2016,16.6,38982188.0,47894670.0,0.07,3.36,2.23
Kenya,KEN,África al sur del Sahara (excluido altos ingresos),2017,17.83,42815109.0,48948137.0,7.39,9.83,2.2
Kenya,KEN,África al sur del Sahara (excluido altos ingresos),2018,19.5,49501430.0,49953304.0,9.38,15.62,2.05
Kenya,KEN,África al sur del Sahara (excluido altos ingresos),2019,22.67,54555497.0,50951450.0,16.25,10.21,2.0
Kenya,KEN,África al sur del Sahara (excluido altos ingresos),2020,29.5,61408904.0,51985780.0,30.13,12.56,2.03
Kenya,KEN,África al sur del Sahara (excluido altos ingresos),2021,,65085720.0,53005614.0,,5.99,1.96
Kirguistán,KGZ,Europa y Asia central (excluido altos ingresos),2010,16.3,5275477.0,5447900.0,1.88,17.57,1.2
Kirguistán,KGZ,Europa y Asia central (excluido altos ingresos),2011,17.5,6277108.0,5514600.0,7.36,18.99,1.22
Kirguistán,KGZ,Europa y Asia central (excluido altos ingresos),2012,19.8,6797852.0,5607200.0,13.14,8.3,1.68
Kirguistán,KGZ,Europa y Asia central (excluido altos ingresos),2013,23.0,6737487.0,5719600.0,16.16,-0.89,2.0
Kirguistán,KGZ,Europa y Asia central (excluido altos ingresos),2014,28.3,7563444.0,5835500.0,23.04,12.26,2.03
Kirguistán,KGZ,Europa y Asia central (excluido altos ingresos),2015,30.25,7579439.0,5956900.0,6.88,0.21,2.08
Kirguistán,KGZ,Europa y Asia central (excluido altos ingresos),2016,34.5,7613528.0,6079500.0,14.06,0.45,2.06
Kirguistán,KGZ,Europa y Asia central (excluido altos ingresos),2017,38.2,8467966.0,6198200.0,10.72,11.22,1.95
Kirguistán,KGZ,Europa y Asia central (excluido altos ingresos),2018,62.8,8735246.0,6322800.0,64.4,3.16,2.01
Kirguistán,KGZ,Europa y Asia central (excluido altos ingresos),2019,64.1,8622565.0,6456200.0,2.07,-1.29,2.11
Kirguistán,KGZ,Europa y Asia central (excluido altos ingresos),2020,72.0,8511000.0,6579900.0,12.32,-1.29,1.92
Kirguistán,KGZ,Europa y Asia central (excluido altos ingresos),2021,,,6691800.0,,,1.7
Kiribati,KIR,Asia oriental y el Pacífico (excluido altos ingresos),2010,9.07,10595.0,107995.0,1.11,6.94,1.89
Kiribati,KIR,Asia oriental y el Pacífico (excluido altos ingresos),2011,10.0,13788.0,109871.0,10.25,30.14,1.74
Kiribati,KIR,Asia oriental y el Pacífico (excluido altos ingresos),2012,10.75,18000.0,111618.0,7.47,30.55,1.59
Kiribati,KIR,Asia oriental y el Pacífico (excluido altos ingresos),2013,11.5,20000.0,113311.0,7.01,11.11,1.52
Kiribati,KIR,Asia oriental y el Pacífico (excluido altos ingresos),2014,12.25,30000.0,114985.0,6.52,50.0,1.48
Kiribati,KIR,Asia oriental y el Pacífico (excluido altos ingresos),2015,14.9,41000.0,116707.0,21.63,36.67,1.5
Kiribati,KIR,Asia oriental y el Pacífico (excluido altos ingresos),2016,18.7,52000.0,118513.0,25.5,26.83,1.55
Kiribati,KIR,Asia oriental y el Pacífico (excluido altos ingresos),2017,23.4,46123.0,120362.0,25.13,-11.3,1.56
Kiribati,KIR,Asia oriental y el Pacífico (excluido altos ingresos),2018,29.4,53338.0,122261.0,25.64,15.64,1.58
Kiribati,KIR,Asia oriental y el Pacífico (excluido altos ingresos),2019,36.9,54658.0,124241.0,25.51,2.47,1.62
Kiribati,KIR,Asia oriental y el Pacífico (excluido altos ingresos),2020,38.0,54661.0,126463.0,2.98,0.01,1.79
Kiribati,KIR,Asia oriental y el Pacífico (excluido altos ingresos),2021,,54527.0,128874.0,,-0.25,1.91
Kosovo,XKX,Europa y Asia central (excluido altos ingresos),2010,,562000.0,1775680.0,,0.0,0.81
Kosovo,XKX,Europa y Asia central (excluido altos ingresos),2011,,,1791000.0,,,0.86
Kosovo,XKX,Europa y Asia central (excluido altos ingresos),2012,,,1807106.0,,,0.9
Kosovo,XKX,Europa y Asia central (excluido altos ingresos),2013,,,1818117.0,,,0.61
Kosovo,XKX,Europa y Asia central (excluido altos ingresos),2014,,,1812771.0,,,-0.29
Kosovo,XKX,Europa y Asia central (excluido altos ingresos),2015,,,1788196.0,,,-1.36
Kosovo,XKX,Europa y Asia central (excluido altos ingresos),2016,,,1777557.0,,,-0.59
Kosovo,XKX,Europa y Asia central (excluido altos ingresos),2017,83.89,,1791003.0,,,0.76
Kosovo,XKX,Europa y Asia central (excluido altos ingresos),2018,89.44,,1797085.0,6.61,,0.34
Kosovo,XKX,Europa y Asia central (excluido altos ingresos),2019,,,1788878.0,,,-0.46
Kosovo,XKX,Europa y Asia central (excluido altos ingresos),2020,,,1790133.0,,,0.07
Kosovo,XKX,Europa y Asia central (excluido altos ingresos),2021,,,1786038.0,,,-0.23
Kuwait,KWT,,2010,61.4,3979145.0,2943356.0,20.87,51.97,5.29
Kuwait,KWT,,2011,65.77,4934160.0,3143825.0,7.12,24.0,6.81
Kuwait,KWT,,2012,70.45,5100000.0,3394663.0,7.12,3.36,7.98
Kuwait,KWT,,2013,75.46,6410000.0,3646518.0,7.11,25.69,7.42
Kuwait,KWT,,2014,78.7,7600000.0,3761584.0,4.29,18.56,3.16
Kuwait,KWT,,2015,82.0,7664743.0,3908743.0,4.19,0.85,3.91
Kuwait,KWT,,2016,85.6,7659365.0,4048085.0,4.39,-0.07,3.56
Kuwait,KWT,,2017,98.0,7138833.0,4124904.0,14.49,-6.8,1.9
Kuwait,KWT,,2018,99.6,7099848.0,4317185.0,1.63,-0.55,4.66
Kuwait,KWT,,2019,99.54,7327028.0,4441100.0,-0.06,3.2,2.87
Kuwait,KWT,,2020,99.11,6770346.0,4360444.0,-0.44,-7.6,-1.82
Kuwait,KWT,,2021,99.7,6918180.0,4250114.0,0.6,2.18,-2.53
Lesotho,LSO,África al sur del Sahara (excluido altos ingresos),2010,3.86,987448.0,2022747.0,3.76,49.39,0.68
Lesotho,LSO,África al sur del Sahara (excluido altos ingresos),2011,7.0,1232354.0,2037677.0,81.35,24.8,0.74
Lesotho,LSO,África al sur del Sahara (excluido altos ingresos),2012,10.0,1544815.0,2054718.0,42.86,25.35,0.84
Lesotho,LSO,África al sur del Sahara (excluido altos ingresos),2013,15.0,1790295.0,2073939.0,50.0,15.89,0.94
Lesotho,LSO,África al sur del Sahara (excluido altos ingresos),2014,22.0,2138789.0,2095242.0,46.67,19.47,1.03
Lesotho,LSO,África al sur del Sahara (excluido altos ingresos),2015,25.0,2140141.0,2118521.0,13.64,0.06,1.11
Lesotho,LSO,África al sur del Sahara (excluido altos ingresos),2016,32.45,2282917.0,2143872.0,29.82,6.67,1.2
Lesotho,LSO,África al sur del Sahara (excluido altos ingresos),2017,39.0,2380804.0,2170617.0,20.17,4.29,1.25
Lesotho,LSO,África al sur del Sahara (excluido altos ingresos),2018,40.8,1582141.0,2198017.0,4.62,-33.55,1.26
Lesotho,LSO,África al sur del Sahara (excluido altos ingresos),2019,42.3,1681633.0,2225702.0,3.68,6.29,1.26
Lesotho,LSO,África al sur del Sahara (excluido altos ingresos),2020,43.0,1562648.0,2254100.0,1.65,-7.08,1.28
Lesotho,LSO,África al sur del Sahara (excluido altos ingresos),2021,,1821374.0,2281454.0,,16.56,1.21
Letonia,LVA,,2010,68.42,2306100.0,2097555.0,2.36,0.11,-2.06
Letonia,LVA,,2011,69.75,2309000.0,2059709.0,1.94,0.13,-1.8
Letonia,LVA,,2012,73.12,2630873.0,2034319.0,4.83,13.94,-1.23
Letonia,LVA,,2013,75.23,2558000.0,2012647.0,2.89,-2.77,-1.07
Letonia,LVA,,2014,75.83,2384000.0,1993782.0,0.79,-6.8,-0.94
Letonia,LVA,,2015,79.2,2590000.0,1977527.0,4.44,8.64,-0.82
Letonia,LVA,,2016,79.84,2650273.0,1959537.0,0.81,2.33,-0.91
Letonia,LVA,,2017,80.11,2464122.0,1942248.0,0.34,-7.02,-0.88
Letonia,LVA,,2018,83.58,2070180.0,1927174.0,4.32,-15.99,-0.78
Letonia,LVA,,2019,86.14,2071652.0,1913822.0,3.06,0.07,-0.69
Letonia,LVA,,2020,88.9,2051359.0,1900449.0,3.21,-0.98,-0.7
Letonia,LVA,,2021,91.18,2161725.0,1884490.0,2.57,5.38,-0.84
Liberia,LBR,África al sur del Sahara (excluido altos ingresos),2010,2.3,1571308.0,4019956.0,15.0,44.81,2.94
Liberia,LBR,África al sur del Sahara (excluido altos ingresos),2011,2.5,2020637.0,4181150.0,8.7,28.6,4.01
Liberia,LBR,África al sur del Sahara (excluido altos ingresos),2012,2.6,2379900.0,4331740.0,4.0,17.78,3.6
Liberia,LBR,África al sur del Sahara (excluido altos ingresos),2013,3.2,2550775.0,4427313.0,23.08,7.18,2.21
Liberia,LBR,África al sur del Sahara (excluido altos ingresos),2014,5.41,3225258.0,4519398.0,69.06,26.44,2.08
Liberia,LBR,África al sur del Sahara (excluido altos ingresos),2015,10.0,3652000.0,4612329.0,84.84,13.23,2.06
Liberia,LBR,África al sur del Sahara (excluido altos ingresos),2016,15.7,3117002.0,4706097.0,57.0,-14.65,2.03
Liberia,LBR,África al sur del Sahara (excluido altos ingresos),2017,16.3,2660000.0,4796631.0,3.82,-14.66,1.92
Liberia,LBR,África al sur del Sahara (excluido altos ingresos),2018,18.9,,4889391.0,15.95,,1.93
Liberia,LBR,África al sur del Sahara (excluido altos ingresos),2019,22.0,1937000.0,4985289.0,16.4,,1.96
Liberia,LBR,África al sur del Sahara (excluido altos ingresos),2020,25.6,1653000.0,5087584.0,16.36,-14.66,2.05
Liberia,LBR,África al sur del Sahara (excluido altos ingresos),2021,,,5193416.0,,,2.08
Libia,LBY,Oriente Medio y Norte de África (excluido altos ingresos),2010,14.0,10900000.0,6491988.0,29.63,14.33,2.07
Libia,LBY,Oriente Medio y Norte de África (excluido altos ingresos),2011,14.0,10000000.0,6188132.0,0.0,-8.26,-4.68
Libia,LBY,Oriente Medio y Norte de África (excluido altos ingresos),2012,15.2,9587000.0,5869870.0,8.57,-4.13,-5.14
Libia,LBY,Oriente Medio y Norte de África (excluido altos ingresos),2013,16.5,10235300.0,5985221.0,8.55,6.76,1.97
Libia,LBY,Oriente Medio y Norte de África (excluido altos ingresos),2014,17.76,8497080.0,6097764.0,7.64,-16.98,1.88
Libia,LBY,Oriente Medio y Norte de África (excluido altos ingresos),2015,,9747080.0,6192235.0,,14.71,1.55
Libia,LBY,Oriente Medio y Norte de África (excluido altos ingresos),2016,,7660068.0,6282196.0,,-21.41,1.45
Libia,LBY,Oriente Medio y Norte de África (excluido altos ingresos),2017,,6020000.0,6378261.0,,-21.41,1.53
Libia,LBY,Oriente Medio y Norte de África (excluido altos ingresos),2018,,,6477793.0,,,1.56
Libia,LBY,Oriente Medio y Norte de África (excluido altos ingresos),2019,,3718000.0,6569088.0,,,1.41
Libia,LBY,Oriente Medio y Norte de África (excluido altos ingresos),2020,,2922000.0,6653942.0,,-21.41,1.29
Libia,LBY,Oriente Medio y Norte de África (excluido altos ingresos),2021,,,6735277.0,,,1.22
Liechtenstein,LIE,,2010,80.0,35500.0,35926.0,6.67,1.43,0.7
Liechtenstein,LIE,,2011,85.0,36970.0,36189.0,6.25,4.14,0.73
Liechtenstein,LIE,,2012,89.41,36080.0,36505.0,5.19,-2.41,0.87
Liechtenstein,LIE,,2013,93.8,38427.0,36806.0,4.91,6.5,0.82
Liechtenstein,LIE,,2014,95.21,40652.0,37096.0,1.5,5.79,0.79
Liechtenstein,LIE,,2015,96.64,40950.0,37355.0,1.5,0.73,0.7
Liechtenstein,LIE,,2016,98.09,44298.0,37609.0,1.5,8.18,0.68
Liechtenstein,LIE,,2017,99.55,46402.0,37889.0,1.48,4.75,0.74
Liechtenstein,LIE,,2018,,47272.0,38181.0,,1.87,0.77
Liechtenstein,LIE,,2019,,47748.0,38482.0,,1.01,0.79
Liechtenstein,LIE,,2020,,48887.0,38756.0,,2.39,0.71
Liechtenstein,LIE,,2021,,49264.0,39039.0,,0.77,0.73
Lituania,LTU,,2010,62.12,4890979.0,3097282.0,3.95,-1.42,-2.08
Lituania,LTU,,2011,63.64,4938000.0,3028115.0,2.45,0.96,-2.23
Lituania,LTU,,2012,67.23,4997265.0,2987773.0,5.64,1.2,-1.33
Lituania,LTU,,2013,68.45,4565976.0,2957689.0,1.82,-8.63,-1.01
Lituania,LTU,,2014,72.13,4267592.0,2932367.0,5.37,-6.53,-0.86
Lituania,LTU,,2015,71.38,4184053.0,2904910.0,-1.04,-1.96,-0.94
Lituania,LTU,,2016,74.38,4204692.0,2868231.0,4.2,0.49,-1.26
Lituania,LTU,,2017,77.62,4361329.0,2828403.0,4.35,3.73,-1.39
Lituania,LTU,,2018,79.72,3764670.0,2801543.0,2.72,-13.68,-0.95
Lituania,LTU,,2019,81.58,3704258.0,2794137.0,2.33,-1.6,-0.26
Lituania,LTU,,2020,83.06,3671995.0,2794885.0,1.81,-0.87,0.03
Lituania,LTU,,2021,86.93,3726653.0,2800839.0,4.67,1.49,0.21
Luxemburgo,LUX,,2010,90.62,727000.0,506953.0,3.79,0.97,1.84
Luxemburgo,LUX,,2011,90.03,764973.0,518347.0,-0.65,5.22,2.25
Luxemburgo,LUX,,2012,91.95,761314.0,530946.0,2.13,-0.48,2.43
Luxemburgo,LUX,,2013,93.78,788371.0,543360.0,1.99,3.55,2.34
Luxemburgo,LUX,,2014,94.67,802400.0,556319.0,0.95,1.78,2.38
Luxemburgo,LUX,,2015,96.38,806800.0,569604.0,1.8,0.55,2.39
Luxemburgo,LUX,,2016,98.14,764000.0,582014.0,1.83,-5.3,2.18
Luxemburgo,LUX,,2017,97.36,794000.0,596336.0,-0.79,3.93,2.46
Luxemburgo,LUX,,2018,97.06,798600.0,607950.0,-0.31,0.58,1.95
Luxemburgo,LUX,,2019,97.12,835900.0,620001.0,0.06,4.67,1.98
Luxemburgo,LUX,,2020,98.82,890000.0,630419.0,1.75,6.47,1.68
Luxemburgo,LUX,,2021,98.83,,640064.0,0.0,,1.53
Líbano,LBN,Oriente Medio y Norte de África (excluido altos ingresos),2010,43.68,2863664.0,4995800.0,44.92,19.8,0.9
Líbano,LBN,Oriente Medio y Norte de África (excluido altos ingresos),2011,52.0,3456650.0,5045056.0,19.05,20.71,0.99
Líbano,LBN,Oriente Medio y Norte de África (excluido altos ingresos),2012,61.25,3755169.0,5178337.0,17.79,8.64,2.64
Líbano,LBN,Oriente Medio y Norte de África (excluido altos ingresos),2013,70.5,3884757.0,5678851.0,15.1,3.45,9.67
Líbano,LBN,Oriente Medio y Norte de África (excluido altos ingresos),2014,73.0,4387275.0,6274342.0,3.55,12.94,10.49
Líbano,LBN,Oriente Medio y Norte de África (excluido altos ingresos),2015,74.0,4657651.0,6398940.0,1.37,6.16,1.99
Líbano,LBN,Oriente Medio y Norte de África (excluido altos ingresos),2016,76.11,4277043.0,6258619.0,2.85,-8.17,-2.19
Líbano,LBN,Oriente Medio y Norte de África (excluido altos ingresos),2017,78.18,4399085.0,6109252.0,2.72,2.85,-2.39
Líbano,LBN,Oriente Medio y Norte de África (excluido altos ingresos),2018,80.9,4424185.0,5950839.0,3.48,0.57,-2.59
Líbano,LBN,Oriente Medio y Norte de África (excluido altos ingresos),2019,80.9,4237962.0,5781907.0,0.0,-4.21,-2.84
Líbano,LBN,Oriente Medio y Norte de África (excluido altos ingresos),2020,84.1,4288221.0,5662923.0,3.96,1.19,-2.06
Líbano,LBN,Oriente Medio y Norte de África (excluido altos ingresos),2021,,,5592631.0,,,-1.24
Macedonia del Norte,MKD,Europa y Asia central (excluido altos ingresos),2010,51.9,2153425.0,2055004.0,0.25,10.82,0.21
Macedonia del Norte,MKD,Europa y Asia central (excluido altos ingresos),2011,56.7,2213223.0,2058539.0,9.25,2.78,0.17
Macedonia del Norte,MKD,Europa y Asia central (excluido altos ingresos),2012,57.45,2235460.0,2061044.0,1.32,1.0,0.12
Macedonia del Norte,MKD,Europa y Asia central (excluido altos ingresos),2013,65.24,2237250.0,2064032.0,13.56,0.08,0.14
Macedonia del Norte,MKD,Europa y Asia central (excluido altos ingresos),2014,68.06,2224439.0,2067471.0,4.32,-0.57,0.17
Macedonia del Norte,MKD,Europa y Asia central (excluido altos ingresos),2015,70.38,2083583.0,2070226.0,3.41,-6.33,0.13
Macedonia del Norte,MKD,Europa y Asia central (excluido altos ingresos),2016,72.16,2050494.0,2072490.0,2.52,-1.59,0.11
Macedonia del Norte,MKD,Europa y Asia central (excluido altos ingresos),2017,74.52,2008008.0,2074502.0,3.27,-2.07,0.1
Macedonia del Norte,MKD,Europa y Asia central (excluido altos ingresos),2018,79.17,1969109.0,2076217.0,6.24,-1.94,0.08
Macedonia del Norte,MKD,Europa y Asia central (excluido altos ingresos),2019,81.41,1921013.0,2076694.0,2.84,-2.44,0.02
Macedonia del Norte,MKD,Europa y Asia central (excluido altos ingresos),2020,81.41,1862138.0,2072531.0,-0.01,-3.06,-0.2
Macedonia del Norte,MKD,Europa y Asia central (excluido altos ingresos),2021,,1941352.0,2065092.0,,4.25,-0.36
Madagascar,MDG,África al sur del Sahara (excluido altos ingresos),2010,1.7,7711721.0,21731053.0,4.29,22.72,2.91
Madagascar,MDG,África al sur del Sahara (excluido altos ingresos),2011,1.9,8680772.0,22348158.0,11.76,12.57,2.84
Madagascar,MDG,África al sur del Sahara (excluido altos ingresos),2012,2.3,8778600.0,22966240.0,21.05,1.13,2.77
Madagascar,MDG,África al sur del Sahara (excluido altos ingresos),2013,3.0,8461120.0,23588073.0,30.43,-3.62,2.71
Madagascar,MDG,África al sur del Sahara (excluido altos ingresos),2014,3.7,9713883.0,24215976.0,23.33,14.81,2.66
Madagascar,MDG,África al sur del Sahara (excluido altos ingresos),2015,4.17,10693765.0,24850912.0,12.81,10.09,2.62
Madagascar,MDG,África al sur del Sahara (excluido altos ingresos),2016,4.71,7998253.0,25501941.0,12.93,-25.21,2.62
Madagascar,MDG,África al sur del Sahara (excluido altos ingresos),2017,9.8,8730499.0,26169542.0,107.91,9.16,2.62
Madagascar,MDG,África al sur del Sahara (excluido altos ingresos),2018,15.0,10654710.0,26846541.0,53.06,22.04,2.59
Madagascar,MDG,África al sur del Sahara (excluido altos ingresos),2019,,13003000.0,27533134.0,,22.04,2.56
Madagascar,MDG,África al sur del Sahara (excluido altos ingresos),2020,,15869000.0,28225177.0,,22.04,2.51
Madagascar,MDG,África al sur del Sahara (excluido altos ingresos),2021,,16279633.0,28915653.0,,2.59,2.45
Malasia,MYS,Asia oriental y el Pacífico (excluido altos ingresos),2010,56.3,33858700.0,28717731.0,0.72,12.32,1.77
Malasia,MYS,Asia oriental y el Pacífico (excluido altos ingresos),2011,61.0,36661300.0,29184133.0,8.35,8.28,1.62
Malasia,MYS,Asia oriental y el Pacífico (excluido altos ingresos),2012,65.8,41324700.0,29660212.0,7.87,12.72,1.63
Malasia,MYS,Asia oriental y el Pacífico (excluido altos ingresos),2013,57.06,43005000.0,30134807.0,-13.29,4.07,1.6
Malasia,MYS,Asia oriental y el Pacífico (excluido altos ingresos),2014,63.67,44928600.0,30606459.0,11.58,4.47,1.57
Malasia,MYS,Asia oriental y el Pacífico (excluido altos ingresos),2015,71.06,44104000.0,31068833.0,11.62,-1.84,1.51
Malasia,MYS,Asia oriental y el Pacífico (excluido altos ingresos),2016,78.79,43464500.0,31526418.0,10.87,-1.45,1.47
Malasia,MYS,Asia oriental y el Pacífico (excluido altos ingresos),2017,80.14,42338500.0,31975806.0,1.72,-2.59,1.43
Malasia,MYS,Asia oriental y el Pacífico (excluido altos ingresos),2018,81.2,42413400.0,32399271.0,1.32,0.18,1.32
Malasia,MYS,Asia oriental y el Pacífico (excluido altos ingresos),2019,84.19,44600700.0,32804020.0,3.68,5.16,1.25
Malasia,MYS,Asia oriental y el Pacífico (excluido altos ingresos),2020,89.56,43723600.0,33199993.0,6.38,-1.97,1.21
Malasia,MYS,Asia oriental y el Pacífico (excluido altos ingresos),2021,96.75,47201700.0,33573874.0,8.04,7.95,1.13
Malawi,MWI,África al sur del Sahara (excluido altos ingresos),2010,2.26,3117364.0,14718422.0,111.21,25.41,2.93
Malawi,MWI,África al sur del Sahara (excluido altos ingresos),2011,3.33,3951572.0,15146094.0,47.35,26.76,2.91
Malawi,MWI,África al sur del Sahara (excluido altos ingresos),2012,4.35,4646894.0,15581251.0,30.65,17.6,2.87
Malawi,MWI,África al sur del Sahara (excluido altos ingresos),2013,5.05,5290044.0,16024775.0,16.08,13.84,2.85
Malawi,MWI,África al sur del Sahara (excluido altos ingresos),2014,5.83,5632514.0,16477966.0,15.45,6.47,2.83
Malawi,MWI,África al sur del Sahara (excluido altos ingresos),2015,6.0,6566707.0,16938942.0,2.92,16.59,2.8
Malawi,MWI,África al sur del Sahara (excluido altos ingresos),2016,6.3,7178384.0,17405624.0,5.0,9.31,2.76
Malawi,MWI,África al sur del Sahara (excluido altos ingresos),2017,7.0,7772503.0,17881167.0,11.11,8.28,2.73
Malawi,MWI,África al sur del Sahara (excluido altos ingresos),2018,8.0,7076906.0,18367883.0,14.29,-8.95,2.72
Malawi,MWI,África al sur del Sahara (excluido altos ingresos),2019,9.9,8901027.0,18867337.0,23.75,25.78,2.72
Malawi,MWI,África al sur del Sahara (excluido altos ingresos),2020,,10004680.0,19377061.0,,12.4,2.7
Malawi,MWI,África al sur del Sahara (excluido altos ingresos),2021,,11940135.0,19889742.0,,19.35,2.65
Maldivas,MDV,Asia meridional,2010,26.53,494351.0,361575.0,6.98,7.99,3.59
Maldivas,MDV,Asia meridional,2011,34.0,530449.0,374440.0,28.16,7.3,3.56
Maldivas,MDV,Asia meridional,2012,38.93,560547.0,387539.0,14.5,5.67,3.5
Maldivas,MDV,Asia meridional,2013,44.1,625161.0,400728.0,13.28,11.53,3.4
Maldivas,MDV,Asia meridional,2014,49.28,665818.0,416738.0,11.75,6.5,4.0
Maldivas,MDV,Asia meridional,2015,54.46,739790.0,435582.0,10.52,11.11,4.52
Maldivas,MDV,Asia meridional,2016,59.09,812128.0,454252.0,8.5,9.78,4.29
Maldivas,MDV,Asia meridional,2017,61.25,900120.0,472442.0,3.65,10.83,4.0
Maldivas,MDV,Asia meridional,2018,62.07,857934.0,489758.0,1.34,-4.69,3.67
Maldivas,MDV,Asia meridional,2019,62.5,828042.0,504508.0,0.69,-3.48,3.01
Maldivas,MDV,Asia meridional,2020,62.93,717708.0,514438.0,0.69,-13.32,1.97
Maldivas,MDV,Asia meridional,2021,,706043.0,521457.0,,-1.63,1.36
Malta,MLT,,2010,63.0,455579.0,414508.0,7.03,7.94,0.49
Malta,MLT,,2011,68.02,521748.0,416268.0,7.97,14.52,0.42
Malta,MLT,,2012,68.2,532228.0,420028.0,0.26,2.01,0.9
Malta,MLT,,2013,68.91,556652.0,425967.0,1.05,4.59,1.41
Malta,MLT,,2014,73.17,546229.0,434558.0,6.18,-1.87,2.02
Malta,MLT,,2015,75.96,524161.0,445053.0,3.81,-4.04,2.42
Malta,MLT,,2016,78.08,585470.0,455356.0,2.78,11.7,2.32
Malta,MLT,,2017,81.01,604759.0,467999.0,3.76,3.29,2.78
Malta,MLT,,2018,81.66,615843.0,484630.0,0.8,1.83,3.55
Malta,MLT,,2019,85.78,634386.0,504062.0,5.05,3.01,4.01
Malta,MLT,,2020,86.86,633123.0,515332.0,1.26,-0.2,2.24
Malta,MLT,,2021,87.47,644955.0,518536.0,0.7,1.87,0.62
Malí,MLI,África al sur del Sahara (excluido altos ingresos),2010,2.0,7440383.0,15529181.0,11.11,66.8,3.3
Malí,MLI,África al sur del Sahara (excluido altos ingresos),2011,2.2,10821930.0,16039734.0,10.0,45.45,3.29
Malí,MLI,África al sur del Sahara (excluido altos ingresos),2012,2.8,14612835.0,16514687.0,27.27,35.03,2.96
Malí,MLI,África al sur del Sahara (excluido altos ingresos),2013,3.5,19749371.0,17004033.0,25.0,35.15,2.96
Malí,MLI,África al sur del Sahara (excluido altos ingresos),2014,7.0,23505559.0,17551814.0,100.0,19.02,3.22
Malí,MLI,África al sur del Sahara (excluido altos ingresos),2015,10.33,22698915.0,18112907.0,47.57,-3.43,3.2
Malí,MLI,África al sur del Sahara (excluido altos ingresos),2016,14.0,20217697.0,18700106.0,35.53,-10.93,3.24
Malí,MLI,África al sur del Sahara (excluido altos ingresos),2017,18.9,22034110.0,19311355.0,35.0,8.98,3.27
Malí,MLI,África al sur del Sahara (excluido altos ingresos),2018,21.4,21955565.0,19934298.0,13.23,-0.36,3.23
Malí,MLI,África al sur del Sahara (excluido altos ingresos),2019,24.2,22925482.0,20567424.0,13.08,4.42,3.18
Malí,MLI,África al sur del Sahara (excluido altos ingresos),2020,27.4,25315598.0,21224040.0,13.22,10.43,3.19
Malí,MLI,África al sur del Sahara (excluido altos ingresos),2021,,21882251.0,21904983.0,,-13.56,3.21
Mariana,MNP,,2010,,,54087.0,,,-5.2
Mariana,MNP,,2011,,,52520.0,,,-2.9
Mariana,MNP,,2012,,,52359.0,,,-0.31
Mariana,MNP,,2013,,,52141.0,,,-0.42
Mariana,MNP,,2014,,,51856.0,,,-0.55
Mariana,MNP,,2015,,,51514.0,,,-0.66
Mariana,MNP,,2016,,,51133.0,,,-0.74
Mariana,MNP,,2017,,,50729.0,,,-0.79
Mariana,MNP,,2018,,,50304.0,,,-0.84
Mariana,MNP,,2019,,,49858.0,,,-0.89
Mariana,MNP,,2020,,,49587.0,,,-0.54
Mariana,MNP,,2021,,,49481.0,,,-0.21
Marruecos,MAR,Oriente Medio y Norte de África (excluido altos ingresos),2010,52.0,31982279.0,32464865.0,25.91,26.36,1.32
Marruecos,MAR,Oriente Medio y Norte de África (excluido altos ingresos),2011,46.11,36553943.0,32903699.0,-11.33,14.29,1.35
Marruecos,MAR,Oriente Medio y Norte de África (excluido altos ingresos),2012,55.42,39016336.0,33352169.0,20.19,6.74,1.36
Marruecos,MAR,Oriente Medio y Norte de África (excluido altos ingresos),2013,56.0,42423794.0,33803527.0,1.05,8.73,1.35
Marruecos,MAR,Oriente Medio y Norte de África (excluido altos ingresos),2014,56.8,44114534.0,34248603.0,1.43,3.99,1.32
Marruecos,MAR,Oriente Medio y Norte de África (excluido altos ingresos),2015,57.08,43079696.0,34680458.0,0.49,-2.35,1.26
Marruecos,MAR,Oriente Medio y Norte de África (excluido altos ingresos),2016,58.27,41513933.0,35107264.0,2.09,-3.63,1.23
Marruecos,MAR,Oriente Medio y Norte de África (excluido altos ingresos),2017,61.76,43916066.0,35528115.0,5.99,5.79,1.2
Marruecos,MAR,Oriente Medio y Norte de África (excluido altos ingresos),2018,64.8,44737885.0,35927511.0,4.92,1.87,1.12
Marruecos,MAR,Oriente Medio y Norte de África (excluido altos ingresos),2019,84.12,46666722.0,36304408.0,29.81,4.31,1.05
Marruecos,MAR,Oriente Medio y Norte de África (excluido altos ingresos),2020,84.12,49421023.0,36688772.0,0.0,5.9,1.06
Marruecos,MAR,Oriente Medio y Norte de África (excluido altos ingresos),2021,88.13,52012000.0,37076584.0,4.77,5.24,1.06
Mauricio,MUS,África al sur del Sahara (excluido altos ingresos),2010,28.33,1190900.0,1250400.0,25.86,9.58,0.24
Mauricio,MUS,África al sur del Sahara (excluido altos ingresos),2011,34.95,1294100.0,1252404.0,23.37,8.67,0.16
Mauricio,MUS,África al sur del Sahara (excluido altos ingresos),2012,35.42,1485800.0,1255882.0,1.34,14.81,0.28
Mauricio,MUS,África al sur del Sahara (excluido altos ingresos),2013,40.12,1533600.0,1258653.0,13.26,3.22,0.22
Mauricio,MUS,África al sur del Sahara (excluido altos ingresos),2014,44.8,1652000.0,1260934.0,11.68,7.72,0.18
Mauricio,MUS,África al sur del Sahara (excluido altos ingresos),2015,50.14,1762300.0,1262605.0,11.91,6.68,0.13
Mauricio,MUS,África al sur del Sahara (excluido altos ingresos),2016,52.19,1814000.0,1263473.0,4.09,2.93,0.07
Mauricio,MUS,África al sur del Sahara (excluido altos ingresos),2017,55.4,1839500.0,1264613.0,6.15,1.41,0.09
Mauricio,MUS,África al sur del Sahara (excluido altos ingresos),2018,58.6,1918000.0,1265303.0,5.76,4.27,0.05
Mauricio,MUS,África al sur del Sahara (excluido altos ingresos),2019,61.73,1866600.0,1265711.0,5.35,-2.68,0.03
Mauricio,MUS,África al sur del Sahara (excluido altos ingresos),2020,64.88,1912900.0,1265740.0,5.11,2.48,0.0
Mauricio,MUS,África al sur del Sahara (excluido altos ingresos),2021,,1971300.0,1266060.0,,3.05,0.03
Mauritania,MRT,África al sur del Sahara (excluido altos ingresos),2010,4.0,2776050.0,3419461.0,75.44,27.21,2.91
Mauritania,MRT,África al sur del Sahara (excluido altos ingresos),2011,4.5,3314767.0,3524249.0,12.5,19.41,3.06
Mauritania,MRT,África al sur del Sahara (excluido altos ingresos),2012,5.0,4025478.0,3636113.0,11.11,21.44,3.17
Mauritania,MRT,África al sur del Sahara (excluido altos ingresos),2013,6.2,3988195.0,3742959.0,24.0,-0.93,2.94
Mauritania,MRT,África al sur del Sahara (excluido altos ingresos),2014,11.8,3753330.0,3843174.0,90.32,-5.89,2.68
Mauritania,MRT,África al sur del Sahara (excluido altos ingresos),2015,17.6,3644483.0,3946220.0,49.15,-2.9,2.68
Mauritania,MRT,África al sur del Sahara (excluido altos ingresos),2016,24.1,3614172.0,4051890.0,36.93,-0.83,2.68
Mauritania,MRT,África al sur del Sahara (excluido altos ingresos),2017,24.2,4074157.0,4160015.0,0.41,12.73,2.67
Mauritania,MRT,África al sur del Sahara (excluido altos ingresos),2018,35.1,4566502.0,4270712.0,45.04,12.08,2.66
Mauritania,MRT,África al sur del Sahara (excluido altos ingresos),2019,36.7,4710800.0,4383849.0,4.56,3.16,2.65
Mauritania,MRT,África al sur del Sahara (excluido altos ingresos),2020,40.8,4932571.0,4498604.0,11.17,4.71,2.62
Mauritania,MRT,África al sur del Sahara (excluido altos ingresos),2021,,6512361.0,4614974.0,,32.03,2.59
Micronesia (Estados Federados de),FSM,Asia oriental y el Pacífico (excluido altos ingresos),2010,20.0,27518.0,107588.0,30.29,0.07,-0.26
Micronesia (Estados Federados de),FSM,Asia oriental y el Pacífico (excluido altos ingresos),2011,22.8,27600.0,107887.0,14.0,0.3,0.28
Micronesia (Estados Federados de),FSM,Asia oriental y el Pacífico (excluido altos ingresos),2012,25.97,31213.0,108232.0,13.92,13.09,0.32
Micronesia (Estados Federados de),FSM,Asia oriental y el Pacífico (excluido altos ingresos),2013,27.8,31393.0,108609.0,7.03,0.58,0.35
Micronesia (Estados Federados de),FSM,Asia oriental y el Pacífico (excluido altos ingresos),2014,29.65,,109024.0,6.65,,0.38
Micronesia (Estados Federados de),FSM,Asia oriental y el Pacífico (excluido altos ingresos),2015,31.5,22505.0,109462.0,6.24,,0.4
Micronesia (Estados Federados de),FSM,Asia oriental y el Pacífico (excluido altos ingresos),2016,33.35,23412.0,109925.0,5.88,4.03,0.42
Micronesia (Estados Federados de),FSM,Asia oriental y el Pacífico (excluido altos ingresos),2017,35.3,23114.0,110430.0,5.85,-1.27,0.46
Micronesia (Estados Federados de),FSM,Asia oriental y el Pacífico (excluido altos ingresos),2018,,,110929.0,,,0.45
Micronesia (Estados Federados de),FSM,Asia oriental y el Pacífico (excluido altos ingresos),2019,,23000.0,111379.0,,,0.41
Micronesia (Estados Federados de),FSM,Asia oriental y el Pacífico (excluido altos ingresos),2020,,22000.0,112106.0,,-4.35,0.65
Micronesia (Estados Federados de),FSM,Asia oriental y el Pacífico (excluido altos ingresos),2021,,,113131.0,,,0.91
Mongolia,MNG,Asia oriental y el Pacífico (excluido altos ingresos),2010,10.2,2510470.0,2702520.0,2.0,11.62,1.34
Mongolia,MNG,Asia oriental y el Pacífico (excluido altos ingresos),2011,12.5,2942313.0,2743938.0,22.55,17.2,1.53
Mongolia,MNG,Asia oriental y el Pacífico (excluido altos ingresos),2012,16.4,3375205.0,2792349.0,31.2,14.71,1.76
Mongolia,MNG,Asia oriental y el Pacífico (excluido altos ingresos),2013,17.7,2877584.0,2845153.0,7.93,-14.74,1.89
Mongolia,MNG,Asia oriental y el Pacífico (excluido altos ingresos),2014,19.94,3027243.0,2902823.0,12.67,5.2,2.03
Mongolia,MNG,Asia oriental y el Pacífico (excluido altos ingresos),2015,22.5,3068156.0,2964749.0,12.82,1.35,2.13
Mongolia,MNG,Asia oriental y el Pacífico (excluido altos ingresos),2016,22.27,3367573.0,3029555.0,-1.04,9.76,2.19
Mongolia,MNG,Asia oriental y el Pacífico (excluido altos ingresos),2017,23.71,3886167.0,3096030.0,6.51,15.4,2.19
Mongolia,MNG,Asia oriental y el Pacífico (excluido altos ingresos),2018,47.13,4222041.0,3163991.0,98.74,8.64,2.2
Mongolia,MNG,Asia oriental y el Pacífico (excluido altos ingresos),2019,51.08,4418919.0,3232430.0,8.38,4.66,2.16
Mongolia,MNG,Asia oriental y el Pacífico (excluido altos ingresos),2020,62.5,4363919.0,3294335.0,22.36,-1.24,1.92
Mongolia,MNG,Asia oriental y el Pacífico (excluido altos ingresos),2021,84.33,4687304.0,3347782.0,34.92,7.41,1.62
Montenegro,MNE,Europa y Asia central (excluido altos ingresos),2010,37.5,1170000.0,619428.0,6.84,-9.59,0.18
Montenegro,MNE,Europa y Asia central (excluido altos ingresos),2011,35.61,1159112.0,620079.0,-5.04,-0.93,0.11
Montenegro,MNE,Europa y Asia central (excluido altos ingresos),2012,56.84,990869.0,620601.0,59.61,-14.51,0.08
Montenegro,MNE,Europa y Asia central (excluido altos ingresos),2013,60.31,993902.0,621207.0,6.11,0.31,0.1
Montenegro,MNE,Europa y Asia central (excluido altos ingresos),2014,61.0,1013296.0,621810.0,1.14,1.95,0.1
Montenegro,MNE,Europa y Asia central (excluido altos ingresos),2015,68.12,1007890.0,622159.0,11.67,-0.53,0.06
Montenegro,MNE,Europa y Asia central (excluido altos ingresos),2016,69.88,1040747.0,622303.0,2.59,3.26,0.02
Montenegro,MNE,Europa y Asia central (excluido altos ingresos),2017,71.27,1044674.0,622373.0,1.99,0.38,0.01
Montenegro,MNE,Europa y Asia central (excluido altos ingresos),2018,71.52,1134412.0,622227.0,0.34,8.59,-0.02
Montenegro,MNE,Europa y Asia central (excluido altos ingresos),2019,73.48,1150998.0,622028.0,2.74,1.46,-0.03
Montenegro,MNE,Europa y Asia central (excluido altos ingresos),2020,77.61,1080089.0,621306.0,5.62,-6.16,-0.12
Montenegro,MNE,Europa y Asia central (excluido altos ingresos),2021,82.22,1120074.0,619211.0,5.94,3.7,-0.34
Mozambique,MOZ,África al sur del Sahara (excluido altos ingresos),2010,4.17,7224176.0,23073723.0,55.6,20.99,2.84
Mozambique,MOZ,África al sur del Sahara (excluido altos ingresos),2011,4.6,7855345.0,23760421.0,10.31,8.74,2.98
Mozambique,MOZ,África al sur del Sahara (excluido altos ingresos),2012,5.0,8804986.0,24487611.0,8.7,12.09,3.06
Mozambique,MOZ,África al sur del Sahara (excluido altos ingresos),2013,5.5,12401290.0,25251731.0,10.0,40.84,3.12
Mozambique,MOZ,África al sur del Sahara (excluido altos ingresos),2014,6.0,18482638.0,26038704.0,9.09,49.04,3.12
Mozambique,MOZ,África al sur del Sahara (excluido altos ingresos),2015,6.5,20134932.0,26843246.0,8.33,8.94,3.09
Mozambique,MOZ,África al sur del Sahara (excluido altos ingresos),2016,7.0,15025598.0,27696493.0,7.69,-25.38,3.18
Mozambique,MOZ,África al sur del Sahara (excluido altos ingresos),2017,7.8,11875506.0,28569441.0,11.38,-20.96,3.15
Mozambique,MOZ,África al sur del Sahara (excluido altos ingresos),2018,10.9,14074248.0,29423878.0,39.81,18.51,2.99
Mozambique,MOZ,África al sur del Sahara (excluido altos ingresos),2019,15.1,14773364.0,30285595.0,38.53,4.97,2.93
Mozambique,MOZ,África al sur del Sahara (excluido altos ingresos),2020,16.5,15463226.0,31178239.0,9.27,4.67,2.95
Mozambique,MOZ,África al sur del Sahara (excluido altos ingresos),2021,,13686234.0,32077072.0,,-11.49,2.88
Myanmar,MMR,Asia oriental y el Pacífico (excluido altos ingresos),2010,0.25,594000.0,49390988.0,13.64,18.33,0.77
Myanmar,MMR,Asia oriental y el Pacífico (excluido altos ingresos),2011,0.98,1243619.0,49794522.0,292.0,109.36,0.82
Myanmar,MMR,Asia oriental y el Pacífico (excluido altos ingresos),2012,1.4,3729617.0,50218185.0,42.86,199.9,0.85
Myanmar,MMR,Asia oriental y el Pacífico (excluido altos ingresos),2013,1.8,6832380.0,50648334.0,28.57,83.19,0.86
Myanmar,MMR,Asia oriental y el Pacífico (excluido altos ingresos),2014,7.4,29029342.0,51072436.0,311.11,324.88,0.84
Myanmar,MMR,Asia oriental y el Pacífico (excluido altos ingresos),2015,10.9,40993717.0,51483949.0,47.3,41.21,0.81
Myanmar,MMR,Asia oriental y el Pacífico (excluido altos ingresos),2016,16.0,50586416.0,51892349.0,46.79,23.4,0.79
Myanmar,MMR,Asia oriental y el Pacífico (excluido altos ingresos),2017,23.62,47946665.0,52288341.0,47.63,-5.22,0.76
Myanmar,MMR,Asia oriental y el Pacífico (excluido altos ingresos),2018,28.7,61143964.0,52666014.0,21.5,27.52,0.72
Myanmar,MMR,Asia oriental y el Pacífico (excluido altos ingresos),2019,34.9,81945491.0,53040212.0,21.6,34.02,0.71
Myanmar,MMR,Asia oriental y el Pacífico (excluido altos ingresos),2020,35.1,78548329.0,53423198.0,0.57,-4.15,0.72
Myanmar,MMR,Asia oriental y el Pacífico (excluido altos ingresos),2021,,67930093.0,53798084.0,,-13.52,0.7
México,MEX,América Latina y el Caribe (excluido altos ingresos),2010,31.05,91383493.0,112532401.0,17.88,9.84,1.34
México,MEX,América Latina y el Caribe (excluido altos ingresos),2011,37.18,94583253.0,114150481.0,19.73,3.5,1.44
México,MEX,América Latina y el Caribe (excluido altos ingresos),2012,39.75,100727228.0,115755909.0,6.92,6.5,1.41
México,MEX,América Latina y el Caribe (excluido altos ingresos),2013,43.46,106747373.0,117290686.0,9.33,5.98,1.33
México,MEX,América Latina y el Caribe (excluido altos ingresos),2014,44.39,104948339.0,118755887.0,2.14,-1.69,1.25
México,MEX,América Latina y el Caribe (excluido altos ingresos),2015,57.43,107688282.0,120149897.0,29.38,2.61,1.17
México,MEX,América Latina y el Caribe (excluido altos ingresos),2016,59.54,111730635.0,121519221.0,3.67,3.75,1.14
México,MEX,América Latina y el Caribe (excluido altos ingresos),2017,63.85,114329353.0,122839258.0,7.24,2.33,1.09
México,MEX,América Latina y el Caribe (excluido altos ingresos),2018,65.77,120165322.0,124013861.0,3.01,5.1,0.96
México,MEX,América Latina y el Caribe (excluido altos ingresos),2019,70.07,122035192.0,125085311.0,6.53,1.56,0.86
México,MEX,América Latina y el Caribe (excluido altos ingresos),2020,71.97,122898392.0,125998302.0,2.71,0.71,0.73
México,MEX,América Latina y el Caribe (excluido altos ingresos),2021,71.97,123920752.0,126705138.0,0.0,0.83,0.56
Mónaco,MCO,,2010,75.0,23414.0,33178.0,6.99,1.8,2.4
Mónaco,MCO,,2011,80.3,31789.0,33945.0,7.07,35.77,2.31
Mónaco,MCO,,2012,87.0,33195.0,34700.0,8.34,4.42,2.22
Mónaco,MCO,,2013,90.7,35464.0,35425.0,4.25,6.84,2.09
Mónaco,MCO,,2014,92.4,33675.0,36110.0,1.87,-5.04,1.93
Mónaco,MCO,,2015,93.36,34020.0,36760.0,1.04,1.02,1.8
Mónaco,MCO,,2016,95.21,33297.0,37071.0,1.98,-2.13,0.85
Mónaco,MCO,,2017,97.05,32978.0,37044.0,1.94,-0.96,-0.07
Mónaco,MCO,,2018,,32689.0,37029.0,,-0.88,-0.04
Mónaco,MCO,,2019,,33783.0,37034.0,,3.35,0.01
Mónaco,MCO,,2020,,35485.0,36922.0,,5.04,-0.3
Mónaco,MCO,,2021,,36255.0,36686.0,,2.17,-0.64
Namibia,NAM,África al sur del Sahara (excluido altos ingresos),2010,11.6,1950072.0,2099271.0,78.46,19.52,1.52
Namibia,NAM,África al sur del Sahara (excluido altos ingresos),2011,12.0,2194495.0,2132340.0,3.45,12.53,1.58
Namibia,NAM,África al sur del Sahara (excluido altos ingresos),2012,12.94,2146833.0,2167470.0,7.84,-2.17,1.65
Namibia,NAM,África al sur del Sahara (excluido altos ingresos),2013,13.9,2727913.0,2204510.0,7.41,27.07,1.71
Namibia,NAM,África al sur del Sahara (excluido altos ingresos),2014,14.84,2670983.0,2243001.0,6.76,-2.09,1.75
Namibia,NAM,África al sur del Sahara (excluido altos ingresos),2015,25.69,2549817.0,2282704.0,73.1,-4.54,1.77
Namibia,NAM,África al sur del Sahara (excluido altos ingresos),2016,31.03,2659951.0,2323352.0,20.81,4.32,1.78
Namibia,NAM,África al sur del Sahara (excluido altos ingresos),2017,36.84,2680196.0,2364534.0,18.7,0.76,1.77
Namibia,NAM,África al sur del Sahara (excluido altos ingresos),2018,40.0,2759293.0,2405680.0,8.59,2.95,1.74
Namibia,NAM,África al sur del Sahara (excluido altos ingresos),2019,40.5,2823655.0,2446644.0,1.25,2.33,1.7
Namibia,NAM,África al sur del Sahara (excluido altos ingresos),2020,41.0,2898125.0,2489098.0,1.23,2.64,1.74
Namibia,NAM,África al sur del Sahara (excluido altos ingresos),2021,,2915307.0,2530151.0,,0.59,1.65
Nauru,NRU,,2010,,6200.0,10241.0,,,0.08
Nauru,NRU,,2011,54.0,6700.0,10283.0,,8.06,0.41
Nauru,NRU,,2012,,6800.0,10444.0,,1.49,1.57
Nauru,NRU,,2013,,,10694.0,,,2.39
Nauru,NRU,,2014,,,10940.0,,,2.3
Nauru,NRU,,2015,,9400.0,11185.0,,,2.24
Nauru,NRU,,2016,,9900.0,11437.0,,5.32,2.25
Nauru,NRU,,2017,62.39,10000.0,11682.0,,1.01,2.14
Nauru,NRU,,2018,,,11924.0,,,2.07
Nauru,NRU,,2019,,10000.0,12132.0,,,1.74
Nauru,NRU,,2020,,10000.0,12315.0,,0.0,1.51
Nauru,NRU,,2021,,,12511.0,,,1.59
Nepal,NPL,Asia meridional,2010,7.93,9195562.0,27161567.0,302.54,64.27,0.5
Nepal,NPL,Asia meridional,2011,9.0,13354477.0,27266399.0,13.49,45.23,0.39
Nepal,NPL,Asia meridional,2012,11.15,16608622.0,27330694.0,23.88,24.37,0.24
Nepal,NPL,Asia meridional,2013,13.3,21362289.0,27381555.0,19.29,28.62,0.19
Nepal,NPL,Asia meridional,2014,15.44,23021340.0,27462106.0,16.09,7.77,0.29
Nepal,NPL,Asia meridional,2015,17.58,27516055.0,27610325.0,13.87,19.52,0.54
Nepal,NPL,Asia meridional,2016,20.7,32120305.0,27861186.0,17.74,16.73,0.91
Nepal,NPL,Asia meridional,2017,24.3,36096396.0,28183426.0,17.39,12.38,1.16
Nepal,NPL,Asia meridional,2018,28.6,39178451.0,28506712.0,17.7,8.54,1.15
Nepal,NPL,Asia meridional,2019,32.8,38696000.0,28832496.0,14.69,-1.23,1.14
Nepal,NPL,Asia meridional,2020,37.7,38213000.0,29348627.0,14.94,-1.25,1.79
Nepal,NPL,Asia meridional,2021,,,30034989.0,,,2.34
Nicaragua,NIC,América Latina y el Caribe (excluido altos ingresos),2010,10.0,3962247.0,5855734.0,36.99,18.47,1.47
Nicaragua,NIC,América Latina y el Caribe (excluido altos ingresos),2011,10.6,4823534.0,5942553.0,6.0,21.74,1.48
Nicaragua,NIC,América Latina y el Caribe (excluido altos ingresos),2012,13.5,5851723.0,6030607.0,27.36,21.32,1.48
Nicaragua,NIC,América Latina y el Caribe (excluido altos ingresos),2013,15.5,6808930.0,6119379.0,14.81,16.36,1.47
Nicaragua,NIC,América Latina y el Caribe (excluido altos ingresos),2014,17.6,7067860.0,6208676.0,13.55,3.8,1.46
Nicaragua,NIC,América Latina y el Caribe (excluido altos ingresos),2015,19.7,7264151.0,6298598.0,11.96,2.78,1.45
Nicaragua,NIC,América Latina y el Caribe (excluido altos ingresos),2016,24.57,7745512.0,6389235.0,24.7,6.63,1.44
Nicaragua,NIC,América Latina y el Caribe (excluido altos ingresos),2017,30.4,8179876.0,6480532.0,23.72,5.61,1.43
Nicaragua,NIC,América Latina y el Caribe (excluido altos ingresos),2018,37.6,7441527.0,6572233.0,23.68,-9.03,1.42
Nicaragua,NIC,América Latina y el Caribe (excluido altos ingresos),2019,37.8,5788432.0,6663924.0,0.53,-22.21,1.4
Nicaragua,NIC,América Latina y el Caribe (excluido altos ingresos),2020,45.2,5962186.0,6755895.0,19.58,3.0,1.38
Nicaragua,NIC,América Latina y el Caribe (excluido altos ingresos),2021,,6233864.0,6850540.0,,4.56,1.4
Nigeria,NGA,África al sur del Sahara (excluido altos ingresos),2010,11.5,87297789.0,160952853.0,23.66,17.15,2.78
Nigeria,NGA,África al sur del Sahara (excluido altos ingresos),2011,13.8,95167308.0,165463745.0,20.0,9.01,2.8
Nigeria,NGA,África al sur del Sahara (excluido altos ingresos),2012,16.1,112777785.0,170075932.0,16.67,18.5,2.79
Nigeria,NGA,África al sur del Sahara (excluido altos ingresos),2013,19.1,127246092.0,174726123.0,18.63,12.83,2.73
Nigeria,NGA,África al sur del Sahara (excluido altos ingresos),2014,21.0,138960320.0,179379016.0,9.95,9.21,2.66
Nigeria,NGA,África al sur del Sahara (excluido altos ingresos),2015,24.5,150830089.0,183995785.0,16.67,8.54,2.57
Nigeria,NGA,África al sur del Sahara (excluido altos ingresos),2016,25.67,154342168.0,188666931.0,4.78,2.33,2.54
Nigeria,NGA,África al sur del Sahara (excluido altos ingresos),2017,28.0,144920170.0,193495907.0,9.08,-6.1,2.56
Nigeria,NGA,África al sur del Sahara (excluido altos ingresos),2018,31.9,172730603.0,198387623.0,13.93,19.19,2.53
Nigeria,NGA,África al sur del Sahara (excluido altos ingresos),2019,33.6,184592255.0,203304492.0,5.33,6.87,2.48
Nigeria,NGA,África al sur del Sahara (excluido altos ingresos),2020,35.5,204228678.0,208327405.0,5.65,10.64,2.47
Nigeria,NGA,África al sur del Sahara (excluido altos ingresos),2021,,195128265.0,213401323.0,,-4.46,2.44
Noruega,NOR,,2010,93.39,5599286.0,4889252.0,1.42,4.57,1.25
Noruega,NOR,,2011,93.49,5725447.0,4953088.0,0.11,2.25,1.31
Noruega,NOR,,2012,94.65,5797502.0,5018573.0,1.24,1.26,1.32
Noruega,NOR,,2013,95.05,5692052.0,5079623.0,0.43,-1.82,1.22
Noruega,NOR,,2014,96.3,5737961.0,5137232.0,1.31,0.81,1.13
Noruega,NOR,,2015,96.81,5714890.0,5188607.0,0.53,-0.4,1.0
Noruega,NOR,,2016,97.3,5729569.0,5234519.0,0.5,0.26,0.88
Noruega,NOR,,2017,96.36,5719665.0,5276968.0,-0.97,-0.17,0.81
Noruega,NOR,,2018,96.49,5720892.0,5311916.0,0.14,0.02,0.66
Noruega,NOR,,2019,98.0,5775830.0,5347896.0,1.56,0.96,0.68
Noruega,NOR,,2020,97.0,5825584.0,5379475.0,-1.02,0.86,0.59
Noruega,NOR,,2021,99.0,,5408320.0,2.06,,0.54
Nueva Caledonia,NCL,,2010,42.0,220811.0,249750.0,23.57,5.35,1.55
Nueva Caledonia,NCL,,2011,50.0,227310.0,254350.0,19.05,2.94,1.84
Nueva Caledonia,NCL,,2012,58.0,231000.0,259000.0,16.0,1.62,1.83
Nueva Caledonia,NCL,,2013,66.0,240500.0,263650.0,13.79,4.11,1.8
Nueva Caledonia,NCL,,2014,70.0,243100.0,268050.0,6.06,1.08,1.67
Nueva Caledonia,NCL,,2015,74.0,260277.0,269460.0,5.72,7.07,0.53
Nueva Caledonia,NCL,,2016,,,270220.0,,,0.28
Nueva Caledonia,NCL,,2017,82.01,,270810.0,,,0.22
Nueva Caledonia,NCL,,2018,,,271170.0,,,0.13
Nueva Caledonia,NCL,,2019,,260000.0,271230.0,,,0.02
Nueva Caledonia,NCL,,2020,,260000.0,271130.0,,0.0,-0.04
Nueva Caledonia,NCL,,2021,,,271030.0,,,-0.04
Nueva Zelandia,NZL,,2010,80.46,4710000.0,4350700.0,0.95,0.21,1.12
Nueva Zelandia,NZL,,2011,81.23,4820000.0,4384000.0,0.96,2.34,0.77
Nueva Zelandia,NZL,,2012,81.64,4922000.0,4408100.0,0.51,2.12,0.55
Nueva Zelandia,NZL,,2013,82.78,4766000.0,4442100.0,1.39,-3.17,0.77
Nueva Zelandia,NZL,,2014,84.0,5100000.0,4516500.0,1.47,7.01,1.67
Nueva Zelandia,NZL,,2015,85.2,5600000.0,4609400.0,1.43,9.8,2.06
Nueva Zelandia,NZL,,2016,86.5,6100000.0,4714100.0,1.53,8.93,2.27
Nueva Zelandia,NZL,,2017,87.7,6400000.0,4813600.0,1.39,4.92,2.11
Nueva Zelandia,NZL,,2018,89.0,6319000.0,4900600.0,1.48,-1.27,1.81
Nueva Zelandia,NZL,,2019,90.2,6011000.0,4979200.0,1.35,-4.87,1.6
Nueva Zelandia,NZL,,2020,91.5,6236000.0,5090200.0,1.44,3.74,2.23
Nueva Zelandia,NZL,,2021,,5846000.0,5122600.0,,-6.25,0.64
Níger,NER,África al sur del Sahara (excluido altos ingresos),2010,0.83,3668625.0,16647543.0,9.21,41.16,3.8
Níger,NER,África al sur del Sahara (excluido altos ingresos),2011,0.9,4742879.0,17283112.0,8.43,29.28,3.82
Níger,NER,África al sur del Sahara (excluido altos ingresos),2012,1.05,5395540.0,17954407.0,16.67,13.76,3.88
Níger,NER,África al sur del Sahara (excluido altos ingresos),2013,1.15,7006300.0,18653199.0,9.52,29.85,3.89
Níger,NER,África al sur del Sahara (excluido altos ingresos),2014,1.25,8236400.0,19372014.0,8.58,17.56,3.85
Níger,NER,África al sur del Sahara (excluido altos ingresos),2015,2.48,8959000.0,20128124.0,98.31,8.77,3.9
Níger,NER,África al sur del Sahara (excluido altos ingresos),2016,4.32,7471802.0,20921743.0,74.57,-16.6,3.94
Níger,NER,África al sur del Sahara (excluido altos ingresos),2017,10.22,8778884.0,21737922.0,136.52,17.49,3.9
Níger,NER,África al sur del Sahara (excluido altos ingresos),2018,,,22577058.0,,,3.86
Níger,NER,África al sur del Sahara (excluido altos ingresos),2019,,12119000.0,23443393.0,,,3.84
Níger,NER,África al sur del Sahara (excluido altos ingresos),2020,,14239000.0,24333639.0,,17.49,3.8
Níger,NER,África al sur del Sahara (excluido altos ingresos),2021,,,25252722.0,,,3.78
Omán,OMN,,2010,35.83,4606133.0,2881914.0,33.69,16.01,6.84
Omán,OMN,,2011,48.0,4809248.0,3206870.0,33.97,4.41,11.28
Omán,OMN,,2012,60.0,5277591.0,3535579.0,25.0,9.74,10.25
Omán,OMN,,2013,66.45,5617426.0,3816680.0,10.75,6.44,7.95
Omán,OMN,,2014,70.22,6194169.0,4009267.0,5.67,10.27,5.05
Omán,OMN,,2015,73.53,6646655.0,4191776.0,4.71,7.31,4.55
Omán,OMN,,2016,76.85,6866260.0,4398070.0,4.51,3.3,4.92
Omán,OMN,,2017,80.19,6943910.0,4541854.0,4.35,1.13,3.27
Omán,OMN,,2018,85.5,6440889.0,4601157.0,6.63,-7.24,1.31
Omán,OMN,,2019,90.3,6383458.0,4602768.0,5.61,-0.89,0.04
Omán,OMN,,2020,95.23,6276535.0,4543399.0,5.46,-1.68,-1.29
Omán,OMN,,2021,,6115537.0,4520471.0,,-2.57,-0.5
Pakistán,PAK,Asia meridional,2010,8.0,99185844.0,194454498.0,6.67,5.13,2.28
Pakistán,PAK,Asia meridional,2011,8.0,108894518.0,198602738.0,0.0,9.79,2.13
Pakistán,PAK,Asia meridional,2012,8.1,120151237.0,202205861.0,1.25,10.34,1.81
Pakistán,PAK,Asia meridional,2013,9.0,127737286.0,205337562.0,11.11,6.31,1.55
Pakistán,PAK,Asia meridional,2014,10.0,135762031.0,208251628.0,11.11,6.28,1.42
Pakistán,PAK,Asia meridional,2015,11.0,125899638.0,210969298.0,10.0,-7.26,1.3
Pakistán,PAK,Asia meridional,2016,12.39,136489014.0,213524840.0,12.59,8.41,1.21
Pakistán,PAK,Asia meridional,2017,13.78,144525637.0,216379655.0,11.26,5.89,1.34
Pakistán,PAK,Asia meridional,2018,15.34,153986607.0,219731479.0,11.32,6.55,1.55
Pakistán,PAK,Asia meridional,2019,17.07,165405847.0,223293280.0,11.28,7.42,1.62
Pakistán,PAK,Asia meridional,2020,25.0,175624364.0,227196741.0,46.45,6.18,1.75
Pakistán,PAK,Asia meridional,2021,,188711452.0,231402117.0,,7.45,1.85
Palau,PLW,Asia oriental y el Pacífico (excluido altos ingresos),2010,,14512.0,18540.0,,13.87,-1.52
Palau,PLW,Asia oriental y el Pacífico (excluido altos ingresos),2011,,15445.0,18240.0,,6.43,-1.62
Palau,PLW,Asia oriental y el Pacífico (excluido altos ingresos),2012,,17151.0,17946.0,,11.05,-1.61
Palau,PLW,Asia oriental y el Pacífico (excluido altos ingresos),2013,,17945.0,17805.0,,4.63,-0.79
Palau,PLW,Asia oriental y el Pacífico (excluido altos ingresos),2014,,19114.0,17796.0,,6.51,-0.05
Palau,PLW,Asia oriental y el Pacífico (excluido altos ingresos),2015,,23743.0,17794.0,,24.22,-0.01
Palau,PLW,Asia oriental y el Pacífico (excluido altos ingresos),2016,,,17816.0,,,0.12
Palau,PLW,Asia oriental y el Pacífico (excluido altos ingresos),2017,,,17837.0,,,0.12
Palau,PLW,Asia oriental y el Pacífico (excluido altos ingresos),2018,,,17864.0,,,0.15
Palau,PLW,Asia oriental y el Pacífico (excluido altos ingresos),2019,,24000.0,17916.0,,,0.29
Palau,PLW,Asia oriental y el Pacífico (excluido altos ingresos),2020,,24000.0,17972.0,,0.0,0.31
Palau,PLW,Asia oriental y el Pacífico (excluido altos ingresos),2021,,,18024.0,,,0.29
Panamá,PAN,,2010,40.1,6646348.0,3623617.0,2.61,9.55,1.81
Panamá,PAN,,2011,42.7,6735429.0,3688674.0,6.48,1.34,1.8
Panamá,PAN,,2012,40.3,6213564.0,3754862.0,-5.62,-7.75,1.79
Panamá,PAN,,2013,44.03,6204636.0,3821556.0,9.25,-0.14,1.78
Panamá,PAN,,2014,44.92,6906090.0,3888793.0,2.02,11.31,1.76
Panamá,PAN,,2015,51.21,5741929.0,3957099.0,13.99,-16.86,1.76
Panamá,PAN,,2016,54.0,5141768.0,4026336.0,5.46,-10.45,1.75
Panamá,PAN,,2017,59.95,5280195.0,4096063.0,11.02,2.69,1.73
Panamá,PAN,,2018,61.81,5722370.0,4165255.0,3.09,8.37,1.69
Panamá,PAN,,2019,63.63,5825677.0,4232532.0,2.95,1.81,1.62
Panamá,PAN,,2020,64.25,6108584.0,4294396.0,0.98,4.86,1.46
Panamá,PAN,,2021,,6003255.0,4351267.0,,-1.72,1.32
Papua Nueva Guinea,PNG,Asia oriental y el Pacífico (excluido altos ingresos),2010,1.28,1909078.0,7583269.0,-20.5,34.67,3.05
Papua Nueva Guinea,PNG,Asia oriental y el Pacífico (excluido altos ingresos),2011,2.0,2400000.0,7806637.0,56.25,25.72,2.95
Papua Nueva Guinea,PNG,Asia oriental y el Pacífico (excluido altos ingresos),2012,3.5,2709000.0,8026545.0,75.0,12.88,2.82
Papua Nueva Guinea,PNG,Asia oriental y el Pacífico (excluido altos ingresos),2013,5.1,3000000.0,8245627.0,45.71,10.74,2.73
Papua Nueva Guinea,PNG,Asia oriental y el Pacífico (excluido altos ingresos),2014,6.5,3358900.0,8464153.0,27.45,11.96,2.65
Papua Nueva Guinea,PNG,Asia oriental y el Pacífico (excluido altos ingresos),2015,7.9,3560000.0,8682174.0,21.54,5.99,2.58
Papua Nueva Guinea,PNG,Asia oriental y el Pacífico (excluido altos ingresos),2016,9.6,3782000.0,8899169.0,21.54,6.24,2.5
Papua Nueva Guinea,PNG,Asia oriental y el Pacífico (excluido altos ingresos),2017,11.21,4018000.0,9114796.0,16.74,6.24,2.42
Papua Nueva Guinea,PNG,Asia oriental y el Pacífico (excluido altos ingresos),2018,,4300000.0,9329227.0,,7.02,2.35
Papua Nueva Guinea,PNG,Asia oriental y el Pacífico (excluido altos ingresos),2019,,4535000.0,9542486.0,,5.47,2.29
Papua Nueva Guinea,PNG,Asia oriental y el Pacífico (excluido altos ingresos),2020,,4818000.0,9749640.0,,6.24,2.17
Papua Nueva Guinea,PNG,Asia oriental y el Pacífico (excluido altos ingresos),2021,,,9949437.0,,,2.05
Paraguay,PRY,América Latina y el Caribe (excluido altos ingresos),2010,19.8,5920858.0,5768613.0,4.76,5.38,1.16
Paraguay,PRY,América Latina y el Caribe (excluido altos ingresos),2011,24.76,6529053.0,5843939.0,25.07,10.27,1.31
Paraguay,PRY,América Latina y el Caribe (excluido altos ingresos),2012,29.34,6793703.0,5923322.0,18.48,4.05,1.36
Paraguay,PRY,América Latina y el Caribe (excluido altos ingresos),2013,36.9,7053297.0,6005652.0,25.77,3.82,1.39
Paraguay,PRY,América Latina y el Caribe (excluido altos ingresos),2014,43.0,7305277.0,6090721.0,16.53,3.57,1.42
Paraguay,PRY,América Latina y el Caribe (excluido altos ingresos),2015,49.72,7411986.0,6177950.0,15.62,1.46,1.43
Paraguay,PRY,América Latina y el Caribe (excluido altos ingresos),2016,53.4,7489474.0,6266615.0,7.42,1.05,1.44
Paraguay,PRY,América Latina y el Caribe (excluido altos ingresos),2017,61.08,7468275.0,6355404.0,14.37,-0.28,1.42
Paraguay,PRY,América Latina y el Caribe (excluido altos ingresos),2018,64.99,7439692.0,6443328.0,6.41,-0.38,1.38
Paraguay,PRY,América Latina y el Caribe (excluido altos ingresos),2019,68.52,7761848.0,6530026.0,5.42,4.33,1.35
Paraguay,PRY,América Latina y el Caribe (excluido altos ingresos),2020,73.96,7865050.0,6618695.0,7.94,1.33,1.36
Paraguay,PRY,América Latina y el Caribe (excluido altos ingresos),2021,77.02,7975074.0,6703799.0,4.14,1.4,1.29
Países Bajos,NLD,,2010,90.72,19179000.0,16615394.0,1.22,-4.81,0.51
Países Bajos,NLD,,2011,91.42,19829309.0,16693074.0,0.77,3.39,0.47
Países Bajos,NLD,,2012,92.86,19717000.0,16754962.0,1.58,-0.57,0.37
Países Bajos,NLD,,2013,93.96,19467000.0,16804432.0,1.18,-1.27,0.3
Países Bajos,NLD,,2014,91.67,19562000.0,16865008.0,-2.44,0.49,0.36
Países Bajos,NLD,,2015,91.72,20809054.0,16939923.0,0.06,6.37,0.44
Países Bajos,NLD,,2016,90.41,20890000.0,17030314.0,-1.43,0.39,0.53
Países Bajos,NLD,,2017,93.2,20532000.0,17131296.0,3.08,-1.71,0.59
Países Bajos,NLD,,2018,91.89,21108000.0,17231624.0,-1.4,2.81,0.59
Países Bajos,NLD,,2019,93.29,21762000.0,17344874.0,1.52,3.1,0.66
Países Bajos,NLD,,2020,91.33,21415000.0,17441500.0,-2.1,-1.59,0.56
Países Bajos,NLD,,2021,92.05,21888000.0,17533044.0,0.79,2.21,0.52
Perú,PER,América Latina y el Caribe (excluido altos ingresos),2010,34.77,29115149.0,29229572.0,10.73,17.87,0.76
Perú,PER,América Latina y el Caribe (excluido altos ingresos),2011,36.01,32461415.0,29477721.0,3.57,11.49,0.85
Perú,PER,América Latina y el Caribe (excluido altos ingresos),2012,38.2,29388077.0,29749589.0,6.08,-9.47,0.92
Perú,PER,América Latina y el Caribe (excluido altos ingresos),2013,39.2,29793297.0,30038809.0,2.62,1.38,0.97
Perú,PER,América Latina y el Caribe (excluido altos ingresos),2014,40.2,31880043.0,30353951.0,2.55,7.0,1.05
Perú,PER,América Latina y el Caribe (excluido altos ingresos),2015,40.85,34235810.0,30711863.0,1.62,7.39,1.18
Perú,PER,América Latina y el Caribe (excluido altos ingresos),2016,45.46,36933161.0,31132779.0,11.28,7.88,1.37
Perú,PER,América Latina y el Caribe (excluido altos ingresos),2017,50.45,38915386.0,31605486.0,10.97,5.37,1.52
Perú,PER,América Latina y el Caribe (excluido altos ingresos),2018,55.05,42154771.0,32203944.0,9.13,8.32,1.89
Perú,PER,América Latina y el Caribe (excluido altos ingresos),2019,59.95,39844613.0,32824861.0,8.89,-5.48,1.93
Perú,PER,América Latina y el Caribe (excluido altos ingresos),2020,65.25,39358383.0,33304756.0,8.84,-1.22,1.46
Perú,PER,América Latina y el Caribe (excluido altos ingresos),2021,71.11,43129394.0,33715471.0,8.97,9.58,1.23
Polinesia Francesa,PYF,,2010,49.0,215890.0,283788.0,9.87,3.66,0.53
Polinesia Francesa,PYF,,2011,49.0,222827.0,285265.0,0.0,3.21,0.52
Polinesia Francesa,PYF,,2012,52.88,227601.0,286584.0,7.91,2.14,0.46
Polinesia Francesa,PYF,,2013,56.8,243395.0,288032.0,7.42,6.94,0.51
Polinesia Francesa,PYF,,2014,60.68,255123.0,289873.0,6.83,4.82,0.64
Polinesia Francesa,PYF,,2015,64.56,268334.0,291787.0,6.39,5.18,0.66
Polinesia Francesa,PYF,,2016,68.44,280111.0,293541.0,6.01,4.39,0.6
Polinesia Francesa,PYF,,2017,72.7,287839.0,295450.0,6.23,2.76,0.65
Polinesia Francesa,PYF,,2018,,302673.0,297606.0,,5.15,0.73
Polinesia Francesa,PYF,,2019,,318000.0,299717.0,,5.06,0.71
Polinesia Francesa,PYF,,2020,,335000.0,301920.0,,5.35,0.74
Polinesia Francesa,PYF,,2021,,322918.0,304032.0,,-3.61,0.7
Polonia,POL,,2010,62.32,46952111.0,38042794.0,5.68,4.79,-0.29
Polonia,POL,,2011,61.95,50160222.0,38063255.0,-0.59,6.83,0.05
Polonia,POL,,2012,62.31,54086209.0,38063164.0,0.58,7.83,-0.0
Polonia,POL,,2013,62.85,56972803.0,38040196.0,0.87,5.34,-0.06
Polonia,POL,,2014,66.6,56905306.0,38011735.0,5.97,-0.12,-0.07
Polonia,POL,,2015,68.0,54537230.0,37986412.0,2.1,-4.16,-0.07
Polonia,POL,,2016,73.3,53001776.0,37970087.0,7.8,-2.82,-0.04
Polonia,POL,,2017,75.99,50458854.0,37974826.0,3.66,-4.8,0.01
Polonia,POL,,2018,77.54,48285544.0,37974750.0,2.05,-4.31,-0.0
Polonia,POL,,2019,80.44,48392944.0,37965475.0,3.73,0.22,-0.02
Polonia,POL,,2020,83.18,49350724.0,37899070.0,3.42,1.98,-0.17
Polonia,POL,,2021,85.37,50588785.0,37747124.0,2.63,2.51,-0.4
Portugal,PRT,,2010,53.3,12210377.0,10573100.0,10.42,3.52,0.05
Portugal,PRT,,2011,55.25,12334595.0,10557560.0,3.66,1.02,-0.15
Portugal,PRT,,2012,60.34,11917565.0,10514844.0,9.21,-3.38,-0.4
Portugal,PRT,,2013,62.1,11990993.0,10457295.0,2.91,0.62,-0.55
Portugal,PRT,,2014,64.59,11895627.0,10401062.0,4.02,-0.8,-0.54
Portugal,PRT,,2015,68.63,11714693.0,10358076.0,6.26,-1.52,-0.41
Portugal,PRT,,2016,70.42,11572085.0,10325452.0,2.61,-1.22,-0.31
Portugal,PRT,,2017,73.79,11764106.0,10300300.0,4.78,1.66,-0.24
Portugal,PRT,,2018,74.66,11859548.0,10283822.0,1.18,0.81,-0.16
Portugal,PRT,,2019,75.35,11909751.0,10286263.0,0.92,0.42,0.02
Portugal,PRT,,2020,78.26,11851054.0,10297081.0,3.87,-0.49,0.11
Portugal,PRT,,2021,82.31,12476165.0,10325147.0,5.17,5.27,0.27
Puerto Rico,PRI,,2010,45.3,2933988.0,3721525.0,9.16,8.18,-0.5
Puerto Rico,PRI,,2011,48.0,3108372.0,3678732.0,5.96,5.94,-1.15
Puerto Rico,PRI,,2012,69.0,3049697.0,3634488.0,43.75,-1.89,-1.2
Puerto Rico,PRI,,2013,69.0,3085146.0,3593077.0,0.0,1.16,-1.14
Puerto Rico,PRI,,2014,69.0,3208824.0,3534874.0,0.0,4.01,-1.62
Puerto Rico,PRI,,2015,63.47,3204993.0,3473232.0,-8.02,-0.12,-1.74
Puerto Rico,PRI,,2016,68.64,3252176.0,3406672.0,8.16,1.47,-1.92
Puerto Rico,PRI,,2017,68.74,3389402.0,3325286.0,0.14,4.22,-2.39
Puerto Rico,PRI,,2018,70.86,3330286.0,3193354.0,3.08,-1.74,-3.97
Puerto Rico,PRI,,2019,77.74,3371969.0,3193694.0,9.71,1.25,0.01
Puerto Rico,PRI,,2020,,3494700.0,3281538.0,,3.64,2.75
Puerto Rico,PRI,,2021,,3661176.0,3263584.0,,4.76,-0.55
Qatar,QAT,,2010,69.0,2186447.0,1713504.0,29.94,12.2,6.41
Qatar,QAT,,2011,69.0,2302225.0,1804171.0,0.0,5.3,5.29
Qatar,QAT,,2012,69.3,2601210.0,1905660.0,0.43,12.99,5.63
Qatar,QAT,,2013,85.3,3310353.0,2035501.0,23.09,27.26,6.81
Qatar,QAT,,2014,91.49,3305822.0,2214465.0,7.26,-0.14,8.79
Qatar,QAT,,2015,92.88,3740469.0,2414573.0,1.52,13.15,9.04
Qatar,QAT,,2016,95.12,3652579.0,2595166.0,2.41,-2.35,7.48
Qatar,QAT,,2017,97.39,3988562.0,2711755.0,2.38,9.2,4.49
Qatar,QAT,,2018,99.65,3945978.0,2766732.0,2.32,-1.07,2.03
Qatar,QAT,,2019,99.65,3917571.0,2807235.0,-0.0,-0.72,1.46
Qatar,QAT,,2020,99.65,3798514.0,2760385.0,0.0,-3.04,-1.67
Qatar,QAT,,2021,,3876499.0,2688235.0,,2.05,-2.61
"Región Administrativa Especial de Macao, China",MAC,,2010,55.2,1122261.0,557297.0,2.22,8.18,2.63
"Región Administrativa Especial de Macao, China",MAC,,2011,60.2,1353194.0,571003.0,9.07,20.58,2.46
"Región Administrativa Especial de Macao, China",MAC,,2012,61.31,1613457.0,582766.0,1.84,19.23,2.06
"Región Administrativa Especial de Macao, China",MAC,,2013,65.8,1722245.0,593374.0,7.32,6.74,1.82
"Región Administrativa Especial de Macao, China",MAC,,2014,69.78,1856453.0,604167.0,6.05,7.79,1.82
"Región Administrativa Especial de Macao, China",MAC,,2015,77.6,1896097.0,615239.0,11.21,2.14,1.83
"Región Administrativa Especial de Macao, China",MAC,,2016,81.64,1969972.0,626688.0,5.21,3.9,1.86
"Región Administrativa Especial de Macao, China",MAC,,2017,83.17,2047000.0,638609.0,1.88,3.91,1.9
"Región Administrativa Especial de Macao, China",MAC,,2018,83.79,2181194.0,650991.0,0.75,6.56,1.94
"Región Administrativa Especial de Macao, China",MAC,,2019,86.47,2793000.0,663653.0,3.19,28.05,1.95
"Región Administrativa Especial de Macao, China",MAC,,2020,88.1,2793000.0,676283.0,1.89,0.0,1.9
"Región Administrativa Especial de Macao, China",MAC,,2021,,,686607.0,,,1.53
Reino Unido,GBR,,2010,85.0,76729827.0,62766365.0,1.72,0.33,0.79
Reino Unido,GBR,,2011,85.38,77162298.0,63258810.0,0.45,0.56,0.78
Reino Unido,GBR,,2012,87.48,78329355.0,63700215.0,2.46,1.51,0.7
Reino Unido,GBR,,2013,89.84,78673978.0,64128273.0,2.7,0.44,0.67
Reino Unido,GBR,,2014,91.61,78460684.0,64602298.0,1.97,-0.27,0.74
Reino Unido,GBR,,2015,92.0,79250793.0,65116219.0,0.43,1.01,0.8
Reino Unido,GBR,,2016,94.78,78931386.0,65611593.0,3.02,-0.4,0.76
Reino Unido,GBR,,2017,90.42,79099000.0,66058859.0,-4.59,0.21,0.68
Reino Unido,GBR,,2018,90.69,78891000.0,66460344.0,0.3,-0.26,0.61
Reino Unido,GBR,,2019,92.52,80701000.0,66836327.0,2.01,2.29,0.57
Reino Unido,GBR,,2020,94.82,79007000.0,67081000.0,2.49,-2.1,0.37
Reino Unido,GBR,,2021,,79773000.0,67326569.0,,0.97,0.37
República Centroafricana,CAF,África al sur del Sahara (excluido altos ingresos),2010,2.0,979232.0,4660067.0,11.11,13.38,2.09
República Centroafricana,CAF,África al sur del Sahara (excluido altos ingresos),2011,2.2,992444.0,4732022.0,10.0,1.35,1.54
República Centroafricana,CAF,África al sur del Sahara (excluido altos ingresos),2012,2.4,1143114.0,4773306.0,9.09,15.18,0.87
República Centroafricana,CAF,África al sur del Sahara (excluido altos ingresos),2013,2.5,1360300.0,4802428.0,4.17,19.0,0.61
República Centroafricana,CAF,África al sur del Sahara (excluido altos ingresos),2014,2.7,1155620.0,4798734.0,8.0,-15.05,-0.08
República Centroafricana,CAF,África al sur del Sahara (excluido altos ingresos),2015,2.9,1242494.0,4819333.0,7.41,7.52,0.43
República Centroafricana,CAF,África al sur del Sahara (excluido altos ingresos),2016,3.1,1248346.0,4904177.0,6.9,0.47,1.76
República Centroafricana,CAF,África al sur del Sahara (excluido altos ingresos),2017,4.0,1175389.0,4996741.0,29.03,-5.84,1.89
República Centroafricana,CAF,África al sur del Sahara (excluido altos ingresos),2018,5.1,1279261.0,5094780.0,27.5,8.84,1.96
República Centroafricana,CAF,África al sur del Sahara (excluido altos ingresos),2019,8.3,1595294.0,5209324.0,62.75,24.7,2.25
República Centroafricana,CAF,África al sur del Sahara (excluido altos ingresos),2020,10.4,1831000.0,5343020.0,25.3,14.78,2.57
República Centroafricana,CAF,África al sur del Sahara (excluido altos ingresos),2021,,,5457154.0,,,2.14
República Checa,CZE,,2010,68.82,12934100.0,10474410.0,6.81,-0.98,0.29
República Checa,CZE,,2011,70.49,13167700.0,10496088.0,2.43,1.81,0.21
República Checa,CZE,,2012,73.43,13521900.0,10510785.0,4.17,2.69,0.14
República Checa,CZE,,2013,74.11,13719300.0,10514272.0,0.93,1.46,0.03
República Checa,CZE,,2014,74.23,13913100.0,10525347.0,0.16,1.41,0.11
República Checa,CZE,,2015,75.67,12454575.01,10546059.0,1.94,-10.48,0.2
República Checa,CZE,,2016,76.48,12485045.0,10566332.0,1.07,0.24,0.19
República Checa,CZE,,2017,78.72,12636359.0,10594438.0,2.93,1.21,0.27
República Checa,CZE,,2018,80.69,12704262.0,10629928.0,2.5,0.54,0.33
República Checa,CZE,,2019,80.87,13101360.0,10671870.0,0.22,3.13,0.39
República Checa,CZE,,2020,81.34,12999812.0,10697858.0,0.58,-0.78,0.24
República Checa,CZE,,2021,82.67,13129905.0,10505772.0,1.64,1.0,-1.8
República Democrática Popular Lao,LAO,Asia oriental y el Pacífico (excluido altos ingresos),2010,7.0,4003395.0,6323418.0,16.67,23.77,1.5
República Democrática Popular Lao,LAO,Asia oriental y el Pacífico (excluido altos ingresos),2011,9.0,5480851.0,6416327.0,28.57,36.91,1.47
República Democrática Popular Lao,LAO,Asia oriental y el Pacífico (excluido altos ingresos),2012,10.75,4300000.0,6508803.0,19.42,-21.55,1.44
República Democrática Popular Lao,LAO,Asia oriental y el Pacífico (excluido altos ingresos),2013,12.5,4612612.0,6600742.0,16.3,7.27,1.41
República Democrática Popular Lao,LAO,Asia oriental y el Pacífico (excluido altos ingresos),2014,14.26,4618586.0,6691454.0,14.08,0.13,1.37
República Democrática Popular Lao,LAO,Asia oriental y el Pacífico (excluido altos ingresos),2015,18.2,3727162.0,6787419.0,27.63,-19.3,1.43
República Democrática Popular Lao,LAO,Asia oriental y el Pacífico (excluido altos ingresos),2016,21.87,3958510.0,6891363.0,20.16,6.21,1.53
República Democrática Popular Lao,LAO,Asia oriental y el Pacífico (excluido altos ingresos),2017,25.51,3711813.0,6997917.0,16.65,-6.23,1.55
República Democrática Popular Lao,LAO,Asia oriental y el Pacífico (excluido altos ingresos),2018,29.1,3662336.0,7105006.0,14.07,-1.33,1.53
República Democrática Popular Lao,LAO,Asia oriental y el Pacífico (excluido altos ingresos),2019,30.84,4636926.0,7212053.0,5.98,26.61,1.51
República Democrática Popular Lao,LAO,Asia oriental y el Pacífico (excluido altos ingresos),2020,54.0,4636690.0,7319399.0,75.1,-0.01,1.49
República Democrática Popular Lao,LAO,Asia oriental y el Pacífico (excluido altos ingresos),2021,62.0,4822973.0,7425057.0,14.81,4.02,1.44
República Dominicana,DOM,América Latina y el Caribe (excluido altos ingresos),2010,31.4,8892783.0,9775755.0,13.28,3.05,1.32
República Dominicana,DOM,América Latina y el Caribe (excluido altos ingresos),2011,38.0,8770780.0,9903737.0,21.02,-1.37,1.31
República Dominicana,DOM,América Latina y el Caribe (excluido altos ingresos),2012,42.32,8934196.0,10030882.0,11.37,1.86,1.28
República Dominicana,DOM,América Latina y el Caribe (excluido altos ingresos),2013,45.9,9200410.0,10157051.0,8.46,2.98,1.26
República Dominicana,DOM,América Latina y el Caribe (excluido altos ingresos),2014,49.58,8303536.0,10282115.0,8.02,-9.75,1.23
República Dominicana,DOM,América Latina y el Caribe (excluido altos ingresos),2015,54.22,8797247.0,10405832.0,9.35,5.95,1.2
República Dominicana,DOM,América Latina y el Caribe (excluido altos ingresos),2016,63.87,8708131.0,10527592.0,17.81,-1.01,1.17
República Dominicana,DOM,América Latina y el Caribe (excluido altos ingresos),2017,67.57,8769127.0,10647244.0,5.79,0.7,1.14
República Dominicana,DOM,América Latina y el Caribe (excluido altos ingresos),2018,74.82,8937647.0,10765531.0,10.73,1.92,1.11
República Dominicana,DOM,América Latina y el Caribe (excluido altos ingresos),2019,75.8,8948107.0,10881882.0,1.31,0.12,1.08
República Dominicana,DOM,América Latina y el Caribe (excluido altos ingresos),2020,76.9,8989587.0,10999664.0,1.45,0.46,1.08
República Dominicana,DOM,América Latina y el Caribe (excluido altos ingresos),2021,,9735351.0,11117873.0,,8.3,1.07
República Eslovaca,SVK,,2010,75.71,5925012.0,5391428.0,8.16,7.77,0.09
República Eslovaca,SVK,,2011,74.44,5983059.0,5398384.0,-1.68,0.98,0.13
República Eslovaca,SVK,,2012,76.71,6094466.0,5407579.0,3.05,1.86,0.17
República Eslovaca,SVK,,2013,77.88,6208412.0,5413393.0,1.53,1.87,0.11
República Eslovaca,SVK,,2014,79.98,6378095.0,5418649.0,2.69,2.73,0.1
República Eslovaca,SVK,,2015,77.63,6675553.0,5423801.0,-2.93,4.66,0.1
República Eslovaca,SVK,,2016,80.48,6989902.0,5430798.0,3.66,4.71,0.13
República Eslovaca,SVK,,2017,81.63,7117753.0,5439232.0,1.43,1.83,0.16
República Eslovaca,SVK,,2018,80.45,7241702.0,5446771.0,-1.44,1.74,0.14
República Eslovaca,SVK,,2019,82.85,7399534.0,5454147.0,2.99,2.18,0.14
República Eslovaca,SVK,,2020,89.92,7289707.0,5458827.0,8.53,-1.48,0.09
República Eslovaca,SVK,,2021,88.93,7362325.0,5447247.0,-1.11,1.0,-0.21
República de Moldova,MDA,Europa y Asia central (excluido altos ingresos),2010,32.3,2550592.0,2862354.0,17.45,19.39,-0.1
República de Moldova,MDA,Europa y Asia central (excluido altos ingresos),2011,38.0,3217261.0,2860699.0,17.65,26.14,-0.06
República de Moldova,MDA,Europa y Asia central (excluido altos ingresos),2012,43.37,3584283.0,2860324.0,14.13,11.41,-0.01
República de Moldova,MDA,Europa y Asia central (excluido altos ingresos),2013,60.0,3696834.0,2859558.0,38.34,3.14,-0.03
República de Moldova,MDA,Europa y Asia central (excluido altos ingresos),2014,67.0,3738125.0,2857815.0,11.67,1.12,-0.06
República de Moldova,MDA,Europa y Asia central (excluido altos ingresos),2015,69.0,3713137.0,2835978.0,2.99,-0.67,-0.76
República de Moldova,MDA,Europa y Asia central (excluido altos ingresos),2016,71.0,3788490.0,2803186.0,2.9,2.03,-1.16
República de Moldova,MDA,Europa y Asia central (excluido altos ingresos),2017,76.12,3746644.0,2755189.0,7.22,-1.1,-1.71
República de Moldova,MDA,Europa y Asia central (excluido altos ingresos),2018,,3636931.0,2707203.0,,-2.93,-1.74
República de Moldova,MDA,Europa y Asia central (excluido altos ingresos),2019,,3613846.0,2664224.0,,-0.63,-1.59
República de Moldova,MDA,Europa y Asia central (excluido altos ingresos),2020,,3420383.0,2635130.0,,-5.35,-1.09
República de Moldova,MDA,Europa y Asia central (excluido altos ingresos),2021,,3900179.0,2615199.0,,14.03,-0.76
República Árabe Siria,SYR,Oriente Medio y Norte de África (excluido altos ingresos),2010,20.7,11696000.0,22337563.0,19.65,16.7,2.34
República Árabe Siria,SYR,Oriente Medio y Norte de África (excluido altos ingresos),2011,22.5,12917000.0,22730733.0,8.7,10.44,1.76
República Árabe Siria,SYR,Oriente Medio y Norte de África (excluido altos ingresos),2012,24.3,12980000.0,22605577.0,8.0,0.49,-0.55
República Árabe Siria,SYR,Oriente Medio y Norte de África (excluido altos ingresos),2013,26.2,12291150.0,21495821.0,7.82,-5.31,-4.91
República Árabe Siria,SYR,Oriente Medio y Norte de África (excluido altos ingresos),2014,28.09,14039749.0,20072232.0,7.21,14.23,-6.62
República Árabe Siria,SYR,Oriente Medio y Norte de África (excluido altos ingresos),2015,29.98,14312271.0,19205178.0,6.73,1.94,-4.32
República Árabe Siria,SYR,Oriente Medio y Norte de África (excluido altos ingresos),2016,31.87,13349860.0,18964252.0,6.3,-6.72,-1.25
República Árabe Siria,SYR,Oriente Medio y Norte de África (excluido altos ingresos),2017,32.7,15386000.0,18983373.0,2.61,15.25,0.1
República Árabe Siria,SYR,Oriente Medio y Norte de África (excluido altos ingresos),2018,33.77,17129676.0,19333463.0,3.27,11.33,1.84
República Árabe Siria,SYR,Oriente Medio y Norte de África (excluido altos ingresos),2019,34.65,17733979.0,20098251.0,2.61,3.53,3.96
República Árabe Siria,SYR,Oriente Medio y Norte de África (excluido altos ingresos),2020,35.78,16660253.0,20772595.0,3.26,-6.05,3.36
República Árabe Siria,SYR,Oriente Medio y Norte de África (excluido altos ingresos),2021,,16990714.0,21324367.0,,1.98,2.66
Ribera Occidental y Gaza,PSE,Oriente Medio y Norte de África (excluido altos ingresos),2010,37.4,2603582.0,3786161.0,16.04,44.64,2.63
Ribera Occidental y Gaza,PSE,Oriente Medio y Norte de África (excluido altos ingresos),2011,41.08,2884964.0,3882986.0,9.84,10.81,2.56
Ribera Occidental y Gaza,PSE,Oriente Medio y Norte de África (excluido altos ingresos),2012,43.4,3134700.0,3979998.0,5.65,8.66,2.5
Ribera Occidental y Gaza,PSE,Oriente Medio y Norte de África (excluido altos ingresos),2013,46.6,3190233.0,4076708.0,7.37,1.77,2.43
Ribera Occidental y Gaza,PSE,Oriente Medio y Norte de África (excluido altos ingresos),2014,53.67,3197550.0,4173398.0,15.17,0.23,2.37
Ribera Occidental y Gaza,PSE,Oriente Medio y Norte de África (excluido altos ingresos),2015,56.7,3531000.0,4270092.0,5.65,10.43,2.32
Ribera Occidental y Gaza,PSE,Oriente Medio y Norte de África (excluido altos ingresos),2016,59.9,3713190.0,4367088.0,5.64,5.16,2.27
Ribera Occidental y Gaza,PSE,Oriente Medio y Norte de África (excluido altos ingresos),2017,63.3,3996206.0,4454805.0,5.68,7.62,2.01
Ribera Occidental y Gaza,PSE,Oriente Medio y Norte de África (excluido altos ingresos),2018,64.4,4375502.0,4569087.0,1.74,9.49,2.57
Ribera Occidental y Gaza,PSE,Oriente Medio y Norte de África (excluido altos ingresos),2019,70.62,4300230.0,4685306.0,9.66,-1.72,2.54
Ribera Occidental y Gaza,PSE,Oriente Medio y Norte de África (excluido altos ingresos),2020,74.6,4062334.0,4803269.0,5.63,-5.53,2.52
Ribera Occidental y Gaza,PSE,Oriente Medio y Norte de África (excluido altos ingresos),2021,,4052966.0,4922749.0,,-0.23,2.49
Rumania,ROU,,2010,39.93,24360000.0,20246871.0,9.1,-2.95,-0.59
Rumania,ROU,,2011,40.01,23420000.0,20147528.0,0.2,-3.86,-0.49
Rumania,ROU,,2012,45.88,22840000.0,20058035.0,14.67,-2.48,-0.44
Rumania,ROU,,2013,49.76,22910000.0,19983693.0,8.47,0.31,-0.37
Rumania,ROU,,2014,54.08,22920000.0,19908979.0,8.67,0.04,-0.37
Rumania,ROU,,2015,55.76,23120000.0,19815616.0,3.11,0.87,-0.47
Rumania,ROU,,2016,59.5,22900000.0,19702267.0,6.71,-0.95,-0.57
Rumania,ROU,,2017,63.75,22400000.0,19588715.0,7.13,-2.18,-0.58
Rumania,ROU,,2018,70.68,22634000.0,19473970.0,10.88,1.04,-0.59
Rumania,ROU,,2019,73.66,22671000.0,19371648.0,4.21,0.16,-0.53
Rumania,ROU,,2020,78.46,22588000.0,19265250.0,6.51,-0.37,-0.55
Rumania,ROU,,2021,83.59,22929000.0,19119880.0,6.55,1.51,-0.75
Rwanda,RWA,África al sur del Sahara (excluido altos ingresos),2010,8.0,3548761.0,10309031.0,3.9,46.08,2.64
Rwanda,RWA,África al sur del Sahara (excluido altos ingresos),2011,7.0,4446194.0,10576932.0,-12.5,25.29,2.6
Rwanda,RWA,África al sur del Sahara (excluido altos ingresos),2012,8.02,5690751.0,10840334.0,14.63,27.99,2.49
Rwanda,RWA,África al sur del Sahara (excluido altos ingresos),2013,9.0,6689158.0,11101350.0,12.17,17.54,2.41
Rwanda,RWA,África al sur del Sahara (excluido altos ingresos),2014,10.6,7747019.0,11368451.0,17.78,15.81,2.41
Rwanda,RWA,África al sur del Sahara (excluido altos ingresos),2015,18.0,8759619.0,11642959.0,69.81,13.07,2.41
Rwanda,RWA,África al sur del Sahara (excluido altos ingresos),2016,20.0,8921533.0,11930899.0,11.11,1.85,2.47
Rwanda,RWA,África al sur del Sahara (excluido altos ingresos),2017,17.2,8819217.0,12230339.0,-14.0,-1.15,2.51
Rwanda,RWA,África al sur del Sahara (excluido altos ingresos),2018,25.0,9700609.0,12531808.0,45.35,9.99,2.46
Rwanda,RWA,África al sur del Sahara (excluido altos ingresos),2019,26.0,9658548.0,12835028.0,4.0,-0.43,2.42
Rwanda,RWA,África al sur del Sahara (excluido altos ingresos),2020,23.8,10614408.0,13146362.0,-8.46,9.9,2.43
Rwanda,RWA,África al sur del Sahara (excluido altos ingresos),2021,,10902989.0,13461888.0,,2.72,2.4
Saint Kitts y Nevis,KNA,,2010,63.0,80000.0,47403.0,13.11,5.96,0.25
Saint Kitts y Nevis,KNA,,2011,63.2,77000.0,47581.0,0.32,-3.75,0.38
Saint Kitts y Nevis,KNA,,2012,64.0,76000.0,47727.0,1.27,-1.3,0.31
Saint Kitts y Nevis,KNA,,2013,64.6,77000.0,47767.0,0.94,1.32,0.08
Saint Kitts y Nevis,KNA,,2014,68.0,65000.0,47789.0,5.26,-15.58,0.05
Saint Kitts y Nevis,KNA,,2015,75.7,73009.0,47790.0,11.32,12.32,0.0
Saint Kitts y Nevis,KNA,,2016,76.82,76583.0,47788.0,1.48,4.9,-0.0
Saint Kitts y Nevis,KNA,,2017,80.71,76878.0,47785.0,5.07,0.39,-0.01
Saint Kitts y Nevis,KNA,,2018,,71594.0,47761.0,,-6.87,-0.05
Saint Kitts y Nevis,KNA,,2019,,65224.0,47712.0,,-8.9,-0.1
Saint Kitts y Nevis,KNA,,2020,,78000.0,47642.0,,19.59,-0.15
Saint Kitts y Nevis,KNA,,2021,,,47606.0,,,-0.08
Samoa,WSM,Asia oriental y el Pacífico (excluido altos ingresos),2010,7.0,90000.0,194672.0,16.67,,0.77
Samoa,WSM,Asia oriental y el Pacífico (excluido altos ingresos),2011,11.0,,196351.0,57.14,,0.86
Samoa,WSM,Asia oriental y el Pacífico (excluido altos ingresos),2012,12.92,100302.0,198124.0,17.48,,0.9
Samoa,WSM,Asia oriental y el Pacífico (excluido altos ingresos),2013,15.3,99887.0,199939.0,18.4,-0.41,0.92
Samoa,WSM,Asia oriental y el Pacífico (excluido altos ingresos),2014,21.2,106524.0,201757.0,38.56,6.64,0.91
Samoa,WSM,Asia oriental y el Pacífico (excluido altos ingresos),2015,25.41,120517.0,203571.0,19.84,13.14,0.9
Samoa,WSM,Asia oriental y el Pacífico (excluido altos ingresos),2016,29.41,151008.0,205544.0,15.76,25.3,0.97
Samoa,WSM,Asia oriental y el Pacífico (excluido altos ingresos),2017,33.61,124211.0,207630.0,14.28,-17.75,1.01
Samoa,WSM,Asia oriental y el Pacífico (excluido altos ingresos),2018,,100000.0,209701.0,,-19.49,1.0
Samoa,WSM,Asia oriental y el Pacífico (excluido altos ingresos),2019,,84000.0,211905.0,,-16.0,1.05
Samoa,WSM,Asia oriental y el Pacífico (excluido altos ingresos),2020,,69000.0,214929.0,,-17.86,1.43
Samoa,WSM,Asia oriental y el Pacífico (excluido altos ingresos),2021,,,218764.0,,,1.78
Samoa Americana,ASM,Asia oriental y el Pacífico (excluido altos ingresos),2010,,,54849.0,,,-0.93
Samoa Americana,ASM,Asia oriental y el Pacífico (excluido altos ingresos),2011,,,54310.0,,,-0.98
Samoa Americana,ASM,Asia oriental y el Pacífico (excluido altos ingresos),2012,,,53691.0,,,-1.14
Samoa Americana,ASM,Asia oriental y el Pacífico (excluido altos ingresos),2013,,,52995.0,,,-1.3
Samoa Americana,ASM,Asia oriental y el Pacífico (excluido altos ingresos),2014,,,52217.0,,,-1.47
Samoa Americana,ASM,Asia oriental y el Pacífico (excluido altos ingresos),2015,,,51368.0,,,-1.63
Samoa Americana,ASM,Asia oriental y el Pacífico (excluido altos ingresos),2016,,,50448.0,,,-1.79
Samoa Americana,ASM,Asia oriental y el Pacífico (excluido altos ingresos),2017,,,49463.0,,,-1.95
Samoa Americana,ASM,Asia oriental y el Pacífico (excluido altos ingresos),2018,,,48424.0,,,-2.1
Samoa Americana,ASM,Asia oriental y el Pacífico (excluido altos ingresos),2019,,,47321.0,,,-2.28
Samoa Americana,ASM,Asia oriental y el Pacífico (excluido altos ingresos),2020,,,46189.0,,,-2.39
Samoa Americana,ASM,Asia oriental y el Pacífico (excluido altos ingresos),2021,,,45035.0,,,-2.5
San Marino,SMR,,2010,,30587.0,31608.0,,2.13,1.77
San Marino,SMR,,2011,49.6,35465.0,32495.0,,15.95,2.81
San Marino,SMR,,2012,,36000.0,33132.0,,1.51,1.96
San Marino,SMR,,2013,,36780.0,33285.0,,2.17,0.46
San Marino,SMR,,2014,,37600.0,33389.0,,2.23,0.31
San Marino,SMR,,2015,,36624.0,33570.0,,-2.6,0.54
San Marino,SMR,,2016,,36570.0,33834.0,,-0.15,0.79
San Marino,SMR,,2017,60.18,38000.0,34056.0,,3.91,0.66
San Marino,SMR,,2018,,38500.0,34156.0,,1.32,0.29
San Marino,SMR,,2019,,38750.0,34178.0,,0.65,0.06
San Marino,SMR,,2020,,39000.0,34007.0,,0.65,-0.5
San Marino,SMR,,2021,,40000.0,33745.0,,2.56,-0.77
San Vicente y las Granadinas,VCT,América Latina y el Caribe (excluido altos ingresos),2010,33.7,131791.0,109308.0,8.71,8.82,-0.48
San Vicente y las Granadinas,VCT,América Latina y el Caribe (excluido altos ingresos),2011,36.7,131809.0,108703.0,8.9,0.01,-0.55
San Vicente y las Granadinas,VCT,América Latina y el Caribe (excluido altos ingresos),2012,40.0,126992.0,108083.0,8.99,-3.65,-0.57
San Vicente y las Granadinas,VCT,América Latina y el Caribe (excluido altos ingresos),2013,43.5,125378.0,107450.0,8.75,-1.27,-0.59
San Vicente y las Granadinas,VCT,América Latina y el Caribe (excluido altos ingresos),2014,47.4,115017.0,106912.0,8.97,-8.26,-0.5
San Vicente y las Granadinas,VCT,América Latina y el Caribe (excluido altos ingresos),2015,49.4,113371.0,106482.0,4.22,-1.43,-0.4
San Vicente y las Granadinas,VCT,América Latina y el Caribe (excluido altos ingresos),2016,51.5,112649.0,105963.0,4.25,-0.64,-0.49
San Vicente y las Granadinas,VCT,América Latina y el Caribe (excluido altos ingresos),2017,53.7,115844.0,105549.0,4.27,2.84,-0.39
San Vicente y las Granadinas,VCT,América Latina y el Caribe (excluido altos ingresos),2018,56.0,112443.0,105281.0,4.28,-2.94,-0.25
San Vicente y las Granadinas,VCT,América Latina y el Caribe (excluido altos ingresos),2019,,96373.0,104924.0,,-14.29,-0.34
San Vicente y las Granadinas,VCT,América Latina y el Caribe (excluido altos ingresos),2020,,97059.0,104632.0,,0.71,-0.28
San Vicente y las Granadinas,VCT,América Latina y el Caribe (excluido altos ingresos),2021,,114892.0,104332.0,,18.37,-0.29
Santa Lucía,LCA,América Latina y el Caribe (excluido altos ingresos),2010,32.5,198212.0,170935.0,4.84,4.47,0.73
Santa Lucía,LCA,América Latina y el Caribe (excluido altos ingresos),2011,34.0,216530.0,172145.0,4.62,9.24,0.71
Santa Lucía,LCA,América Latina y el Caribe (excluido altos ingresos),2012,34.82,216000.0,173124.0,2.41,-0.24,0.57
Santa Lucía,LCA,América Latina y el Caribe (excluido altos ingresos),2013,36.0,212063.0,173978.0,3.39,-1.82,0.49
Santa Lucía,LCA,América Latina y el Caribe (excluido altos ingresos),2014,39.7,188351.0,174804.0,10.28,-11.18,0.47
Santa Lucía,LCA,América Latina y el Caribe (excluido altos ingresos),2015,41.7,187741.0,175623.0,5.04,-0.32,0.47
Santa Lucía,LCA,América Latina y el Caribe (excluido altos ingresos),2016,43.8,176648.0,176413.0,5.04,-5.91,0.45
Santa Lucía,LCA,América Latina y el Caribe (excluido altos ingresos),2017,46.0,176694.0,177163.0,5.02,0.03,0.43
Santa Lucía,LCA,América Latina y el Caribe (excluido altos ingresos),2018,48.3,184944.0,177888.0,5.0,4.67,0.41
Santa Lucía,LCA,América Latina y el Caribe (excluido altos ingresos),2019,50.7,147790.0,178583.0,4.97,-20.09,0.39
Santa Lucía,LCA,América Latina y el Caribe (excluido altos ingresos),2020,53.3,203000.0,179237.0,5.13,37.36,0.37
Santa Lucía,LCA,América Latina y el Caribe (excluido altos ingresos),2021,,,179651.0,,,0.23
Santo Tomé y Príncipe,STP,África al sur del Sahara (excluido altos ingresos),2010,18.75,102730.0,182138.0,14.26,27.1,2.25
Santo Tomé y Príncipe,STP,África al sur del Sahara (excluido altos ingresos),2011,20.16,115038.0,186044.0,7.53,11.98,2.14
Santo Tomé y Príncipe,STP,África al sur del Sahara (excluido altos ingresos),2012,21.57,122172.0,189924.0,7.0,6.2,2.09
Santo Tomé y Príncipe,STP,África al sur del Sahara (excluido altos ingresos),2013,23.0,125329.0,193757.0,6.62,2.58,2.02
Santo Tomé y Príncipe,STP,África al sur del Sahara (excluido altos ingresos),2014,24.41,128500.0,197497.0,6.13,2.53,1.93
Santo Tomé y Príncipe,STP,África al sur del Sahara (excluido altos ingresos),2015,25.82,184971.0,201124.0,5.78,43.95,1.84
Santo Tomé y Príncipe,STP,África al sur del Sahara (excluido altos ingresos),2016,28.0,178047.0,204632.0,8.44,-3.74,1.74
Santo Tomé y Príncipe,STP,África al sur del Sahara (excluido altos ingresos),2017,29.93,173963.0,208036.0,6.9,-2.29,1.66
Santo Tomé y Príncipe,STP,África al sur del Sahara (excluido altos ingresos),2018,31.9,162610.0,211344.0,6.58,-6.53,1.59
Santo Tomé y Príncipe,STP,África al sur del Sahara (excluido altos ingresos),2019,32.0,165761.0,214599.0,0.31,1.94,1.54
Santo Tomé y Príncipe,STP,África al sur del Sahara (excluido altos ingresos),2020,33.0,174203.0,218641.0,3.13,5.09,1.88
Santo Tomé y Príncipe,STP,África al sur del Sahara (excluido altos ingresos),2021,,189239.0,223107.0,,8.63,2.04
Senegal,SEN,África al sur del Sahara (excluido altos ingresos),2010,8.0,8343717.0,12530121.0,6.67,20.9,2.75
Senegal,SEN,África al sur del Sahara (excluido altos ingresos),2011,9.8,9352868.0,12875880.0,22.5,12.09,2.76
Senegal,SEN,África al sur del Sahara (excluido altos ingresos),2012,10.8,11470646.0,13231833.0,10.2,22.64,2.76
Senegal,SEN,África al sur del Sahara (excluido altos ingresos),2013,13.1,13133772.0,13595566.0,21.3,14.5,2.75
Senegal,SEN,África al sur del Sahara (excluido altos ingresos),2014,17.7,14379729.0,13970308.0,35.11,9.49,2.76
Senegal,SEN,África al sur del Sahara (excluido altos ingresos),2015,21.7,14959477.0,14356181.0,22.6,4.03,2.76
Senegal,SEN,África al sur del Sahara (excluido altos ingresos),2016,25.66,15186485.0,14751356.0,18.27,1.52,2.75
Senegal,SEN,África al sur del Sahara (excluido altos ingresos),2017,29.64,15758366.0,15157793.0,15.5,3.77,2.76
Senegal,SEN,África al sur del Sahara (excluido altos ingresos),2018,35.3,16559942.0,15574909.0,19.08,5.09,2.75
Senegal,SEN,África al sur del Sahara (excluido altos ingresos),2019,39.5,17880594.0,16000781.0,11.9,7.97,2.73
Senegal,SEN,África al sur del Sahara (excluido altos ingresos),2020,42.6,19078948.0,16436120.0,7.85,6.7,2.72
Senegal,SEN,África al sur del Sahara (excluido altos ingresos),2021,,19859981.0,16876720.0,,4.09,2.68
Serbia,SRB,Europa y Asia central (excluido altos ingresos),2010,40.9,9915348.0,7291436.0,7.35,0.03,-0.4
Serbia,SRB,Europa y Asia central (excluido altos ingresos),2011,42.2,10182023.0,7234099.0,3.18,2.69,-0.79
Serbia,SRB,Europa y Asia central (excluido altos ingresos),2012,48.1,9137894.0,7199077.0,13.98,-10.25,-0.48
Serbia,SRB,Europa y Asia central (excluido altos ingresos),2013,53.45,9198717.0,7164132.0,11.12,0.67,-0.49
Serbia,SRB,Europa y Asia central (excluido altos ingresos),2014,62.08,9344977.0,7130576.0,16.14,1.59,-0.47
Serbia,SRB,Europa y Asia central (excluido altos ingresos),2015,65.32,9155664.0,7095383.0,5.22,-2.03,-0.49
Serbia,SRB,Europa y Asia central (excluido altos ingresos),2016,67.06,9094447.0,7058322.0,2.66,-0.67,-0.52
Serbia,SRB,Europa y Asia central (excluido altos ingresos),2017,70.33,8621771.0,7020858.0,4.88,-5.2,-0.53
Serbia,SRB,Europa y Asia central (excluido altos ingresos),2018,73.36,8431365.0,6982604.0,4.31,-2.21,-0.54
Serbia,SRB,Europa y Asia central (excluido altos ingresos),2019,77.42,8453887.0,6945235.0,5.53,0.27,-0.54
Serbia,SRB,Europa y Asia central (excluido altos ingresos),2020,78.37,8260758.0,6899126.0,1.23,-2.28,-0.66
Serbia,SRB,Europa y Asia central (excluido altos ingresos),2021,81.17,8501519.0,6834326.0,3.57,2.91,-0.94
Seychelles,SYC,,2010,41.0,117587.0,89770.0,,6.25,2.83
Seychelles,SYC,,2011,43.16,126594.0,87441.0,5.28,7.66,-2.59
Seychelles,SYC,,2012,47.08,136480.0,88303.0,9.06,7.81,0.99
Seychelles,SYC,,2013,50.4,136790.0,89949.0,7.06,0.23,1.86
Seychelles,SYC,,2014,51.25,151336.0,91359.0,1.7,10.63,1.57
Seychelles,SYC,,2015,54.26,148244.0,93419.0,5.86,-2.04,2.25
Seychelles,SYC,,2016,56.51,151857.0,94677.0,4.16,2.44,1.35
Seychelles,SYC,,2017,58.77,167282.0,95843.0,3.99,10.16,1.23
Seychelles,SYC,,2018,70.1,178946.0,96762.0,19.28,6.97,0.96
Seychelles,SYC,,2019,75.0,193672.0,97625.0,6.99,8.23,0.89
Seychelles,SYC,,2020,79.0,183498.0,98462.0,5.33,-5.25,0.86
Seychelles,SYC,,2021,,184161.0,99258.0,,0.36,0.81
Sierra Leona,SLE,África al sur del Sahara (excluido altos ingresos),2010,0.58,2000000.0,6436698.0,123.08,72.41,2.83
Sierra Leona,SLE,África al sur del Sahara (excluido altos ingresos),2011,0.9,2137000.0,6612385.0,55.17,6.85,2.73
Sierra Leona,SLE,África al sur del Sahara (excluido altos ingresos),2012,2.5,2210000.0,6788587.0,177.78,3.42,2.66
Sierra Leona,SLE,África al sur del Sahara (excluido altos ingresos),2013,4.0,4000000.0,6964859.0,60.0,81.0,2.6
Sierra Leona,SLE,África al sur del Sahara (excluido altos ingresos),2014,6.06,4756800.0,7140688.0,51.43,18.92,2.52
Sierra Leona,SLE,África al sur del Sahara (excluido altos ingresos),2015,6.34,5657000.0,7314773.0,4.74,18.92,2.44
Sierra Leona,SLE,África al sur del Sahara (excluido altos ingresos),2016,11.77,6279270.0,7493913.0,85.57,11.0,2.45
Sierra Leona,SLE,África al sur del Sahara (excluido altos ingresos),2017,13.24,6625000.0,7677565.0,12.43,5.51,2.45
Sierra Leona,SLE,África al sur del Sahara (excluido altos ingresos),2018,15.8,6355151.0,7861281.0,19.36,-4.07,2.39
Sierra Leona,SLE,África al sur del Sahara (excluido altos ingresos),2019,16.8,6729804.0,8046828.0,6.33,5.9,2.36
Sierra Leona,SLE,África al sur del Sahara (excluido altos ingresos),2020,18.0,6884201.0,8233970.0,7.14,2.29,2.33
Sierra Leona,SLE,África al sur del Sahara (excluido altos ingresos),2021,,8227093.0,8420641.0,,19.51,2.27
Singapur,SGP,,2010,71.0,7384600.0,5076732.0,2.9,7.26,1.79
Singapur,SGP,,2011,71.0,7794300.0,5183688.0,0.0,5.55,2.11
Singapur,SGP,,2012,72.0,8067600.0,5312437.0,1.41,3.51,2.48
Singapur,SGP,,2013,80.9,8438100.0,5399162.0,12.36,4.59,1.63
Singapur,SGP,,2014,82.1,8103800.0,5469724.0,1.48,-3.96,1.31
Singapur,SGP,,2015,83.2,8233100.0,5535002.0,1.34,1.6,1.19
Singapur,SGP,,2016,84.45,8460700.0,5607283.0,1.51,2.76,1.31
Singapur,SGP,,2017,84.45,8381900.0,5612253.0,0.0,-0.93,0.09
Singapur,SGP,,2018,88.17,8568400.0,5638676.0,4.4,2.23,0.47
Singapur,SGP,,2019,88.95,9034300.0,5703569.0,0.89,5.44,1.15
Singapur,SGP,,2020,92.0,8444800.0,5685807.0,3.43,-6.53,-0.31
Singapur,SGP,,2021,,8660700.0,5453566.0,,2.56,-4.08
Sint Maarten (Dutch part),SXM,,2010,,,34056.0,,,-0.53
Sint Maarten (Dutch part),SXM,,2011,,,33435.0,,,-1.82
Sint Maarten (Dutch part),SXM,,2012,,68840.0,34640.0,,,3.6
Sint Maarten (Dutch part),SXM,,2013,,,36607.0,,,5.68
Sint Maarten (Dutch part),SXM,,2014,,,37685.0,,,2.94
Sint Maarten (Dutch part),SXM,,2015,,,38825.0,,,3.03
Sint Maarten (Dutch part),SXM,,2016,,,39969.0,,,2.95
Sint Maarten (Dutch part),SXM,,2017,,,40574.0,,,1.51
Sint Maarten (Dutch part),SXM,,2018,,,40895.0,,,0.79
Sint Maarten (Dutch part),SXM,,2019,,,41608.0,,,1.74
Sint Maarten (Dutch part),SXM,,2020,,,42310.0,,,1.69
Sint Maarten (Dutch part),SXM,,2021,,,42846.0,,,1.27
Somalia,SOM,África al sur del Sahara (excluido altos ingresos),2010,,648200.0,12026649.0,,1.12,2.53
Somalia,SOM,África al sur del Sahara (excluido altos ingresos),2011,1.25,1800000.0,12216837.0,,177.69,1.58
Somalia,SOM,África al sur del Sahara (excluido altos ingresos),2012,1.38,2300000.0,12440326.0,10.14,27.78,1.83
Somalia,SOM,África al sur del Sahara (excluido altos ingresos),2013,1.5,5183000.0,12852485.0,8.96,125.35,3.31
Somalia,SOM,África al sur del Sahara (excluido altos ingresos),2014,1.63,5500000.0,13309235.0,8.67,6.12,3.55
Somalia,SOM,África al sur del Sahara (excluido altos ingresos),2015,1.76,5836000.0,13763906.0,7.98,6.11,3.42
Somalia,SOM,África al sur del Sahara (excluido altos ingresos),2016,1.88,6653040.0,14292847.0,6.82,14.0,3.84
Somalia,SOM,África al sur del Sahara (excluido altos ingresos),2017,2.0,7119000.0,14864221.0,6.6,7.0,4.0
Somalia,SOM,África al sur del Sahara (excluido altos ingresos),2018,,7653040.0,15411094.0,,7.5,3.68
Somalia,SOM,África al sur del Sahara (excluido altos ingresos),2019,,8227000.0,15981300.0,,7.5,3.7
Somalia,SOM,África al sur del Sahara (excluido altos ingresos),2020,,8844000.0,16537016.0,,7.5,3.48
Somalia,SOM,África al sur del Sahara (excluido altos ingresos),2021,,8844000.0,17065581.0,,0.0,3.2
Sri Lanka,LKA,Asia meridional,2010,,17359312.0,20261738.0,,6.46,0.69
Sri Lanka,LKA,Asia meridional,2011,,18319447.0,20398496.0,,5.53,0.67
Sri Lanka,LKA,Asia meridional,2012,,19332844.0,20425000.0,,5.53,0.13
Sri Lanka,LKA,Asia meridional,2013,,20315150.0,20585000.0,,5.08,0.78
Sri Lanka,LKA,Asia meridional,2014,10.5,22123000.0,20778000.0,,8.9,0.94
Sri Lanka,LKA,Asia meridional,2015,12.1,23899642.0,20970000.0,15.24,8.03,0.92
Sri Lanka,LKA,Asia meridional,2016,15.1,25797199.0,21203000.0,24.79,7.94,1.11
Sri Lanka,LKA,Asia meridional,2017,21.3,28199083.0,21444000.0,41.06,9.31,1.14
Sri Lanka,LKA,Asia meridional,2018,26.0,30282984.0,21670000.0,22.07,7.39,1.05
Sri Lanka,LKA,Asia meridional,2019,29.0,28352587.0,21803000.0,11.54,-6.37,0.61
Sri Lanka,LKA,Asia meridional,2020,35.0,29730465.0,21919000.0,20.69,4.86,0.53
Sri Lanka,LKA,Asia meridional,2021,,30764135.0,22156000.0,,3.48,1.08
Sudáfrica,ZAF,África al sur del Sahara (excluido altos ingresos),2010,24.0,50372000.0,51784921.0,140.0,8.48,1.2
Sudáfrica,ZAF,África al sur del Sahara (excluido altos ingresos),2011,33.97,64000000.0,52443325.0,41.54,27.05,1.27
Sudáfrica,ZAF,África al sur del Sahara (excluido altos ingresos),2012,41.0,68394000.0,53145033.0,20.69,6.87,1.34
Sudáfrica,ZAF,África al sur del Sahara (excluido altos ingresos),2013,46.5,76865278.0,53873616.0,13.41,12.39,1.37
Sudáfrica,ZAF,África al sur del Sahara (excluido altos ingresos),2014,49.0,79280731.0,54729551.0,5.38,3.14,1.59
Sudáfrica,ZAF,África al sur del Sahara (excluido altos ingresos),2015,51.92,87999492.0,55876504.0,5.96,11.0,2.1
Sudáfrica,ZAF,África al sur del Sahara (excluido altos ingresos),2016,54.0,82412880.0,56422274.0,4.01,-6.35,0.98
Sudáfrica,ZAF,África al sur del Sahara (excluido altos ingresos),2017,56.17,88497610.0,56641209.0,4.01,7.38,0.39
Sudáfrica,ZAF,África al sur del Sahara (excluido altos ingresos),2018,62.4,92427958.0,57339635.0,11.1,4.44,1.23
Sudáfrica,ZAF,África al sur del Sahara (excluido altos ingresos),2019,68.2,96972459.0,58087055.0,9.29,4.92,1.3
Sudáfrica,ZAF,África al sur del Sahara (excluido altos ingresos),2020,70.0,95959439.0,58801927.0,2.64,-1.04,1.23
Sudáfrica,ZAF,África al sur del Sahara (excluido altos ingresos),2021,,100328005.0,59392255.0,,4.55,1.0
Sudán,SDN,África al sur del Sahara (excluido altos ingresos),2010,,18093231.0,33739933.0,,17.95,2.4
Sudán,SDN,África al sur del Sahara (excluido altos ingresos),2011,,25056185.0,34419624.0,,38.48,2.01
Sudán,SDN,África al sur del Sahara (excluido altos ingresos),2012,,27658595.0,35159792.0,,10.39,2.15
Sudán,SDN,África al sur del Sahara (excluido altos ingresos),2013,,27657875.0,35990704.0,,-0.0,2.36
Sudán,SDN,África al sur del Sahara (excluido altos ingresos),2014,,27796611.0,37003245.0,,0.5,2.81
Sudán,SDN,África al sur del Sahara (excluido altos ingresos),2015,,27938507.0,38171178.0,,0.51,3.16
Sudán,SDN,África al sur del Sahara (excluido altos ingresos),2016,14.1,27807293.0,39377169.0,,-0.47,3.16
Sudán,SDN,África al sur del Sahara (excluido altos ingresos),2017,18.6,28644139.0,40679828.0,31.91,3.01,3.31
Sudán,SDN,África al sur del Sahara (excluido altos ingresos),2018,24.6,30100412.0,41999059.0,32.26,5.08,3.24
Sudán,SDN,África al sur del Sahara (excluido altos ingresos),2019,25.9,33014160.0,43232093.0,5.28,9.68,2.94
Sudán,SDN,África al sur del Sahara (excluido altos ingresos),2020,28.4,35195207.0,44440486.0,9.65,6.61,2.8
Sudán,SDN,África al sur del Sahara (excluido altos ingresos),2021,,16688773.0,45657202.0,,-52.58,2.74
Sudán del Sur,SSD,África al sur del Sahara (excluido altos ingresos),2010,,1500000.0,9714419.0,,,5.26
Sudán del Sur,SSD,África al sur del Sahara (excluido altos ingresos),2011,,1800000.0,10243050.0,,20.0,5.44
Sudán del Sur,SSD,África al sur del Sahara (excluido altos ingresos),2012,,2300000.0,10701604.0,,27.78,4.48
Sudán del Sur,SSD,África al sur del Sahara (excluido altos ingresos),2013,2.2,2853228.0,11106031.0,,24.05,3.78
Sudán del Sur,SSD,África al sur del Sahara (excluido altos ingresos),2014,2.6,2876097.0,11213284.0,18.18,0.8,0.97
Sudán del Sur,SSD,África al sur del Sahara (excluido altos ingresos),2015,3.0,2899000.0,11194299.0,15.38,0.8,-0.17
Sudán del Sur,SSD,África al sur del Sahara (excluido altos ingresos),2016,3.5,2700000.0,11066105.0,16.67,-6.86,-1.15
Sudán del Sur,SSD,África al sur del Sahara (excluido altos ingresos),2017,4.1,2788933.0,10658226.0,17.14,3.29,-3.69
Sudán del Sur,SSD,África al sur del Sahara (excluido altos ingresos),2018,4.8,1916255.0,10395329.0,17.07,-31.29,-2.47
Sudán del Sur,SSD,África al sur del Sahara (excluido altos ingresos),2019,5.6,2221967.0,10447666.0,16.67,15.95,0.5
Sudán del Sur,SSD,África al sur del Sahara (excluido altos ingresos),2020,6.5,1344000.0,10606227.0,16.07,-39.51,1.52
Sudán del Sur,SSD,África al sur del Sahara (excluido altos ingresos),2021,,,10748272.0,,,1.34
Suecia,SWE,,2010,90.0,10992407.0,9378126.0,-1.1,5.29,0.86
Suecia,SWE,,2011,92.77,11454252.0,9449213.0,3.08,4.2,0.76
Suecia,SWE,,2012,93.18,11848449.0,9519374.0,0.44,3.44,0.74
Suecia,SWE,,2013,94.78,12014368.0,9600379.0,1.72,1.4,0.85
Suecia,SWE,,2014,92.52,12312533.0,9696110.0,-2.39,2.48,1.0
Suecia,SWE,,2015,90.61,12638827.0,9799186.0,-2.06,2.65,1.06
Suecia,SWE,,2016,89.65,12543188.0,9923085.0,-1.06,-0.76,1.26
Suecia,SWE,,2017,93.01,12519313.0,10057698.0,3.74,-0.19,1.36
Suecia,SWE,,2018,89.25,12626282.0,10175214.0,-4.04,0.85,1.17
Suecia,SWE,,2019,94.49,12895854.0,10278887.0,5.88,2.14,1.02
Suecia,SWE,,2020,94.54,12791840.0,10353442.0,0.05,-0.81,0.73
Suecia,SWE,,2021,88.31,12843683.0,10415811.0,-6.59,0.41,0.6
Suiza,CHE,,2010,83.9,9644157.0,7824909.0,3.2,3.45,1.05
Suiza,CHE,,2011,85.19,10082636.0,7912398.0,1.54,4.55,1.12
Suiza,CHE,,2012,85.2,10561075.0,7996861.0,0.01,4.75,1.07
Suiza,CHE,,2013,86.34,11048637.0,8089346.0,1.34,4.62,1.16
Suiza,CHE,,2014,87.4,11150000.0,8188649.0,1.23,0.92,1.23
Suiza,CHE,,2015,87.48,11243210.0,8282396.0,0.09,0.84,1.14
Suiza,CHE,,2016,89.13,11242105.0,8373338.0,1.89,-0.01,1.1
Suiza,CHE,,2017,89.69,11088598.0,8451840.0,0.62,-1.37,0.94
Suiza,CHE,,2018,91.8,10788602.0,8514329.0,2.36,-2.71,0.74
Suiza,CHE,,2019,93.15,10886648.0,8575280.0,1.47,0.91,0.72
Suiza,CHE,,2020,94.2,11006060.0,8638167.0,1.13,1.1,0.73
Suiza,CHE,,2021,95.57,11060700.0,8703405.0,1.45,0.5,0.76
Suriname,SUR,América Latina y el Caribe (excluido altos ingresos),2010,31.59,521166.0,546080.0,0.73,-31.78,1.13
Suriname,SUR,América Latina y el Caribe (excluido altos ingresos),2011,32.0,533522.0,552146.0,1.3,2.37,1.11
Suriname,SUR,América Latina y el Caribe (excluido altos ingresos),2012,34.68,569069.0,558111.0,8.38,6.66,1.08
Suriname,SUR,América Latina y el Caribe (excluido altos ingresos),2013,37.4,868600.0,563947.0,7.84,52.64,1.05
Suriname,SUR,América Latina y el Caribe (excluido altos ingresos),2014,40.08,927800.0,569682.0,7.17,6.82,1.02
Suriname,SUR,América Latina y el Caribe (excluido altos ingresos),2015,42.76,750458.0,575475.0,6.7,-19.11,1.02
Suriname,SUR,América Latina y el Caribe (excluido altos ingresos),2016,45.4,806881.0,581453.0,6.16,7.52,1.04
Suriname,SUR,América Latina y el Caribe (excluido altos ingresos),2017,48.95,795871.0,587559.0,7.81,-1.36,1.05
Suriname,SUR,América Latina y el Caribe (excluido altos ingresos),2018,53.8,752270.0,593715.0,9.92,-5.48,1.05
Suriname,SUR,América Latina y el Caribe (excluido altos ingresos),2019,68.75,813844.0,600301.0,27.79,8.19,1.11
Suriname,SUR,América Latina y el Caribe (excluido altos ingresos),2020,70.06,899339.0,607065.0,1.91,10.51,1.13
Suriname,SUR,América Latina y el Caribe (excluido altos ingresos),2021,,906170.0,612985.0,,0.76,0.98
Tailandia,THA,Asia oriental y el Pacífico (excluido altos ingresos),2010,22.4,71726300.0,68270489.0,11.44,8.75,0.67
Tailandia,THA,Asia oriental y el Pacífico (excluido altos ingresos),2011,23.67,77449000.0,68712846.0,5.67,7.98,0.65
Tailandia,THA,Asia oriental y el Pacífico (excluido altos ingresos),2012,26.46,85012000.0,69157023.0,11.79,9.77,0.65
Tailandia,THA,Asia oriental y el Pacífico (excluido altos ingresos),2013,28.94,93849000.0,69578602.0,9.37,10.4,0.61
Tailandia,THA,Asia oriental y el Pacífico (excluido altos ingresos),2014,34.89,97096000.0,69960943.0,20.56,3.46,0.55
Tailandia,THA,Asia oriental y el Pacífico (excluido altos ingresos),2015,39.32,102942000.0,70294397.0,12.69,6.02,0.48
Tailandia,THA,Asia oriental y el Pacífico (excluido altos ingresos),2016,47.5,119669000.0,70607037.0,20.83,16.25,0.44
Tailandia,THA,Asia oriental y el Pacífico (excluido altos ingresos),2017,52.89,121530000.0,70898202.0,11.34,1.56,0.41
Tailandia,THA,Asia oriental y el Pacífico (excluido altos ingresos),2018,56.82,125098000.0,71127802.0,7.42,2.94,0.32
Tailandia,THA,Asia oriental y el Pacífico (excluido altos ingresos),2019,66.65,129614000.0,71307763.0,17.31,3.61,0.25
Tailandia,THA,Asia oriental y el Pacífico (excluido altos ingresos),2020,77.84,116294000.0,71475664.0,16.79,-10.28,0.24
Tailandia,THA,Asia oriental y el Pacífico (excluido altos ingresos),2021,85.27,120850000.0,71601103.0,9.54,3.92,0.18
Tanzanía,TZA,África al sur del Sahara (excluido altos ingresos),2010,2.9,20983853.0,45110527.0,20.83,20.12,2.62
Tanzanía,TZA,África al sur del Sahara (excluido altos ingresos),2011,3.2,25666455.0,46416031.0,10.34,22.32,2.89
Tanzanía,TZA,África al sur del Sahara (excluido altos ingresos),2012,3.95,27219283.0,47786137.0,23.44,6.05,2.95
Tanzanía,TZA,África al sur del Sahara (excluido altos ingresos),2013,4.4,27442823.0,49253643.0,11.39,0.82,3.07
Tanzanía,TZA,África al sur del Sahara (excluido altos ingresos),2014,7.0,31862656.0,50814552.0,59.09,16.11,3.17
Tanzanía,TZA,África al sur del Sahara (excluido altos ingresos),2015,10.0,39665600.0,52542823.0,42.86,24.49,3.4
Tanzanía,TZA,África al sur del Sahara (excluido altos ingresos),2016,13.5,40044186.0,54401802.0,35.04,0.95,3.54
Tanzanía,TZA,África al sur del Sahara (excluido altos ingresos),2017,16.0,39953860.0,56267032.0,18.48,-0.23,3.43
Tanzanía,TZA,África al sur del Sahara (excluido altos ingresos),2018,19.0,43497261.0,58090443.0,18.75,8.87,3.24
Tanzanía,TZA,África al sur del Sahara (excluido altos ingresos),2019,20.0,47685232.0,59872579.0,5.26,9.63,3.07
Tanzanía,TZA,África al sur del Sahara (excluido altos ingresos),2020,22.0,51220233.0,61704518.0,10.0,7.41,3.06
Tanzanía,TZA,África al sur del Sahara (excluido altos ingresos),2021,,54044384.0,63588334.0,,5.51,3.05
Tayikistán,TJK,Europa y Asia central (excluido altos ingresos),2010,11.55,5940842.0,7621779.0,14.7,21.24,2.05
Tayikistán,TJK,Europa y Asia central (excluido altos ingresos),2011,13.03,6324000.0,7784819.0,12.81,6.45,2.14
Tayikistán,TJK,Europa y Asia central (excluido altos ingresos),2012,14.51,6528000.0,7956382.0,11.36,3.23,2.2
Tayikistán,TJK,Europa y Asia central (excluido altos ingresos),2013,16.0,7537100.0,8136610.0,10.27,15.46,2.27
Tayikistán,TJK,Europa y Asia central (excluido altos ingresos),2014,17.49,7999100.0,8326348.0,9.31,6.13,2.33
Tayikistán,TJK,Europa y Asia central (excluido altos ingresos),2015,18.98,8489000.0,8524063.0,8.52,6.12,2.37
Tayikistán,TJK,Europa y Asia central (excluido altos ingresos),2016,20.47,9400000.0,8725318.0,7.85,10.73,2.36
Tayikistán,TJK,Europa y Asia central (excluido altos ingresos),2017,21.96,9904000.0,8925525.0,7.28,5.36,2.29
Tayikistán,TJK,Europa y Asia central (excluido altos ingresos),2018,,10000000.0,9128132.0,,0.97,2.27
Tayikistán,TJK,Europa y Asia central (excluido altos ingresos),2019,,10995000.0,9337003.0,,9.95,2.29
Tayikistán,TJK,Europa y Asia central (excluido altos ingresos),2020,,11584000.0,9543207.0,,5.36,2.21
Tayikistán,TJK,Europa y Asia central (excluido altos ingresos),2021,,,9750064.0,,,2.17
Timor-Leste,TLS,Asia oriental y el Pacífico (excluido altos ingresos),2010,3.0,473020.0,1088486.0,50.0,34.81,2.15
Timor-Leste,TLS,Asia oriental y el Pacífico (excluido altos ingresos),2011,4.0,614151.0,1112976.0,33.33,29.84,2.25
Timor-Leste,TLS,Asia oriental y el Pacífico (excluido altos ingresos),2012,7.0,621000.0,1137676.0,75.0,1.12,2.22
Timor-Leste,TLS,Asia oriental y el Pacífico (excluido altos ingresos),2013,11.0,650000.0,1161555.0,57.14,4.67,2.1
Timor-Leste,TLS,Asia oriental y el Pacífico (excluido altos ingresos),2014,17.5,1375749.0,1184830.0,59.09,111.65,2.0
Timor-Leste,TLS,Asia oriental y el Pacífico (excluido altos ingresos),2015,18.6,1376669.0,1205813.0,6.29,0.07,1.77
Timor-Leste,TLS,Asia oriental y el Pacífico (excluido altos ingresos),2016,21.2,1492124.0,1224562.0,13.98,8.39,1.55
Timor-Leste,TLS,Asia oriental y el Pacífico (excluido altos ingresos),2017,24.2,1556624.0,1243235.0,14.15,4.32,1.52
Timor-Leste,TLS,Asia oriental y el Pacífico (excluido altos ingresos),2018,27.6,1468493.0,1261845.0,14.05,-5.66,1.5
Timor-Leste,TLS,Asia oriental y el Pacífico (excluido altos ingresos),2019,29.0,1425256.0,1280438.0,5.07,-2.94,1.47
Timor-Leste,TLS,Asia oriental y el Pacífico (excluido altos ingresos),2020,29.1,1377915.0,1299995.0,0.34,-3.32,1.53
Timor-Leste,TLS,Asia oriental y el Pacífico (excluido altos ingresos),2021,,1386172.0,1320942.0,,0.6,1.61
Togo,TGO,África al sur del Sahara (excluido altos ingresos),2010,3.0,2602283.0,6571855.0,15.38,18.97,2.71
Togo,TGO,África al sur del Sahara (excluido altos ingresos),2011,3.5,2695335.0,6748672.0,16.67,3.58,2.69
Togo,TGO,África al sur del Sahara (excluido altos ingresos),2012,4.0,3312239.0,6926635.0,14.29,22.89,2.64
Togo,TGO,África al sur del Sahara (excluido altos ingresos),2013,4.5,4262993.0,7106229.0,12.5,28.7,2.59
Togo,TGO,África al sur del Sahara (excluido altos ingresos),2014,5.7,4516114.0,7288383.0,26.67,5.94,2.56
Togo,TGO,África al sur del Sahara (excluido altos ingresos),2015,7.12,4855206.0,7473229.0,24.91,7.51,2.54
Togo,TGO,África al sur del Sahara (excluido altos ingresos),2016,11.31,5505424.0,7661354.0,58.85,13.39,2.52
Togo,TGO,África al sur del Sahara (excluido altos ingresos),2017,12.36,6069905.0,7852795.0,9.29,10.25,2.5
Togo,TGO,África al sur del Sahara (excluido altos ingresos),2018,15.5,6144507.0,8046679.0,25.4,1.23,2.47
Togo,TGO,África al sur del Sahara (excluido altos ingresos),2019,19.3,6239183.0,8243094.0,24.52,1.54,2.44
Togo,TGO,África al sur del Sahara (excluido altos ingresos),2020,24.0,6516510.0,8442580.0,24.35,4.44,2.42
Togo,TGO,África al sur del Sahara (excluido altos ingresos),2021,,,8644829.0,,,2.4
Tonga,TON,Asia oriental y el Pacífico (excluido altos ingresos),2010,16.0,54300.0,107383.0,60.0,2.45,0.22
Tonga,TON,Asia oriental y el Pacífico (excluido altos ingresos),2011,25.0,55000.0,107611.0,56.25,1.29,0.21
Tonga,TON,Asia oriental y el Pacífico (excluido altos ingresos),2012,30.0,56000.0,107502.0,20.0,1.82,-0.1
Tonga,TON,Asia oriental y el Pacífico (excluido altos ingresos),2013,32.75,57500.0,107089.0,9.18,2.68,-0.38
Tonga,TON,Asia oriental y el Pacífico (excluido altos ingresos),2014,35.95,68000.0,106626.0,9.77,18.26,-0.43
Tonga,TON,Asia oriental y el Pacífico (excluido altos ingresos),2015,38.65,73493.0,106122.0,7.5,8.08,-0.47
Tonga,TON,Asia oriental y el Pacífico (excluido altos ingresos),2016,39.95,80000.0,105707.0,3.36,8.85,-0.39
Tonga,TON,Asia oriental y el Pacífico (excluido altos ingresos),2017,41.25,107938.0,105415.0,3.25,34.92,-0.28
Tonga,TON,Asia oriental y el Pacífico (excluido altos ingresos),2018,,107938.0,105150.0,,0.0,-0.25
Tonga,TON,Asia oriental y el Pacífico (excluido altos ingresos),2019,,62104.0,104951.0,,-42.46,-0.19
Tonga,TON,Asia oriental y el Pacífico (excluido altos ingresos),2020,,62000.0,105254.0,,-0.17,0.29
Tonga,TON,Asia oriental y el Pacífico (excluido altos ingresos),2021,,64328.0,106017.0,,3.75,0.72
Trinidad y Tobago,TTO,,2010,48.5,1894240.0,1410296.0,9.48,2.59,0.65
Trinidad y Tobago,TTO,,2011,55.2,1826200.0,1420020.0,13.81,-3.59,0.69
Trinidad y Tobago,TTO,,2012,57.5,1883683.0,1430377.0,4.17,3.15,0.73
Trinidad y Tobago,TTO,,2013,59.9,1943873.0,1440729.0,4.17,3.2,0.72
Trinidad y Tobago,TTO,,2014,62.4,1980566.0,1450661.0,4.17,1.89,0.69
Trinidad y Tobago,TTO,,2015,65.1,2123374.0,1460177.0,4.33,7.21,0.66
Trinidad y Tobago,TTO,,2016,67.8,2165847.0,1469330.0,4.15,2.0,0.63
Trinidad y Tobago,TTO,,2017,70.6,2030637.0,1478607.0,4.13,-6.24,0.63
Trinidad y Tobago,TTO,,2018,,1972595.0,1504709.0,,-2.86,1.77
Trinidad y Tobago,TTO,,2019,,2163725.0,1519955.0,,9.69,1.01
Trinidad y Tobago,TTO,,2020,,1987996.0,1518147.0,,-8.12,-0.12
Trinidad y Tobago,TTO,,2021,,1996837.0,1525663.0,,0.44,0.5
Turkmenistán,TKM,Europa y Asia central (excluido altos ingresos),2010,3.0,3197624.0,5267970.0,53.85,49.92,1.68
Turkmenistán,TKM,Europa y Asia central (excluido altos ingresos),2011,5.0,5300000.0,5360811.0,66.67,65.75,1.76
Turkmenistán,TKM,Europa y Asia central (excluido altos ingresos),2012,7.2,5900000.0,5458682.0,43.92,11.32,1.83
Turkmenistán,TKM,Europa y Asia central (excluido altos ingresos),2013,9.6,6125300.0,5560095.0,33.41,3.82,1.86
Turkmenistán,TKM,Europa y Asia central (excluido altos ingresos),2014,12.2,7206100.0,5663152.0,27.08,17.64,1.85
Turkmenistán,TKM,Europa y Asia central (excluido altos ingresos),2015,15.0,7842000.0,5766431.0,22.92,8.82,1.82
Turkmenistán,TKM,Europa y Asia central (excluido altos ingresos),2016,17.99,8575000.0,5868561.0,19.96,9.35,1.77
Turkmenistán,TKM,Europa y Asia central (excluido altos ingresos),2017,21.25,9377000.0,5968383.0,18.12,9.35,1.7
Turkmenistán,TKM,Europa y Asia central (excluido altos ingresos),2018,,9377000.0,6065066.0,,0.0,1.62
Turkmenistán,TKM,Europa y Asia central (excluido altos ingresos),2019,,9377000.0,6158420.0,,0.0,1.54
Turkmenistán,TKM,Europa y Asia central (excluido altos ingresos),2020,,9377000.0,6250438.0,,0.0,1.49
Turkmenistán,TKM,Europa y Asia central (excluido altos ingresos),2021,,,6341855.0,,,1.46
Turquía,TUR,Europa y Asia central (excluido altos ingresos),2010,39.82,61769635.0,73195345.0,9.4,-1.61,1.34
Turquía,TUR,Europa y Asia central (excluido altos ingresos),2011,43.07,65321745.0,74173854.0,8.15,5.75,1.34
Turquía,TUR,Europa y Asia central (excluido altos ingresos),2012,45.13,67680547.0,75277439.0,4.79,3.61,1.49
Turquía,TUR,Europa y Asia central (excluido altos ingresos),2013,46.25,69661108.0,76576117.0,2.48,2.93,1.73
Turquía,TUR,Europa y Asia central (excluido altos ingresos),2014,51.04,71888416.0,78112073.0,10.36,3.2,2.01
Turquía,TUR,Europa y Asia central (excluido altos ingresos),2015,53.74,73639261.0,79646178.0,5.3,2.44,1.96
Turquía,TUR,Europa y Asia central (excluido altos ingresos),2016,58.35,75061699.0,81019394.0,8.56,1.93,1.72
Turquía,TUR,Europa y Asia central (excluido altos ingresos),2017,64.68,77800170.0,82089826.0,10.86,3.65,1.32
Turquía,TUR,Europa y Asia central (excluido altos ingresos),2018,71.04,80117999.0,82809304.0,9.83,2.98,0.88
Turquía,TUR,Europa y Asia central (excluido altos ingresos),2019,73.98,80790877.0,83481684.0,4.13,0.84,0.81
Turquía,TUR,Europa y Asia central (excluido altos ingresos),2020,77.67,82128104.0,84135428.0,4.99,1.66,0.78
Turquía,TUR,Europa y Asia central (excluido altos ingresos),2021,81.41,86288834.0,84775404.0,4.81,5.07,0.76
Tuvalu,TUV,Asia oriental y el Pacífico (excluido altos ingresos),2010,14.6,1600.0,10550.0,14.06,60.0,1.36
Tuvalu,TUV,Asia oriental y el Pacífico (excluido altos ingresos),2011,16.5,2130.0,10700.0,13.01,33.13,1.42
Tuvalu,TUV,Asia oriental y el Pacífico (excluido altos ingresos),2012,18.7,2800.0,10854.0,13.33,31.46,1.44
Tuvalu,TUV,Asia oriental y el Pacífico (excluido altos ingresos),2013,21.2,3400.0,10918.0,13.37,21.43,0.59
Tuvalu,TUV,Asia oriental y el Pacífico (excluido altos ingresos),2014,24.1,3800.0,10899.0,13.68,11.76,-0.17
Tuvalu,TUV,Asia oriental y el Pacífico (excluido altos ingresos),2015,27.3,6600.0,10877.0,13.28,73.68,-0.2
Tuvalu,TUV,Asia oriental y el Pacífico (excluido altos ingresos),2016,31.0,7600.0,10852.0,13.55,15.15,-0.23
Tuvalu,TUV,Asia oriental y el Pacífico (excluido altos ingresos),2017,35.2,8000.0,10828.0,13.55,5.26,-0.22
Tuvalu,TUV,Asia oriental y el Pacífico (excluido altos ingresos),2018,,8500.0,10865.0,,6.25,0.34
Tuvalu,TUV,Asia oriental y el Pacífico (excluido altos ingresos),2019,,9000.0,10956.0,,5.88,0.84
Tuvalu,TUV,Asia oriental y el Pacífico (excluido altos ingresos),2020,,9000.0,11069.0,,0.0,1.03
Tuvalu,TUV,Asia oriental y el Pacífico (excluido altos ingresos),2021,,,11204.0,,,1.22
Túnez,TUN,Oriente Medio y Norte de África (excluido altos ingresos),2010,36.8,11114206.0,10895063.0,8.01,13.44,1.03
Túnez,TUN,Oriente Medio y Norte de África (excluido altos ingresos),2011,39.1,12387656.0,11032528.0,6.25,11.46,1.26
Túnez,TUN,Oriente Medio y Norte de África (excluido altos ingresos),2012,41.44,12843889.0,11174383.0,5.99,3.68,1.29
Túnez,TUN,Oriente Medio y Norte de África (excluido altos ingresos),2013,43.8,12712365.0,11300284.0,5.69,-1.02,1.13
Túnez,TUN,Oriente Medio y Norte de África (excluido altos ingresos),2014,46.16,14283633.0,11428948.0,5.39,12.36,1.14
Túnez,TUN,Oriente Medio y Norte de África (excluido altos ingresos),2015,46.5,14595875.0,11557779.0,0.74,2.19,1.13
Túnez,TUN,Oriente Medio y Norte de África (excluido altos ingresos),2016,49.6,14282078.0,11685667.0,6.67,-2.15,1.11
Túnez,TUN,Oriente Medio y Norte de África (excluido altos ingresos),2017,55.5,14334080.0,11811443.0,11.9,0.36,1.08
Túnez,TUN,Oriente Medio y Norte de África (excluido altos ingresos),2018,64.19,14769594.0,11933041.0,15.66,3.04,1.03
Túnez,TUN,Oriente Medio y Norte de África (excluido altos ingresos),2019,66.7,14771048.0,12049314.0,3.91,0.01,0.97
Túnez,TUN,Oriente Medio y Norte de África (excluido altos ingresos),2020,71.9,14852857.0,12161723.0,7.8,0.55,0.93
Túnez,TUN,Oriente Medio y Norte de África (excluido altos ingresos),2021,,15644663.0,12262946.0,,5.33,0.83
Ucrania,UKR,Europa y Asia central (excluido altos ingresos),2010,23.3,53928830.0,45870741.0,30.17,-1.85,-0.4
Ucrania,UKR,Europa y Asia central (excluido altos ingresos),2011,28.71,55576481.0,45706086.0,23.21,3.06,-0.36
Ucrania,UKR,Europa y Asia central (excluido altos ingresos),2012,35.27,59343693.0,45593342.0,22.86,6.78,-0.25
Ucrania,UKR,Europa y Asia central (excluido altos ingresos),2013,40.95,62458800.0,45489648.0,16.12,5.25,-0.23
Ucrania,UKR,Europa y Asia central (excluido altos ingresos),2014,46.24,61170229.0,45272155.0,12.9,-2.06,-0.48
Ucrania,UKR,Europa y Asia central (excluido altos ingresos),2015,48.88,60720073.0,45154036.0,5.73,-0.74,-0.26
Ucrania,UKR,Europa y Asia central (excluido altos ingresos),2016,53.0,56717856.0,45004673.0,8.42,-6.59,-0.33
Ucrania,UKR,Europa y Asia central (excluido altos ingresos),2017,58.89,55714733.0,44831135.0,11.11,-1.77,-0.39
Ucrania,UKR,Europa y Asia central (excluido altos ingresos),2018,62.55,53933592.0,44622518.0,6.22,-3.2,-0.47
Ucrania,UKR,Europa y Asia central (excluido altos ingresos),2019,70.12,54842940.0,44386203.0,12.1,1.69,-0.53
Ucrania,UKR,Europa y Asia central (excluido altos ingresos),2020,75.04,53977690.0,44132049.0,7.01,-1.58,-0.57
Ucrania,UKR,Europa y Asia central (excluido altos ingresos),2021,,55925908.0,43792855.0,,3.61,-0.77
Uganda,UGA,África al sur del Sahara (excluido altos ingresos),2010,4.3,12828264.0,32341728.0,4.88,36.71,2.96
Uganda,UGA,África al sur del Sahara (excluido altos ingresos),2011,4.6,16696992.0,33295738.0,6.98,30.16,2.95
Uganda,UGA,África al sur del Sahara (excluido altos ingresos),2012,4.8,16356387.0,34273295.0,4.35,-2.04,2.94
Uganda,UGA,África al sur del Sahara (excluido altos ingresos),2013,5.1,18068648.0,35273570.0,6.25,10.47,2.92
Uganda,UGA,África al sur del Sahara (excluido altos ingresos),2014,5.4,20365941.0,36336539.0,5.88,12.71,3.01
Uganda,UGA,África al sur del Sahara (excluido altos ingresos),2015,5.7,20220273.0,37477356.0,5.56,-0.72,3.14
Uganda,UGA,África al sur del Sahara (excluido altos ingresos),2016,6.0,22838486.0,38748299.0,5.26,12.95,3.39
Uganda,UGA,África al sur del Sahara (excluido altos ingresos),2017,8.1,24948878.0,40127085.0,35.0,9.24,3.56
Uganda,UGA,África al sur del Sahara (excluido altos ingresos),2018,10.9,24472033.0,41515395.0,34.57,-1.91,3.46
Uganda,UGA,África al sur del Sahara (excluido altos ingresos),2019,14.7,25395503.0,42949080.0,34.86,3.77,3.45
Uganda,UGA,África al sur del Sahara (excluido altos ingresos),2020,6.1,27688987.0,44404611.0,-58.5,9.03,3.39
Uganda,UGA,África al sur del Sahara (excluido altos ingresos),2021,,30127704.0,45853778.0,,8.81,3.26
Uruguay,URY,,2010,46.4,4437158.0,3352651.0,11.0,7.92,0.25
Uruguay,URY,,2011,51.4,4757425.0,3361637.0,10.79,7.22,0.27
Uruguay,URY,,2012,54.45,4995459.0,3371133.0,5.93,5.0,0.28
Uruguay,URY,,2013,57.69,5267947.0,3381180.0,5.94,5.45,0.3
Uruguay,URY,,2014,61.46,5497094.0,3391662.0,6.53,4.35,0.31
Uruguay,URY,,2015,64.57,5165474.0,3402818.0,5.06,-6.03,0.33
Uruguay,URY,,2016,66.4,5116736.0,3413766.0,2.83,-0.94,0.32
Uruguay,URY,,2017,70.32,5097569.0,3422200.0,5.91,-0.37,0.25
Uruguay,URY,,2018,80.73,4459173.0,3427042.0,14.8,-12.52,0.14
Uruguay,URY,,2019,83.35,4526326.0,3428409.0,3.25,1.51,0.04
Uruguay,URY,,2020,86.1,4551276.0,3429086.0,3.3,0.55,0.02
Uruguay,URY,,2021,,4691277.0,3426260.0,,3.08,-0.08
Uzbekistán,UZB,Europa y Asia central (excluido altos ingresos),2010,15.9,20952000.0,28562400.0,33.61,27.62,2.86
Uzbekistán,UZB,Europa y Asia central (excluido altos ingresos),2011,18.6,25441789.0,29339400.0,16.98,21.43,2.72
Uzbekistán,UZB,Europa y Asia central (excluido altos ingresos),2012,23.6,20274090.0,29774500.0,26.88,-20.31,1.48
Uzbekistán,UZB,Europa y Asia central (excluido altos ingresos),2013,26.8,21500000.0,30243200.0,13.56,6.05,1.57
Uzbekistán,UZB,Europa y Asia central (excluido altos ingresos),2014,35.5,21639200.0,30757700.0,32.46,0.65,1.7
Uzbekistán,UZB,Europa y Asia central (excluido altos ingresos),2015,42.8,21783300.0,31298900.0,20.56,0.67,1.76
Uzbekistán,UZB,Europa y Asia central (excluido altos ingresos),2016,46.79,23265389.0,31847900.0,9.33,6.8,1.75
Uzbekistán,UZB,Europa y Asia central (excluido altos ingresos),2017,48.7,24265460.0,32388600.0,4.08,4.3,1.7
Uzbekistán,UZB,Europa y Asia central (excluido altos ingresos),2018,55.2,23226156.0,32956100.0,13.35,-4.28,1.75
Uzbekistán,UZB,Europa y Asia central (excluido altos ingresos),2019,70.4,33380000.0,33580350.0,27.54,43.72,1.89
Uzbekistán,UZB,Europa y Asia central (excluido altos ingresos),2020,71.1,33387000.0,34232050.0,0.99,0.02,1.94
Uzbekistán,UZB,Europa y Asia central (excluido altos ingresos),2021,,35069000.0,34915100.0,,5.04,2.0
Vanuatu,VUT,Asia oriental y el Pacífico (excluido altos ingresos),2010,8.0,169935.0,245453.0,6.67,29.05,2.4
Vanuatu,VUT,Asia oriental y el Pacífico (excluido altos ingresos),2011,9.2,136956.0,251294.0,15.0,-19.41,2.38
Vanuatu,VUT,Asia oriental y el Pacífico (excluido altos ingresos),2012,10.6,146084.0,257313.0,15.2,6.66,2.4
Vanuatu,VUT,Asia oriental y el Pacífico (excluido altos ingresos),2013,11.3,127244.0,263534.0,6.62,-12.9,2.42
Vanuatu,VUT,Asia oriental y el Pacífico (excluido altos ingresos),2014,18.8,156051.0,269927.0,66.37,22.64,2.43
Vanuatu,VUT,Asia oriental y el Pacífico (excluido altos ingresos),2015,22.35,174818.0,276438.0,18.89,12.03,2.41
Vanuatu,VUT,Asia oriental y el Pacífico (excluido altos ingresos),2016,24.0,218603.0,283218.0,7.38,25.05,2.45
Vanuatu,VUT,Asia oriental y el Pacífico (excluido altos ingresos),2017,25.72,228016.0,290239.0,7.17,4.31,2.48
Vanuatu,VUT,Asia oriental y el Pacífico (excluido altos ingresos),2018,,251428.0,297298.0,,10.27,2.43
Vanuatu,VUT,Asia oriental y el Pacífico (excluido altos ingresos),2019,,265219.0,304404.0,,5.49,2.39
Vanuatu,VUT,Asia oriental y el Pacífico (excluido altos ingresos),2020,,246232.0,311685.0,,-7.16,2.39
Vanuatu,VUT,Asia oriental y el Pacífico (excluido altos ingresos),2021,,249868.0,319137.0,,1.48,2.39
Venezuela,VEN,,2010,37.37,27880132.0,28715022.0,14.28,-0.87,1.37
Venezuela,VEN,,2011,40.22,28781999.0,29096159.0,7.63,3.23,1.33
Venezuela,VEN,,2012,49.05,30569073.0,29470426.0,21.95,6.21,1.29
Venezuela,VEN,,2013,54.9,30896079.0,29838021.0,11.93,1.07,1.25
Venezuela,VEN,,2014,57.0,30528022.0,30193258.0,3.83,-1.19,1.19
Venezuela,VEN,,2015,58.0,29093517.0,30529716.0,1.75,-4.7,1.11
Venezuela,VEN,,2016,60.0,27600893.0,30741464.0,3.45,-5.13,0.69
Venezuela,VEN,,2017,61.6,24493687.0,30563433.0,2.67,-11.26,-0.58
Venezuela,VEN,,2018,,20731169.0,29825653.0,,-15.36,-2.41
Venezuela,VEN,,2019,,18476236.0,28971683.0,,-10.88,-2.86
Venezuela,VEN,,2020,,16543805.0,28490453.0,,-10.46,-1.66
Venezuela,VEN,,2021,,16631275.0,28199867.0,,0.53,-1.02
Viet Nam,VNM,Asia oriental y el Pacífico (excluido altos ingresos),2010,30.65,111570201.0,87411012.0,15.44,13.59,1.07
Viet Nam,VNM,Asia oriental y el Pacífico (excluido altos ingresos),2011,35.07,127318045.0,88349117.0,14.42,14.11,1.07
Viet Nam,VNM,Asia oriental y el Pacífico (excluido altos ingresos),2012,36.8,131673724.0,89301326.0,4.93,3.42,1.08
Viet Nam,VNM,Asia oriental y el Pacífico (excluido altos ingresos),2013,38.5,123735557.0,90267739.0,4.62,-6.03,1.08
Viet Nam,VNM,Asia oriental y el Pacífico (excluido altos ingresos),2014,41.0,136148124.0,91235504.0,6.49,10.03,1.07
Viet Nam,VNM,Asia oriental y el Pacífico (excluido altos ingresos),2015,45.0,120324052.0,92191398.0,9.76,-11.62,1.05
Viet Nam,VNM,Asia oriental y el Pacífico (excluido altos ingresos),2016,53.0,120600235.0,93126529.0,17.78,0.23,1.01
Viet Nam,VNM,Asia oriental y el Pacífico (excluido altos ingresos),2017,58.14,120016181.0,94033048.0,9.7,-0.48,0.97
Viet Nam,VNM,Asia oriental y el Pacífico (excluido altos ingresos),2018,69.85,140639140.0,94914330.0,20.14,17.18,0.94
Viet Nam,VNM,Asia oriental y el Pacífico (excluido altos ingresos),2019,68.66,136230406.0,95776716.0,-1.7,-3.13,0.91
Viet Nam,VNM,Asia oriental y el Pacífico (excluido altos ingresos),2020,70.3,138934626.0,96648685.0,2.39,1.99,0.91
Viet Nam,VNM,Asia oriental y el Pacífico (excluido altos ingresos),2021,74.21,135349460.0,97468029.0,5.56,-2.58,0.85
"Yemen, Rep. del",YEM,Oriente Medio y Norte de África (excluido altos ingresos),2010,12.35,11085000.0,24743946.0,24.0,33.35,2.97
"Yemen, Rep. del",YEM,Oriente Medio y Norte de África (excluido altos ingresos),2011,14.91,11668000.0,25475610.0,20.69,5.26,2.96
"Yemen, Rep. del",YEM,Oriente Medio y Norte de África (excluido altos ingresos),2012,17.45,13900000.0,26223391.0,17.05,19.13,2.94
"Yemen, Rep. del",YEM,Oriente Medio y Norte de África (excluido altos ingresos),2013,20.0,16844700.0,26984002.0,14.64,21.18,2.9
"Yemen, Rep. del",YEM,Oriente Medio y Norte de África (excluido altos ingresos),2014,22.55,17100000.0,27753304.0,12.75,1.52,2.85
"Yemen, Rep. del",YEM,Oriente Medio y Norte de África (excluido altos ingresos),2015,24.09,15021953.0,28516545.0,6.81,-12.15,2.75
"Yemen, Rep. del",YEM,Oriente Medio y Norte de África (excluido altos ingresos),2016,24.58,16433055.0,29274002.0,2.05,9.39,2.66
"Yemen, Rep. del",YEM,Oriente Medio y Norte de África (excluido altos ingresos),2017,26.72,15357868.0,30034389.0,8.7,-6.54,2.6
"Yemen, Rep. del",YEM,Oriente Medio y Norte de África (excluido altos ingresos),2018,,15297789.0,30790513.0,,-0.39,2.52
"Yemen, Rep. del",YEM,Oriente Medio y Norte de África (excluido altos ingresos),2019,,15238000.0,31546691.0,,-0.39,2.46
"Yemen, Rep. del",YEM,Oriente Medio y Norte de África (excluido altos ingresos),2020,,15178000.0,32284046.0,,-0.39,2.34
"Yemen, Rep. del",YEM,Oriente Medio y Norte de África (excluido altos ingresos),2021,,,32981641.0,,,2.16
Zambia,ZMB,África al sur del Sahara (excluido altos ingresos),2010,3.0,5446991.0,13792086.0,20.0,23.61,3.56
Zambia,ZMB,África al sur del Sahara (excluido altos ingresos),2011,3.5,8164553.0,14265814.0,16.67,49.89,3.43
Zambia,ZMB,África al sur del Sahara (excluido altos ingresos),2012,4.1,10524676.0,14744658.0,17.14,28.91,3.36
Zambia,ZMB,África al sur del Sahara (excluido altos ingresos),2013,4.8,10395801.0,15234976.0,17.07,-1.22,3.33
Zambia,ZMB,África al sur del Sahara (excluido altos ingresos),2014,6.5,10114867.0,15737793.0,35.42,-2.7,3.3
Zambia,ZMB,África al sur del Sahara (excluido altos ingresos),2015,8.8,11557725.0,16248230.0,35.38,14.26,3.24
Zambia,ZMB,África al sur del Sahara (excluido altos ingresos),2016,10.3,12017034.0,16767761.0,17.05,3.97,3.2
Zambia,ZMB,África al sur del Sahara (excluido altos ingresos),2017,12.2,13438539.0,17298054.0,18.45,11.83,3.16
Zambia,ZMB,África al sur del Sahara (excluido altos ingresos),2018,14.3,15470270.0,17835893.0,17.21,15.12,3.11
Zambia,ZMB,África al sur del Sahara (excluido altos ingresos),2019,16.8,17220607.0,18380477.0,17.48,11.31,3.05
Zambia,ZMB,África al sur del Sahara (excluido altos ingresos),2020,19.8,19104208.0,18927715.0,17.86,10.94,2.98
Zambia,ZMB,África al sur del Sahara (excluido altos ingresos),2021,,20247111.0,19473125.0,,5.98,2.88
Zimbabwe,ZWE,África al sur del Sahara (excluido altos ingresos),2010,6.4,7700000.0,12839771.0,60.0,92.93,1.26
Zimbabwe,ZWE,África al sur del Sahara (excluido altos ingresos),2011,8.4,9200000.0,13025785.0,31.25,19.48,1.45
Zimbabwe,ZWE,África al sur del Sahara (excluido altos ingresos),2012,12.0,12613935.0,13265331.0,42.86,37.11,1.84
Zimbabwe,ZWE,África al sur del Sahara (excluido altos ingresos),2013,15.5,13633167.0,13555422.0,29.17,8.08,2.19
Zimbabwe,ZWE,África al sur del Sahara (excluido altos ingresos),2014,16.36,11798652.0,13855753.0,5.58,-13.46,2.22
Zimbabwe,ZWE,África al sur del Sahara (excluido altos ingresos),2015,22.74,12757410.0,14154937.0,38.97,8.13,2.16
Zimbabwe,ZWE,África al sur del Sahara (excluido altos ingresos),2016,23.12,12878926.0,14452704.0,1.66,0.95,2.1
Zimbabwe,ZWE,África al sur del Sahara (excluido altos ingresos),2017,24.4,14092104.0,14751101.0,5.54,9.42,2.06
Zimbabwe,ZWE,África al sur del Sahara (excluido altos ingresos),2018,25.0,12908992.0,15052184.0,2.46,-8.4,2.04
Zimbabwe,ZWE,África al sur del Sahara (excluido altos ingresos),2019,25.1,13195902.0,15354608.0,0.4,2.22,2.01
Zimbabwe,ZWE,África al sur del Sahara (excluido altos ingresos),2020,29.3,13191708.0,15669666.0,16.73,-0.03,2.05
Zimbabwe,ZWE,África al sur del Sahara (excluido altos ingresos),2021,,14257590.0,15993524.0,,8.08,2.07
